:040000006F70C02538
:100004000000000000000000CE170000D21700001E
:10001400000000005A720000000000000000000010
:100024005A7200005A720000000000000000000034
:100034005A720000000000005A7200000000000024
:100044005A7200005A7200005A7200005A7200007C
:100054005A7200005A7200005A7200005A7200006C
:100064005A7200005A7200005A7200005A7200005C
:100074005A7200005A7200005A7200005A7200004C
:100084005A7200005A7200005A7200005A7200003C
:100094005A7200005A7200005A7200005A7200002C
:1000A4005A7200005A7200005A7200005A7200001C
:1000B4005A7200005A7200005A7200005A7200000C
:1000C4005A7200005A7200005A7200005A720000FC
:1000D4005A7200005A7200005A7200005A720000EC
:1000E4005A7200005A7200005A7200005A720000DC
:1000F4005A7200005A7200005A7200005A720000CC
:10010400000000005A7200005A7200005A72000087
:100114005A7200005A7200005A7200005A720000AB
:100124005A7200005A7200005A7200005A7200009B
:100134005A7200005A7200005A7200005A7200008B
:100144005A7200005A7200005A7200005A7200007B
:100154005A7200005A7200005A7200005A7200006B
:100164005A7200005A7200005A7200005A7200005B
:100174005A7200005A7200005A7200005A7200004B
:100184005A7200005A7200005A7200005A7200003B
:100194005A7200005A7200005A7200005A7200002B
:1001A400000000000000000000000000000000004B
:0C01B4000000000000000000000000003F
:1001C000011122CE00102326A4FE8327C4FE99E34A
:1001D000814735A00327C4FEBD4763E0E7028327BC
:1001E000C4FE1387F7FF8327C4FEF98F99C78327BF
:1001F000C4FE0547B317F70019A08327C4FE3E8548
:10020000724405618280011106CE22CC00102326A3
:10021000A4FE2324B4FE832784FE99E3814799A892
:100220000327C4FEB7070140636EF7000327C4FE2F
:10023000B70702406378F7008545032584FEEF5039
:10024000100305A80327C4FEB7070040636EF7003C
:100250000327C4FEB70701406378F70085450325EF
:1002600084FEEF50B00231A08545032584FEEF5097
:10027000207E81473E85F24062440561828079712B
:1002800006D622D40018232EA4FC232CB4FC8327EA
:1002900084FD2326F4FE8327C4FEA1EF232404FE5D
:1002A0003DA8178700001307E732832784FE8A07DB
:1002B000BA979C430327C4FD631EF700178700000D
:1002C00013078732832784FE8A07BA979C43232625
:1002D000F4FE19A8832784FE85072324F4FE032750
:1002E00084FE9147E3FFE7FA8327C4FE99E3A95709
:1002F00039A085450325C4FEEF50607781473E85D0
:10030000B250225445618280797122D60018232E82
:10031000A4FCB7170240DC432322F4FE9707002019
:10032000938747D69C43032744FE11833D8B9786D2
:1003300000009386A62C369703470700B3D7E70043
:100340002326F4FE0327C4FDB7070140636FF700BF
:100350000327C4FDB70702406379F700832744FEF3
:10036000AD839D8B2324F4FE39A0832744FEA18313
:100370009D8B2324F4FE032784FE8D4763FBE70057
:10038000832784FEF5170327C4FEB357F7002326FF
:10039000F4FE8327C4FE3E85325445618280797124
:1003A00006D622D40018232EA4FCB7170240DC4343
:1003B0002324F4FE0327C4FDB7070140636FF70051
:1003C0000327C4FDB70702406379F700832784FE43
:1003D000AD839D8B2326F4FE39A0832784FEA18361
:1003E0009D8B2326F4FE0325C4FD393F2322A4FE62
:1003F0000327C4FE8D4763F6E700832744FE860784
:1004000019A0832744FE3E85B25022544561828064
:10041000397106DE22DC8000232EA4FC232CB4FCE0
:10042000232AC4FC2328D4FC2326E4FC8327C4FD10
:100430002326F4FE832784FDC207C1832310F4FE24
:10044000832704FD81C7832704FD11A08D47232244
:10045000F4FE832744FD2324F4FE930704FEBE85A7
:100460000325C4FEEF40304D032744FD930780046D
:100470006308F700032744FD930780026311F70226
:100480008327C4FC918B99C78327C4FE032784FD6F
:1004900098CB31A08327C4FE032784FDD8CB8147A6
:1004A0003E85F250625421618280797122D6001813
:1004B000232EA4FC232604FE232404FEA9A81387CC
:1004C0000188832784FE8E07BA979C430327C4FDC7
:1004D000631AF700832784FE1397370093870188F8
:1004E000BA97A9A88327C4FE95E3138701888327B9
:1004F00084FE8E07BA97DC4391EB832784FE139723
:10050000370093870188BA972326F4FE832784FE59
:1005100085072324F4FE032784FE8D47E3F1E7FAE1
:100520008327C4FE91CB8327C4FE0327C4FD98C351
:100530008327C4FE23A207008327C4FE3E853254CE
:1005400045618280797122D60018232EA4FC2326CF
:1005500004FE9DA8138701888327C4FE8E07BA97DF
:100560009C430327C4FD631CF7041387018883277A
:10057000C4FE8E07BA97DC436353F00413870188E7
:100580008327C4FE8E07BA97DC431387F7FF938651
:1005900001888327C4FE8E07B697D8C313870188C6
:1005A0008327C4FE8E07BA97DC438DE71387018843
:1005B0008327C4FE8E07BA9723A0070021A88327AC
:1005C000C4FE85072326F4FE0327C4FE8D47E3F30C
:1005D000E7F811A00100325445618280011122CE5A
:1005E00000102326A4FE2324B4FE032784FE914793
:1005F000630BF704032784FE914763EBE7040327AB
:1006000084FE8D47630CF702032784FE8D4763E168
:10061000E704032784FE85476308F700032784FE69
:1006200089476308F7002DA08327C4FE93874703FB
:100630000DA08327C4FE9387870321A88327C4FEC8
:100640009387C70339A08327C4FE9387070411A0AB
:1006500081473E857244056182805D7186C6A2C471
:10066000A6C28008232EA4FA232CB4FA8547232699
:10067000F4FE91AC832784FBD8578327C4FEB3577D
:10068000F700858B638B07228327C4FEFD17232287
:10069000F4FE832744FE960793870703032784FB12
:1006A000BA972320F4FE032744FEBA878607BA9739
:1006B0008E079387070B032784FBBA97232EF4FC3E
:1006C000832744FE9D07960793870703032784FB30
:1006D000BA97232CF4FC930744FC414681453E85A0
:1006E000EF603035832704FEDC4399C7832704FE7F
:1006F000DC43C207C18319A0930700062312F4FC50
:10070000832704FE9C4799C7832704FE9C47C207A2
:10071000C18311A085472313F4FC8327C4FDDC4B60
:1007200089CF832704FEDC4B99C7832704FEDC4B6B
:10073000C207C18321A0914711A081472314F4FC73
:10074000832704FE9C43C207C1832315F4FC83273F
:1007500004FEDC4799C7832704FEDC47C207C18338
:1007600011A081472316F4FC832704FE9C4F99C7F0
:10077000832704FE9C4FC207C18311A08147231722
:10078000F4FC832704FE9C4BC207C1832318F4FCAE
:10079000832704FEDC4FC207C1832319F4FC03271F
:1007A000C4FE8D47630CF7040327C4FE8D4763E442
:1007B000E7060327C4FE85476308F7000327C4FE46
:1007C00089476300F70281A8930744FCBE8503258F
:1007D000C4FBEF50B065A1450325C4FBEF60804A20
:1007E00081A8930744FCBE850325C4FBEF50506EDF
:1007F000A1450325C4FBEF60004A1DA8930744FCF4
:10080000BE850325C4FBEF50307AA1450325C4FB08
:10081000EF60004A31A8930744FCBE850325C4FB62
:10082000EF60E005A1450325C4FBEF6080490100AE
:10083000832784FD9C43D9C3832784FD9843832762
:1008400084FD9C47BE853A851D3C232AA4FC832752
:1008500044FD81C7832744FDADA8832784FD9C4FB9
:1008600089C7832784FD9C4F21A0832784FDDC4713
:100870002324F4FE832784FE81E7E1472324F4FE4A
:10088000832784FD8443832784FD83D747003E85E7
:10089000053AAA85832784FDD44B832784FDDC4F4A
:1008A0003E87032684FE2685A536232AA4FC8327BB
:1008B00044FD89C7832744FD29A801008327C4FE7E
:1008C00085072326F4FE0327C4FE9147E3F4E7DA05
:1008D00081473E85B64026449644616182803971E5
:1008E00006DE22DC80002326A4FC8327C4FC9C4374
:1008F0002326F4FE8327C4FE2324F4FE8327C4FCAE
:10090000DC43BE850325C4FEFD382322A4FE8327D5
:1009100044FE81C7832744FEA1AA930784FD29468C
:1009200081453E85EF60F0108327C4FCDC4BC20795
:10093000C183231CF4FC8327C4FC9C4F99C78327E5
:10094000C4FC9C4FC207C18311A08147231DF4FC46
:100950008327C4FCDC4FC207C183231EF4FC83271A
:10096000C4FC9C53C207C183231FF4FC8327C4FC2F
:10097000DC5393F7F70F2300F4FE930784FDBE8545
:10098000032584FEEF5090388325C4FC032584FEA4
:10099000E9312322A4FE832744FE81C7832744FE36
:1009A000C1A88327C4FC83A7871AC207C18393F712
:1009B000F70F139707014183832784FE2392E704EF
:1009C0008327C4FC83A747198DC3832784FE83D75D
:1009D00047041397070141838567D98F1397070150
:1009E0004183832784FE2392E7048327C4FC83A7E3
:1009F00007198DC3832784FE83D747041397070104
:100A000041839167D98F139707014183832784FE20
:100A10002392E704832784FE83D7470413970701B3
:100A20004183E177D98F139707014183832784FEA0
:100A30002392E7048327C4FC9C4B8DC7832784FE45
:100A400083D7C7001397070141838327C4FC9C4BBE
:100A5000C207C183D98F139707014183832784FE7F
:100A60002396E7008545032584FEEF60A077814744
:100A70003E85F250625421618280011122CE001025
:100A80002326A4FE2324B4FE2322C4FE8327C4FE0F
:100A900081C7832744FE99E3A9572DA08327C4FE6D
:100AA000032744FE98C38327C4FE032784FED8C3CC
:100AB000832784FE99C7832744FE9843832784FEB7
:100AC00098C381473E85724405618280011122CE20
:100AD00000102326A4FE8327C4FE99E3A95711A87A
:100AE0008327C4FE23A007008327C4FE23A2070098
:100AF00081473E85724405618280797106D622D491
:100B00000018232EA4FC8327C4FD89C78327C4FDB6
:100B10009C4399E3A95781A88327C4FD9C439C4328
:100B20003E8561322326A4FE8327C4FE99E3D15774
:100B30001DA88327C4FEDC4391EF8327C4FD9C439B
:100B40003E85713B2324A4FE832784FE81C783272F
:100B500084FE11A88327C4FEDC4313871700832774
:100B6000C4FED8C381473E85B2502254456182807D
:100B7000797106D622D40018232EA4FC8327C4FD45
:100B800089C78327C4FD9C4399E3A9572DA88327D0
:100B9000C4FD9C439C432326F4FE0325C4FE5D3222
:100BA0000325C4FE19322324A4FE832784FE89C7AB
:100BB000832784FEDC4399E78327C4FE81453E8575
:100BC000EF50506081473E85B2502254456182808B
:100BD000397106DE22DC80002326A4FC2324B4FC29
:100BE0002322C4FC2320D4FC8327C4FC89C7832789
:100BF000C4FC9C4399E3A957FDA88327C4FC9C43EC
:100C00009C43832584FC3E85D13A2324A4FE83277C
:100C100084FE81C7832744FC99E3A957E9A8832769
:100C2000C4FC9C439C432322F4FE8327C4FC9C43C6
:100C30009C433E85EFF0AFF62320A4FE032704FE7D
:100C4000832744FCB357F702C183232EF4FC832788
:100C5000C4FD13871700832744FCB307F70203275B
:100C600004FEB357F702FD17232CF4FC832784FD01
:100C700099E3A95749A08327C4FD1397070141832E
:100C8000832744FE2394E702832784FD13970701FB
:100C90004183832744FE2396E702032704FC93073E
:100CA000400663EDE700032784FD832704FC330738
:100CB000F70293074006B357F70219A0832704FCF5
:100CC0002326F4FE0327C4FE832784FD63F6E70092
:100CD000832784FD2326F4FE8327C4FE1397070190
:100CE0004183832784FE2390E700832744FE054742
:100CF000239AE70081473E85F25062542161828049
:100D0000797122D60018232EA4FC232CB4FC83274F
:100D1000C4FD89C78327C4FD9C4399E3A9571DA837
:100D20008327C4FD9C439C432326F4FE8327C4FEF3
:100D300083D7C700139707014183832784FDC20728
:100D4000C183D98F1397070141838327C4FE23965C
:100D5000E70081473E85325445618280797122D611
:100D60000018232EA4FC232CB4FC8327C4FD81CBC4
:100D70008327C4FD9C4381C7832784FD99E3A9573A
:100D800015A08327C4FD9C439C432326F4FE8327A0
:100D9000C4FE83D74702C207C1833E87832784FDF1
:100DA00098C381473E85325445618280797106D669
:100DB00022D40018232EA4FC232CB4FC232AC4FC28
:100DC0008327C4FD81CB8327C4FD9C4381C7832730
:100DD00044FD99E3A95725A88327C4FD9C439C4360
:100DE000832584FD3E85EFF06FFF2326A4FE832735
:100DF000C4FE99E3A95721A88327C4FE83D707001F
:100E0000C207C1833E87832744FD98C381473E853F
:100E1000B250225445618280011106CE22CC0010CE
:100E20002326A4FE2324B4FE832584FE0325C4FECA
:100E30003537AA873E85F240624405618280011100
:100E400022CE00102326A4FE2324B4FE930780FAAA
:100E50003E85724405618280797106D622D40018DD
:100E6000232EA4FC8327C4FD89C78327C4FD9C438C
:100E700099E3A9570DA08327C4FD9C439C432326D7
:100E8000F4FE8327C4FE2390070281450325C4FE98
:100E9000EF50503381473E85B250225445618280E5
:100EA000797106D622D40018232EA4FC232CB4FC7E
:100EB0008327C4FD89C78327C4FD9C4399E3A957B1
:100EC00071A0032784FD9147630AF702032784FD7D
:100ED000914763E9E702032784FD85476308F7002C
:100EE000032784FD89476307F70029A88547232640
:100EF000F4FE19A889472326F4FE39A08D4723263E
:100F0000F4FE19A0A95799A08327C4FD9C439C43D4
:100F10002324F4FE832784FE83D78700C207C1837E
:100F2000E19B1397070141838327C4FEC207C18356
:100F3000D98F139707014183832784FE2394E70009
:100F40008545032584FEEF50F02781473E85B2504A
:100F5000225445618280011122CE00102326A4FE76
:100F6000930780FA3E85724405618280011122CE8A
:100F700000102326A4FE2324B4FE8327C4FE89C7C1
:100F80008327C4FE9C4399E3A95729A88327C4FE5D
:100F90009C439C433E87832784FEC207C183231260
:100FA000F70281473E85724405618280011122CE9D
:100FB00000102326A4FE2324B4FE8327C4FE89C781
:100FC0008327C4FE9C4399E3A95729A88327C4FE1D
:100FD0009C439C433E87832784FEC207C18323161C
:100FE000F70281473E85724405618280011122CE5D
:100FF00000102326A4FE2324B4FE8327C4FE81CB45
:101000008327C4FE9C4381C7832784FE99E3A957A5
:1010100031A88327C4FE9C439C4383D7C702C207E1
:10102000C1833E87832784FE98C381473E857244EF
:1010300005618280011122CE00102326A4FE232404
:10104000B4FE8327C4FE89C78327C4FE9C4399E36B
:10105000A95729A88327C4FE9C439C433E87832726
:1010600084FEC207C1832314F70281473E85724480
:1010700005618280011122CE00102326A4FE2324C4
:10108000B4FE8327C4FE81CB8327C4FE9C4381C763
:10109000832784FE99E3A95731A88327C4FE9C4384
:1010A0009C4383D78702C207C1833E87832784FE80
:1010B00098C381473E85724405618280797122D64A
:1010C0000018232EA4FC232CB4FC8327C4FD89C75D
:1010D0008327C4FD9C4399E3A95799A08327C4FDA6
:1010E0009C439C432326F4FE8327C4FE83D707003A
:1010F000C207C18393F7F7CF139707014183832773
:1011000084FDC207C18393F70730C207C183D98F1B
:101110001397070141838327C4FE2390E70081478B
:101120003E85325445618280011122CE0010232673
:10113000A4FE2324B4FE8327C4FE81CB8327C4FEF0
:101140009C4381C7832784FE99E3A95739A8832745
:10115000C4FE9C439C4383D70700C207C18313F797
:101160000730832784FE98C381473E85724405611A
:101170008280797122D60018232EA4FC232CB4FC83
:101180008327C4FD89C78327C4FD9C4399E3A957DE
:10119000BDA08327C4FD9C439C432326F4FE8327E4
:1011A00084FD93F707062324F4FE032784FDC1473B
:1011B0006314F700C14711A081472322F4FE83275F
:1011C000C4FE83D70700C207C18393F7F7F81397CC
:1011D00007014183832784FEC207C183D98F1397F8
:1011E00007014183832744FEC207C183D98F139728
:1011F000070141838327C4FE2390E70081473E8592
:10120000325445618280797122D60018232EA4FCC5
:10121000232CB4FC8327C4FD81CB8327C4FD9C43CE
:1012200081C7832784FD99E3A9571DA08327C4FDA7
:101230009C439C4383D70700C207C1832326F4FE47
:101240008327C4FE13F70707832784FD98C38147CC
:101250003E85325445618280797122D60018232E52
:10126000A4FC8327C4FD89C78327C4FD9C4399E35D
:10127000A9573DA08327C4FD9C439C432326F4FE2D
:101280008327C4FE83D70700C207C18393E70708FB
:101290001397070141838327C4FE2390E70081470A
:1012A0003E85325445618280797122D60018232E02
:1012B000A4FC8327C4FD89C78327C4FD9C4399E30D
:1012C000A9573DA08327C4FD9C439C432326F4FEDD
:1012D0008327C4FE83D70700C207C18393F7F7F7BC
:1012E0001397070141838327C4FE2390E7008147BA
:1012F0003E85325445618280011106CE22CC001019
:101300002326A4FE8327C4FE89C78327C4FE9C43EB
:1013100099E3A95711A88327C4FE9C439C438545A4
:101320003E85EF50206A81473E85F2406244056168
:101330008280011106CE22CC00102326A4FE832732
:10134000C4FE89C78327C4FE9C4399E3A95711A80B
:101350008327C4FE9C439C4381453E85EF508066B5
:1013600081473E85F240624405618280797106D6EC
:1013700022D40018232EA4FC8327C4FD89C7832709
:10138000C4FD9C4399E3A9573DA08327C4FD9C431A
:101390009C432326F4FE8327C4FE83D70701C2079C
:1013A000C183858B99E3ED5739A085450325C4FE9C
:1013B000EF50506381473E85B25022544561828090
:1013C000411102C602C4371702401C43C166D58FC3
:1013D0001CC3B71702409C4337070200F98F3EC475
:1013E000B24785073EC6A24789E732478567E312C1
:1013F000F7FEB71702409C4337070200F98F89CBED
:1014000085473EC4224785476306F7004101828035
:1014100002C4CDBFB7170240D843D8C3D843D8C3FE
:10142000D84313670740D8C3D843B706C1FFFD169A
:10143000758FD8C3D843B7062900558FD8C39843B2
:10144000B7060001558F98C3B71702409C43370772
:101450000002F98FF5DBB7170240D843719BD8C360
:10146000D84313672700D8C3B7170240DC43B18BBA
:101470002147E39BE7FE59BF411106C69137B240B1
:1014800041018280411106C6B71702409843136795
:10149000170098C3D843B706FFF8758FD8C3984391
:1014A000B706F7FEFD16758F98C39843B706FCFF85
:1014B000FD16758F98C3D843B70681FFFD16758F4B
:1014C000D8C39843B70600ECFD16758F98C337074D
:1014D000FF0098C723A607024537B240410182802A
:1014E000B7170240DC43B18B1147638CE7042147F7
:1014F0006382E70691CBB7177A009387072017F727
:10150000FF1F2321F7B809A8B7177A009387072090
:1015100017F7FF1F2328F7B6B7170240DC43918364
:10152000BD8B17F7FF1F1307E7ADBA9783C60700F8
:1015300017F7FF1F130707B51C43B3D7D7001CC30A
:101540008280B7177A009387072017F7FF1F232B96
:10155000F7B2D9B7371702405C435843C166758F5D
:10156000C983BD8B890789466386D704BD466385D9
:10157000D704C1466385D704814645466384C704C2
:1015800039EF3747024003270780418B15CF3717C4
:101590007A0013070720B387E70217F7FF1F2323FB
:1015A000F7AEBDDA17F7FF1F1307C7AD1C438583DE
:1015B0001CC39DB7C94775BF8546B5477DBF8146EA
:1015C000BD477DBFC1476DBF37173D00130707906B
:1015D000B387E70217F7FF1F2326F7AAD9B73717F4
:1015E0000240584337060200718F01CF37173D0084
:1015F00013070790B387E70217F7FF1F2324F7A805
:101600004DB737177A0013070720B387E70217F79C
:10161000FF1F2329F7A671B797F7FF1F83A787A698
:1016200037177A0013070720B3D7E70293F7F70FAE
:101630002381F1841307803EB387E70217F7FF1F6A
:101640002312F7A88280B7F700E0D843799BD8C36C
:1016500003C721843306A702814690CBD4CB98439D
:101660001367070198C398431367170298C3B7F726
:1016700000E0DC43858BE5DF37F700E01C43F99B96
:101680001CC38280B7F700E0D843799BD8C317F713
:10169000FF1F035727A33306A702814690CBD4CB65
:1016A00098431367070198C398431367170298C3B9
:1016B000B7F700E0DC43858BE5DF37F700E01C433C
:1016C000F99B1CC38280797106D622D42A84854571
:1016D00011651105EF40A03993070020231AF1008E
:1016E0008D473ECCE1473ECE4C08371501401305EF
:1016F0000580EF30502422C223140100231501007D
:101700002316010023180100A1472317F1004C0004
:101710003744014013050480EF40407B85451305A5
:101720000480EF40500DB250225445618280411137
:1017300006C6B70700E023A00738F93D05459937ED
:10174000B24041018280011106CE22CC26CA4AC88D
:101750004EC62E84B289814435A0930500043745D6
:10176000014013050580EF40702B65D91309140063
:10177000834504003745014013050580EF405019AB
:1017800085044A84E3CB34FD4E85F2406244D24462
:101790004249B24905618280AA8717F5FF1F0325D8
:1017A000A58EAA9717070020130787E363EDE700CC
:1017B00017670020130707456369F70017F7FF1F36
:1017C0002324F78C82807D5582807D558280730032
:1017D000203001A0411106C6EF00102E9126EF0027
:1017E000702EEF10A018EF00D02CEF00702EF5BF78
:1017F000AA871307800873300780034505002380FC
:10180000B70073200780828003C705009307800814
:1018100073B0078083470500630AF7001307800849
:10182000732007802380F500014582802300C500D6
:101830009307800873A00780054582802DC1411160
:1018400006C622C426C24AC02A8497D4FFFF9384C6
:10185000647B637895041C41A1CFDC4BA1CF014987
:101860001C4003C74702635AE902DC4B13172900E7
:10187000BA978843EF20201421C1637195041C415D
:1018800089C783C72702858B99E7EF2040506915E8
:10189000854763F7A7020509E1B7014521A0014586
:1018A00082800145B2402244924402494101828033
:1018B0000145CDBF0145FDB70545EDB70545DDB790
:1018C0000545CDB72DC1411106C622C426C24AC066
:1018D0002A8497D4FFFF9384E472637895041C41B3
:1018E000A1CFDC4BA1CF01491C4003C74702635A7B
:1018F000E902DC4B13172900BA978843EF20A00BAD
:1019000021C1637195041C4189C783C72702858B58
:1019100099E7EF20C0477515894763E7A7020509D6
:10192000E1B7014521A0014582800145B240224432
:1019300092440249410182800145CDBF0145FDB776
:101940000545EDB70545DDB70545CDB7797106D637
:1019500022D426D24AD04ECE52CCAA8902C66C00DE
:10196000EF00C07D59CD2A89B247C1CF814411A073
:101970008504B24763D7F40893972400CA97884335
:10198000EF2060032A846DD597D7FFFF9387876781
:10199000E370F5FEEF20A03F61DD9D47E30AF5FC13
:1019A00081452285EF2080422285EF20003B2A8A54
:1019B0004E85EF204000EF20403A2A87D2861776E6
:1019C0000000130626C9977500009385A5CB054531
:1019D000EF1070482285EF2040382A844E85EF10A2
:1019E000907DEF2080372A87A286177600001306A5
:1019F00066C6977500009385E5C80545EF006076DB
:101A000085BFB250225492540259F249624A45614C
:101A10008280411106C622C426C22A84EF0060716A
:101A2000AA84EF00607189CC634E0400635EA40059
:101A30000A04A2948840B240224492444101828028
:101A40000545D5BF0545C5BF0545F5B782808280F0
:101A50009387418485460F00500F2FA7071401E795
:101A60002FA6D71C7DFA11E301A08280411106C682
:101A700022C42A84EF20403345C189476310F5060C
:101A80002285EF20802DAA8617760000130646C017
:101A900097750000938505BF0145EF10D03B228567
:101AA000EF20A02BAA8617760000130666BE977556
:101AB0000000938525BD0145EF00A06A2285EF2037
:101AC000C029AA8517750000130505C0EF10103E48
:101AD00017750000130545C1A53F01A02285EF2021
:101AE000C027AA86177600001306C6C097750000A7
:101AF000938545B90545EF1010362285EF20E02586
:101B0000AA86177600001306E6BE97750000938537
:101B100065B70545EF00E064B24022444101828090
:101B20008280397106DE22DC26DA4AD84ED6177654
:101B30000000130666BE977500009385A5B409459D
:101B4000EF107031A30F0100230F0100F5232ACC01
:101B500002CA02C2FDA42685EF202020AA8617769D
:101B600000001306A6BE977500009385A5B10D452C
:101B7000EF10702EB24785073EC63247E2476358E2
:101B8000F728324579352A84EF10F062AA8422853D
:101B9000692B2A89E34004FE5D21E35DA4FCF9D8AA
:101BA00097D7FFFF93870746E3F6F4FC2685EF20DF
:101BB000001E69D19C4089C783C72702858BC1FF5E
:101BC0002685EF20C01C8D47E306F5FA2685EF2019
:101BD000001C9147E300F5FA26858D3145E1630F3E
:101BE000090E2685EF206017AA892685EF20801828
:101BF0002A87CE8617760000130686BC97750000EC
:101C0000938545A80945EF101025268502992A8954
:101C100063030514930740F76308F51C994526856F
:101C2000EF20C01A2685EF204013AA864A87177630
:101C30000000130666BF977500009385A5A40145B3
:101C4000EF1070212685EF204011AA864A8717766B
:101C50000000130666BD977500009385A5A2014597
:101C60000923A285268519352285CD318347E101D7
:101C7000850793F7F70F230FF100EDBD2685993106
:101C800009C5A24785073EC4F5B581452685EF20E5
:101C9000E0138347E101850793F7F70F230FF10066
:101CA0002685EF20800BAA86177600001306C6ABA8
:101CB000977500009385059D0545EF10D019268581
:101CC000EF20A009AA86177600001306E6A99775EB
:101CD00000009385259B0545692169BD2685EF2078
:101CE000C0072A8901C58347050091E781452685FC
:101CF000EF20C00D41B52685EF20C0072A87CA8690
:101D000017760000130646A99775000093858597FE
:101D10000545EF1050142685EF20C0052A87CA8696
:101D200017760000130646A79775000093858595E2
:101D30000545052981452685EF204009A285268590
:101D40003533228521318347E101850793F7F70F6A
:101D5000230FF10005B58D452685EF202007DC44D3
:101D600089CBD84319CF81452685EF20601B2A896E
:101D700001ED8347F101850793F7F70FA30FF100FA
:101D8000D5BB9C43EDF3F5B799452685EF200004BC
:101D90002685EF10907CAA864A87177600001306E6
:101DA000A6A3977500009385E58D0145EF10B00A55
:101DB0002685EF10907AAA864A87177600001306C8
:101DC000A6A1977500009385E58B0145592EA28544
:101DD0002685693922859D3E8347E101850793F772
:101DE000F70F230FF10079B32685EF101077AA863D
:101DF00017760000130646A0977500009385858826
:101E00000945EF105005A24785073EC4A5B3A24778
:101E1000638E07102247D247630CF702A2473ECADF
:101E2000924622478506177600001306A6A79775E7
:101E30000000938525850945EF10F001924785073D
:101E40003EC21247894763C3E70E02C402C635B3D8
:101E5000A24612470507177600001306A69E97753F
:101E60000000938525820145EF10E07EA2461247CF
:101E70000507177600001306E69C9775000093850A
:101E800065800145F92C02C801A8854711A0854746
:101E900095C7C24785073EC84247E2476358F708DF
:101EA0004245853EEF1030312A8465D197D7FFFF38
:101EB00093874715E37DF5FC8147D9BF2285EF1055
:101EC000106D8D47E307F5FC2285EF10506C9147AC
:101ED000E301F5FC2285FD324DDD81452285EF10C1
:101EE000F06E8347E101850793F7F70F230FF100A9
:101EF0002285EF109066AA861776000013060698D2
:101F000097650000938505780145EF10C074228520
:101F1000EF10B064AA861776000013062696976520
:101F200000009385257601452D2CA5B78346F10148
:101F30000347E10117760000130606999765000034
:101F4000938545740945EF1000710345E101F25096
:101F50006254D2544259B25921618280411106C65D
:101F600022C426C24AC0177600001306E69797657A
:101F70000000938525710945EF10E06D752A13095E
:101F8000F5FF31A089452285EF1050647D19634427
:101F900009084522931729003E9504412685EF1034
:101FA00090212A8465D597D7FFFF9387A705E37F04
:101FB000F5FCEF10D05D75158947E3E9A7FC268590
:101FC000BD22AA8761D122858297AA8445DD228518
:101FD000EF10B058AA862687177600001306C6931E
:101FE000976500009385056A0145EF10C06622855C
:101FF000EF10B056AA862687177600001306C69102
:1020000097650000938505680145A12A99452285B9
:10201000EF10D05BA5BF0145B24022449244024973
:102020004101828019E993172500AA978E07176549
:1020300000001305A55D3E9582800145828005451F
:10204000828019E17D558280411106C622C426C2D4
:102050002A848144635890007D55B24022449244C2
:102060004101828093972400A6978E07176700008E
:102070001307C759BA97A2858843EF50801C19C12E
:102080008504C9BF2685D1BF19E17D5582804111E4
:1020900006C622C426C2AA840144635880007D5526
:1020A000B240224492444101828093172400A297B7
:1020B0008E071767000013076755BA97884783474D
:1020C000050089C7A685EF50C01719C10504F1B7EF
:1020D0002285F9B729C9411106C622C426C22A841D
:1020E0008347050099E77D55B2402244924441015F
:1020F00082808144635490007D55FDB793972400FE
:10210000A6978E071767000013074750BA97C84372
:102110008347050089C7A285EF50A01219C1850425
:10212000D1BF2685D1B77D5582800145828001458A
:1021300082801385018182800545828009E523A084
:1021400005000145828023A00500E5BF09E523A025
:1021500005000145828023A00500E5BF014582807E
:102160008280011136C63AC83ECA42CC46CE0561CD
:102170008280014582800145828001CD411106C6E1
:10218000AA87176500001305E57D8297B2404101DB
:1021900082808280411106C6737004301766000089
:1021A0001306867E97750000938585800945EF109C
:1021B000804A6D2E21C10965130505F42522EF2003
:1021C000A00621E5EF20E05629ED81450145EF20ED
:1021D000C06E85472384F184177600001306868736
:1021E000976500009385C57C0945EF10C046B24055
:1021F00041018280176600001306067C9765000087
:102200009385057BEF102045DDB7176600001306A8
:10221000A67D976500009385A5790545EF10A0433D
:1022200055B7176600001306667E97650000938514
:1022300025780145EF102042177500001305058031
:10224000212E411106C6177600001306E682976517
:1022500000009385E5750945EF10E03FEF20206A07
:10226000EFF03F8C15E90565130585BB6924D5247E
:1022700081450545EF206064EF20207A1776000045
:102280001306C68497650000938585720945EF1093
:10229000803CB24041018280AA8617760000130676
:1022A0002680976500009385A5700545EF10A03A3C
:1022B0005DBF736004308280411106C6E13DB240CB
:1022C00041018280411106C6AD3FB240410182808A
:1022D000411106C6B52CF128E121EF001011B240E2
:1022E00041018280011106CE22CC26CA83C7018516
:1022F00081CB81442685F2406244D24405618280CC
:102300002A842AC2FD573EC43EC64C001385018A6A
:10231000EF1040441DE51385018AEF100044AA84A4
:102320001DE185472388F184A28617660000130605
:10233000267C976500009385657D0945EF10A031E7
:1023400055BFED5445BFED5475B783C7018591E383
:102350008280411106C61385018AEF10204117665D
:1023600000001306267B976500009385257A0945B2
:10237000EF10602EB2404101828083C7018591E356
:102380008280411106C622C41384018A2285EF107F
:10239000403E1448176600001306067B9765000050
:1023A0009385C5760945EF10002BB24022444101C8
:1023B000828083C7018591E38280411106C613851F
:1023C000018AEF10E039B2404101828029C5B1C5D0
:1023D00083A7C1841D47636EF70093963700138768
:1023E000018A369748CB0CCF850723A6F184014597
:1023F0008280411106C6A146176600001306467684
:1024000097650000938585700145EF10C024115534
:10241000B240410182802955828029558280411134
:1024200006C622C426C24AC00144A9A81317340014
:102430009387018ABA97C84BEF003059AA8617666E
:10244000000013066674976500009385256C0145AE
:10245000EF1060203DA01389018A3A9903254901B4
:10246000EF00B056AA8683278901268717660000E9
:102470001306467497650000938545690145EF1082
:10248000801D050483A7C1846371F406131734000B
:102490009387018ABA97C84B6DD5EF00B053AA84D1
:1024A00051D5131734009387018ABA979C4FE36480
:1024B000F5FA8607E377F5FC931734001389018A50
:1024C0003E9903254901EF005050AA8683278901D0
:1024D000268717660000130626719765000093850E
:1024E000E5620545EF10201769BFB24022449244CF
:1024F00002494101828083C7118599C301458280C9
:10250000411106C68547A388F184176600001306AB
:10251000A670976500009385655F0945EF10A013CD
:102520000145B2404101828011C583C7118589C729
:1025300001458280295582805555828011C583C707
:10254000118589C701458280295582805555828031
:10255000828023AA01848280411106C6EF10C02127
:10256000EF10200EEF10800E0100FDBF03A7418584
:10257000914763E9E700138741851C4385071CC326
:1025800005458280411106C6176500001305856A5E
:10259000E137411106C6EF10A01EB2404101828012
:1025A0009307700463EBA7000A0593870190AA972D
:1025B0008CC323A0C71223A0D7248280828082806C
:1025C00001458280014582800145828001458280EB
:1025D000014582800145828001458280828082801F
:1025E00045C5797106D622D426D24AD04ECEAA84C9
:1025F000EF00E07759E16C002685EF20E05835EDDB
:102600003244930994000F00F00F8547A304F400AF
:102610001C40484082970F00F00FA30404001309E8
:1026200084000F00F00F23040400114681451305B8
:10263000A400EFF0EF9B61D1A30501000147914693
:1026400005469305B1004A85EFF00F9C4DD5A28554
:102650002685EF20204145D10F00F00F230009000F
:102660000F00F00F85472380F9001C4048408297F7
:102670000F00F00F238009004DBFB2502254925436
:102680000259F24945618280828015C5411106C612
:1026900022C42A848347051093F7F70F89E7B240D5
:1026A000224441018280EF00806C75F92300041000
:1026B00022853D37EDB78280411106C6414693859C
:1026C00001D4138501C8EF200036238001D8B24021
:1026D00041018280411106C64146938501D413858C
:1026E00001C8EF204034238001D8B24041018280EC
:1026F000011106CE22CCA307010025C12A841C416A
:10270000B9CB0147914605469305F1002105EFF04D
:10271000AF8F19CDA285138501C8EF20A03415E530
:1027200085472380F1D80145F240624405618280EB
:10273000834794000F00F00F93F7F70FF5D30F00C6
:10274000F00F85472305F400E1BF0F00F00F2304CD
:1027500004001155D1BF2955C1BF2955F1B79307C1
:10276000700463EEA702411106C622C4AA8513179E
:10277000250093870190BA97984303A4071203A5F5
:10278000072411CB029701C519C022859537B240A5
:1027900022444101828065DC2285993FCDBF828041
:1027A000411106C6138501C8CD35B2404101828072
:1027B0000D818280411106C622C426C2AA84034428
:1027C00005022285F53713173500938781DDBA9707
:1027D000938687009C4711A09C436386D70003C75C
:1027E000C7FFE36BE4FE93864402D843D4C398D476
:1027F000DCD014C3938681DDDC4205473317A70084
:10280000D98FDCC2B24022449244410182804111FE
:1028100006C622C42A8403450502593F9307440291
:102820001454585098C2145454C35CD01CD4131779
:102830003500938781DDBA97138787009C4763062D
:10284000F700B240224441018280938681DDD84264
:102850008547B397A70093C7F7FFF98FDCC2D5B7B9
:1028600083A701E011A09C43138701E06387E70081
:1028700083A607FE5845E378D7FE9306C502D843E2
:10288000D4C318D95CD514C3828083A701E0138711
:1028900001E06387E704138547FD03A707FE83A6CE
:1028A00081DD158F634FE002411106C6D443984382
:1028B00098C2D44354C39CC3DCC3ED3D83A701E05D
:1028C000138701E0638BE700138547FD03A707FE2D
:1028D00083A681DD158FE35BE0FCB240410182807D
:1028E0008280828003A5C1DD0DC5411106C6EF407F
:1028F000B01FFD47898F8E07138781DDBA97138735
:10290000870088476309A7001305C5FDB240410150
:102910008280014582800145D5BF03A581DD82808B
:1029200003A581858280014719A8931637009387F4
:1029300081DDB6979386870094C7D4C705078D4776
:10294000E3F5E7FE938781DD138701E098D7D8D7B9
:1029500023A0070023A2070023A8070223AA070237
:10296000054798DFD8DF238007048280411106C61F
:102970001305803EEF00F06001C5B2404101828046
:10298000938781DD23A8070205472380E70498DFAA
:10299000EDB7C5C24DC1FD4763E1C70A81471D4779
:1029A0006364F7081308400333880703138781DD46
:1029B0004297784319C38507DDB7411106C622C483
:1029C00026C2138781DD13084003B387070393876B
:1029D0000704BA9713844700C8C354C02300C40235
:1029E00018432E97938607012FA0E6081387C70088
:1029F0002F20B708238A0700232A040013878702A1
:102A000058D018D4938707035CD41CD8F324003023
:102A1000737004302285A935A18889E82285B240E7
:102A200022449244410182800145828073600430D7
:102A3000F5B70145828001458280014582804111C0
:102A400006C6138781DD1C43BE950CC39307471E42
:102A50002FA0B7081D3D0145B240410182804111C0
:102A600006C683A501E11385C1FBD13FB2404101F8
:102A7000828015C9797106D622D42A8402C602C87A
:102A800002CA02CC02CE08592AC601C5EFE01F8E49
:102A900011C50145B2502254456182804C5C1385BA
:102AA000C1FB713FFDB70145828083C781E191EF92
:102AB00083A701E0138701E06388E70003A781E0B3
:102AC00001C703A7C1E009E782807300501082802C
:102AD000797106D622D426D283A707FE138781DD1B
:102AE0001443958F445B41647D14335494026363B3
:102AF000F4003E84B3848402ADC002C602C802CA98
:102B000002CC02CE03A581E02AC601C58145EFE0D3
:102B1000EFC526CA23AA81E0324501C5A685EFE0AC
:102B2000EFC87300501002CE324509CD6C08EFE0BB
:102B3000EFA209E9F24799C703A7C1E0B3D5E702BD
:102B400063F2E70283A5C1E02ECA324519C1EFE066
:102B5000EFC5938781DD985FD8DFB250225492543D
:102B600045618280138781DD5C5F8D8F5CDF13851B
:102B7000C1FBF135C1BF411106C622C426C2F324F0
:102B8000003073700430B93B31C12A844931A188C7
:102B900099C0736004305C4091CB9384818580C080
:102BA0002285829723A004005C489DC7F32400304F
:102BB0007370043022856D31A18899C07360043030
:102BC0000145B2402244924441018280A18899C0CB
:102BD00073600430D93DEDB7184483A781DDBA97FF
:102BE0001307C4002F20F708D1B7411106C613857B
:102BF000C1FB5137B24041018280F327003073702E
:102C00000430584119CB184119E3184505E3A18B4D
:102C100095C77360043041558280054758C118C577
:102C2000A18B99C37360043001458280050718C5E4
:102C3000A18B99C373600430014582804155828025
:102C40000547AF2705106395E700AF26051CF5FA89
:102C5000FD1799E301458280415582801DC185475A
:102C600063E3B7020CC1930745000F00500F2FA07C
:102C70000708930785000F00500F2FA00708014594
:102C80008280295582802955828059CD797106D656
:102C900022D426D24AD04ECE52CC56CAAE8417E7A2
:102CA000FF1F130727DAB306E54013D48640B79712
:102CB000E338938797E33304F4026319E5069387B7
:102CC0004186A29783C70700A5C763C50606ADCD99
:102CD00013193400B30A8900A20ABA9A8567D697F5
:102CE00003DA078C23170100231601009305E10086
:102CF0005685EF10307B83D74A000357E100998F48
:102D0000C207C18363F44701014535A074005286B0
:102D1000A6855685EF10705915E90355C100330596
:102D200045411335150001A801458280014521A0C8
:102D3000014511A00145B250225492540259F24962
:102D4000624AD24A456182800145F5B70145E5B73F
:102D5000138701861C4385071CC3828083A70186D5
:102D600091C7138701861C43FD171CC3828083A76C
:102D7000018689E7732520347D8182800545828024
:102D800005C18DC115C20CC150C1814731A0338727
:102D9000F500230007008507E3EBC7FE01458280AD
:102DA000295582802955828029558280411106C685
:102DB00005469385418613850100D937B24041010C
:102DC0008280411106C66146938581011385010306
:102DD000453FB2404101828031C11C41B1C35C41D9
:102DE000B1C37326003073700430814711A085078A
:102DF000584163FEE70018413E978346070093F66B
:102E0000F60FF5F685462300D7003E8511A07D55C7
:102E10009377860089CB7360043082802955828045
:102E2000295582802955828015C51C4195C763C7E5
:102E300005025C4163F6F502F3270030737004303D
:102E400018412E9723000700A18B89CF73600430AF
:102E500001458280295582802955828029558280AA
:102E6000295582800145828005C11C4185C363C10B
:102E70000502584163F0E502AE9703C507001375DC
:102E8000F50F3335A00082800145828001458280A4
:102E9000014582800145828019C523200500232237
:102EA0000500014582802955828001CD73270030BD
:102EB000737004305C4191E318C185075CC1014522
:102EC00082802955828009CD5C4189CFFD175CC184
:102ED00081EF1C41A18B99CB736004300145828046
:102EE000295582800145828001458280014582808A
:102EF00003A5C1FB828011E18280011106CE22CCA4
:102F000026CA4AC84EC6AA84E537AA892A89014436
:102F100039A0050489679387077163EF8700C93F6C
:102F2000B307354163FA970073005010D137E302BD
:102F3000A9FE2A890144F9BFF2406244D2444249C1
:102F4000B2490561828041110E052AC6B247138736
:102F5000F7FF3AC6E5FF41018280828082804111FD
:102F600006C6EF40403FB24041018280411106C693
:102F7000EF40003F0145B2404101828025C101116F
:102F800006CE22CC26CA4AC84EC62A842E89C5330C
:102F900021E9854763E82705232004001385010301
:102FA000253DAA846342050493171500AA978A0752
:102FB00093898104BE99CA854E854D3111E923203C
:102FC0003401F2406244D2444249B24905618280F0
:102FD000A68513850103893D5155E5B729558280A2
:102FE0007D55C5B72955F1BF5155E1BF0DCD4111F3
:102FF00006C622C426C24AC0AA842E84368995C534
:10300000AD4763F6C702A5330DE5854763E52703A2
:10301000CA852285A13115E180C0B2402244924484
:10302000024941018280295582802955FDB72955E1
:10303000EDB77D55DDB72955CDB75155F9BF4111D4
:1030400006C68545253FB24041018280411106C632
:103050008546693FB24041018280411106C68145E3
:10306000313FB24041018280411106C68146BD3FD9
:10307000B24041018280411106C685450137B24008
:1030800041018280411106C685468D37B24041011B
:10309000828029CD411106C622C42A84C93909E992
:1030A000938781046366F400938781166366F40056
:1030B000B240224441018280930744000F00500F28
:1030C0002FA00708930784000F00500F2FA00708B8
:1030D000938781041D8C0984B7B5AAAA9385B5AAE4
:1030E000B305B402138501038133D9B7828021C9A6
:1030F000411106C622C426C24AC02A84AE8485393C
:1031000029E12285DD3C1DC19DCCFD576396F4026B
:1031100001492285DD3419C9FD57E38CF4FEC93B12
:10312000B3072541E3E797FE1305C0F8B2402244F8
:103130009244024941018280653B2A89D9BF2955C1
:1031400082807D55E5B71305C0F8CDB729C9411177
:1031500006C622C42A84213929E5732700307370FA
:1031600004301C4485C3854663E4F602232404002E
:1031700023220400218B19C373600430B24022441F
:1031800041018280218B19C3736004306D55FDB7F6
:10319000FD171CC4218B7DD373600430C5B729553E
:1031A00082807D55E1BF130580FA828063070800A5
:1031B00023200800130580FA82802955828073003D
:1031C0005010F5BF8280014582801765000013050D
:1031D000E5A8828001458280411106C6114693858B
:1031E000C18513858116693EB240410182801DCDA3
:1031F000411106C622C42A8413858116F13E634913
:10320000050293173500138701183E970F00500FE2
:103210002F20070893860100B69785462382D7188A
:1032200018C00145B2402244410182802955828064
:103230005155CDBF11CD99CD9D4763FFC7000F00FC
:10324000500F2FA00508238205000CC10145828084
:1032500029558280295582802955828001CD834756
:1032600045009DCB938701186366F5009387011A8B
:103270006363F5008280411106C60F00500F2F20B6
:103280000508938701181D8D9355354013858116C8
:10329000613EB240410182800F00500F2F2005088F
:1032A000828021C5411106C622C426C24AC02A8492
:1032B000AE8479320DC585CCFD57638FF4000D398E
:1032C0002A892285B53A01CD2531B3072541E3EAA4
:1032D00097FE1305C0F821A022859D3275FDB240EE
:1032E000224492440249410182802955828013057B
:1032F000C0F8F5B701C985470F00500F2F20F5081A
:103300000545828001458280411106C6E537B240FD
:10331000410182808280011106CE22CC26CA4AC891
:103320004EC649C5D1C59307F5FFE98FA5EB93F7C5
:103330003500C9E393D42500330495029307F4FFC5
:10334000E18FB1EF9307002063E887061385010042
:103350006134AA8963440506931735003389A700B1
:10336000220997D5FF1F9385E56D2E9905674A972A
:103370002320978CAA97A2079387070C13160401A2
:103380004182BE954A85EF10006A19E94A85F240EC
:103390006244D2444249B24905618280029002905F
:1033A000CE851385010049340149CDB70149F9BFE4
:1033B0000149E9BF0149D9BF0149C9BF0149F9B76D
:1033C00029C117D7FF1F1307E767B306E54093D559
:1033D0008640B797E338938797E3B385F502631286
:1033E000E50293874186AE9783C7070099CB63CAEE
:1033F0000600411106C6138501003D34B24041016B
:1034000082808280411106C622C426C22A84AE84EC
:10341000B93A19C50145B240224492444101828023
:10342000A6852285EFF07F86FDB7411106C6EFF035
:10343000DF85B24041018280797106D622D426D23E
:103440004AD04ECE52CC56CA2A84AE89B2840532B6
:1034500063120510630A041017D7FF1F1307875E56
:10346000B306E44013D98640B797E338938797E3D0
:103470003309F902631CE40E93874186CA9783C718
:1034800007006387070E63C7060E6387090E93174D
:103490003900CA97A2073E978567BA9703DA078C67
:1034A0002317010023160100FD576387F402B1E4DE
:1034B000131439004A94220497D7FF1F9387875823
:1034C0003E949305E1002285EF10C07D8357E10013
:1034D00063F44707014541A03A849305E1003A852A
:1034E000EF10407C31A09305E1002285EF10807B36
:1034F0008357E100E3E947FF65BFDD3AAA8A131469
:1035000039004A94220497D7FF1F9387A7533E940C
:103510009305E1002285EF10E0788357E100E3F99D
:1035200047F9F93233055541637A95049305E10073
:103530002285EF102077D5B774005286CE8522857C
:10354000EF10006915ED0355C100330545411335F2
:10355000150011A00145B250225492540259F2496B
:10356000624AD24A456182800145F5B70145E5B717
:103570000145D5B70145C5B70145F1BF0145E1BFDB
:103580000145D1BF41CD011106CE22CC26CA4AC881
:10359000AE8497D6FF1F9386E64A3306D5409357ED
:1035A00086403797E338130797E3B387E702631939
:1035B000D506138741863E970347070025C7634515
:1035C0000606B5C9B68513973700B306F700A206FD
:1035D000AE960566B29603D9068C23170100231612
:1035E00001003304F70022042E949305E1002285A4
:1035F000EF10406B8357E10063F42701014535A0CC
:1036000074004A86A6852285EF10805C1DE503556F
:10361000C100330525411335150001A801458280FD
:10362000014521A0014511A00145F2406244D24468
:103630004249056182800145CDBF0145FDB7029039
:103640008280F3270030737004308280F3270030CB
:10365000737004308280397106CE22CC328436D623
:103660003AD83EDA42DC46DE05CA7C103EC695C931
:103670001755000013050560EF00F06CB245228578
:10368000EF303074175500001305455FEF00B06B45
:10369000F240624421618280175400001304C45C2C
:1036A000E9B7975500009385A55CD9B7397106CE67
:1036B00022CC2A842ED232D436D63AD83EDA42DC14
:1036C00046DE1DC55C103EC6175500001305455B60
:1036D000EF007067B2452285EF30B06E17550000DD
:1036E0001305455BEF003066F24062442161828041
:1036F0001754000013044457F1B7397106CE22CC99
:10370000328436D63AD83EDA42DC46DE15CA7C1020
:103710003EC605CD2E86AA8517550000130505580F
:10372000EF007062B2452285EF30B0691755000096
:1037300013054556EF003061F240624421618280FA
:103740001754000013044452D9B71755000013054D
:10375000A554C9B7130580FA8280130580FA8280C8
:10376000130580FA8280130580FA8280130580FA9F
:103770008280130580FA8280014582800145828023
:103780008280130580FA82800145828082806307EF
:10379000B50C9D4763E6A70C0A05175700001307F1
:1037A00067E93A951C41BA978287FD1513B5250044
:1037B000828089476388F50A99476387F50ADDE5C2
:1037C000054582808D476385F50ACDC59947638499
:1037D000F50001458280054582809387C5FF054736
:1037E000637CF7089947638BF5089D47638AF50862
:1037F00089476384F50001458280054582809547AD
:103800006382F50899476381F50863EAB700894741
:10381000638EF5068D47639DF506054582809D47BD
:10382000639AF5060545828091476387F5069947B7
:103830006386F5069D476385F50689476384F50031
:103840000145828005458280E51513B5150082800B
:1038500089476389F504A9E9054582800545828089
:103860000145828005458280054582800145828030
:103870000545828005458280054582800545828018
:103880000545828005458280054582800545828008
:103890000145828001458280054582800545828000
:1038A0000545828005458280014582807DC583472C
:1038B0000500F5C7FDC51307D0026388E7021307AB
:1038C000B0026387E702054303470500930700033F
:1038D0006303F702294683470500F1C76354600478
:1038E000B7080080FD180147B5A005057D53E9BF65
:1038F00005050543D1BF930615008347150013073F
:103900008007638AE700130780056386E70099C78D
:1039100036852146C9B70905414675BF23A0050074
:1039200001458280B70800807DBF9386F7F993F642
:10393000F60F15486361D804938797FA63F9C706B1
:10394000B386F840B3D6C60263E5E6063307E6025F
:103950003E970505834705008DCB930600026386DD
:10396000D702938607FD93F6F60F2548E36FD8FA42
:10397000938707FDE1B79386F7FB93F6F60F15489B
:103980006365D802938797FC55BF6355600098C163
:10399000014582803307E040DDBF7D5582807D5543
:1039A00082807D5582807D5582807D5582807D55C7
:1039B00082807D55828019E993173500AA978A077E
:1039C00017E5FF1F130505983E95828017B5FFFF89
:1039D0001305A564828019C9411106C6EFE06FE6A0
:1039E000634B0500C93FB2404101828017B5FFFF1C
:1039F0001305A562828017B5FFFF1305D561E5B7F2
:103A000019C9411106C6EFE0EFEC634B05006537BD
:103A1000B2404101828017B5FFFF13050560828027
:103A200017B5FFFF1305355FE5B7411106C66137CE
:103A3000B240410182800DE517B5FFFF1305E55D3A
:103A400082802685EFE00FDE19C5484509C5A285AD
:103A5000EF30207F19C1850419A82685A93F31A818
:103A6000411106C622C426C24AC02A848144E35AB0
:103A700090FC17B5FFFF1305155AB240224492443B
:103A800002494101828019C9411106C6EFE0CFDF2A
:103A9000634B05000D37B2404101828017B5FFFF2F
:103AA0001305A557828017B5FFFF1305D556E5B757
:103AB00019CD1C4189CF03C7470219CFDC4B89CFF1
:103AC000411106C68843C53DB2404101828017B509
:103AD000FFFF13058554828017B5FFFF1305B5530B
:103AE000828025C1011106CE22CC26CA4AC84EC604
:103AF00052C4AE89328A0329050063060904B1C5A0
:103B000039C60144834739026354F402832409010E
:103B100093173400BE94CE858840EF30807219C16F
:103B20000504CDB7D285C840513301C5295511A030
:103B30002955F2406244D2444249B249224A0561C1
:103B40008280295582802955EDB72955DDB7295541
:103B5000CDB71D7186CEA2CCA6CACAC8CEC6D2C465
:103B6000D6C255CDAE8A328AB68903290500630ACA
:103B7000090AD5C95DCA635CD00A0144834739028A
:103B80006350F4028324090193173400BE94D68550
:103B90008840EF30006B19C10504CDB7CC4011A0AF
:103BA0008145C1C90149A1A0ADC32E8411A005045E
:103BB0008347040089C713070002E39AE7FEB304B2
:103BC000B4409307F00363E1970426860A85EF303B
:103BD000E06493870404B3842700238004FC9315D6
:103BE0002900D2950A85D93105E10509A28583C747
:103BF000050081CF635B390183C70500130700020D
:103C0000E394E7FA8505CDBF29594A85F640664415
:103C1000D6444649B649264A964A256182802959A2
:103C2000EDB72959DDB72959CDB72959F9BF295918
:103C3000E9BF2959D9BF31CD011106CE22CC26CA00
:103C40004AC84EC652C4AE89328A032905006304AD
:103C50000904A1C529C60144834739026352F4020D
:103C60008324090193173400BE94CE858840EF3039
:103C7000405D19C10504CDB7DC402320FA0011A036
:103C80002955F2406244D2444249B249224A056170
:103C90008280295582802955EDB72955DDB72955F0
:103CA000CDB711CD89CD011106CE7000693709CD90
:103CB00017B5FFFF13056536F2400561828017B521
:103CC000FFFF13058535828032451D3BF5B7411155
:103CD00006C6013DB2404101828005C51C4185C731
:103CE0000DC663C6050203C7570263D4E502984FA9
:103CF0001DC393971500AE978A073E9718C20145DA
:103D000082802955828029558280295582802955B3
:103D10008280295582802955828005C51C4185C72E
:103D20000DC663C6050203C7670263D4E502D84F18
:103D30001DC393971500AE978A073E9718C2014599
:103D40008280295582802955828029558280295573
:103D50008280295582802955828001CD97B7FFFF47
:103D60009387472A6376F500084101C508418280A0
:103D70000145828001CD97B7FFFF9387A72863761F
:103D8000F500084101C5084582800145828009C9C6
:103D900097B7FFFF938707276376F5004841828036
:103DA000014582800145828001CD97B7FFFF93874F
:103DB00067256379F5001C4181CB03C5170282801A
:103DC000054582800545828005458280411106C6F1
:103DD00022C426C205CD2A84AE84084911C59305A4
:103DE0004006EFF0CFB00DE5A68548404D3209CD35
:103DF00044C08144084819C1EFF04FB52685B24050
:103E00002244924441018280A954EDB7A954FDB7E0
:103E1000C154EDB701C50CC501458280295582808A
:103E200001C5084519C5828017B5FFFF1305E51EBA
:103E3000828017B5FFFF1305151EF5B7411106C6A1
:103E4000EFE0EF9F6357A0000145B536B240410156
:103E5000828017B5FFFF1305151CCDBF11CD411191
:103E600006C622C426C2AA8497B7FFFF9387871984
:103E70006379F50001441DA017B5FFFF1305E5198F
:103E8000828017B5FFFF13054519B24022449244C2
:103E90004101828022850536CDBF0504EFE02F9ACF
:103EA0006350A4022285013EE399A4FE0504EFE0DD
:103EB0000F99E341A4FE17B5FFFF1305D515F1B720
:103EC00017B5FFFF13056515C9B7411106C6EFE029
:103ED0000F97B2404101828009CD084909CD4111B7
:103EE00006C693054006EFF08FA001E9B2404101FC
:103EF000828029558280415582804155C5BF19C9AC
:103F0000084919C9411106C6EFF04FA401E9B240B2
:103F10004101828029558280295582806D55C5BF17
:103F2000411106C622C426C24AC035C52A842E893C
:103F30006537AA843DE15C449DCBD8431DC75440FE
:103F40001146638AC6020D46639AC60205CFCA852A
:103F500022850297AA8485CC228555372685B240D2
:103F6000224492440249410182809443E9FA228525
:103F70007937ED54E5B722855937CDB722854137DA
:103F8000ED54E9BF9C4322858297AA84E9B7914505
:103F900022852D3DD1B7A954D1B7C154C1B7411124
:103FA00006C622C426C229C52A843D3721E55C44C1
:103FB00085C7984715C35C40F117854663E2F60252
:103FC00022850297AA840DC12285153F2685B2401D
:103FD000224492444101828022851537ED54FDB779
:103FE0002285313FED54DDB78D452285C533E9BFCC
:103FF000A954E9BFC154D9BF011106CE22CC26CAAB
:104000004AC84EC639C12A84AE843289B689E93598
:104010001DED5C449DC7DC478DC75440114763923A
:10402000E602CE864A86A68522858297AA842285C4
:10403000F9352685F2406244D2444249B2490561CD
:10404000828022856D3DED54EDB7A954DDB7C15492
:10405000CDB7011106CE22CC26CA4AC84EC639C1F8
:104060002A84AE843289B689853D1DED5C449DC7A6
:104070009C4B8DC7544011476392E602CE864A8618
:10408000A68522858297AA842285953D2685F240C1
:104090006244D2444249B249056182802285853515
:1040A000ED54EDB7A954DDB7C154CDB7011106CE1B
:1040B00022CC26CA4AC84EC652C431C52A842E8A8A
:1040C000B2843689BA89093D29E15C448DCBDC4B49
:1040D0009DC7544011476394E6024E87CA862686E0
:1040E000D28522858297AA842285113D2685F240B9
:1040F0006244D2444249B249224A05618280228503
:10410000FD3BED54E5B7A954D5B7C154C5B741112E
:1041100006C622C426C24AC029C52A84753BAA8481
:1041200039E1584091476316F7025C4499C79C4FA8
:1041300089C7228582972A890DE1954522857931A3
:104140002285753B2685B2402244924402494101B2
:10415000828022856D33ED54F5B722854D33CA84B4
:10416000D5B7A954C5B7C154F1BF411106C622C481
:1041700026C24AC029C52A848533AA8439E1584019
:1041800095476316F7025C4499C7DC4F89C72285BF
:1041900082972A890DE1914522850D392285853343
:1041A0002685B24022449244024941018280228500
:1041B000B933ED54F5B722859933CA84D5B7A954DC
:1041C000C5B7C154F1BF1DCD411106C622C42A8412
:1041D000213309C5B2402244410182809D45228598
:1041E000F5362285293BA2850D45EF00006D22851D
:1041F000E5316DF181452285313923260400228580
:10420000FD39C9BF828019C15105828017B5FFFFF2
:104210001305A5E0828001C9411106C65105212A76
:10422000B240410182808280011106CE22CC26CA92
:10423000014463518002EFD09FE0D14763CBA70CCC
:10424000EFD0FFDF6357A00E0145F2406244D24435
:10425000056182802285EFD0FFDCAA8493173400A9
:10426000A2978A0717D7FF1F1307C70DBA9788C3EE
:1042700031CD8346050217D5FF1F1305A50C131773
:104280003400B30787008A07AA97D4C323A4070082
:1042900023A6070023A8070023A0070222970A07E6
:1042A00041073A9511055D2885C093173400A29700
:1042B0008A0717D7FF1F1307E708BA97DC4389C798
:1042C00083C72402858B89C70504A5B7814665B7D6
:1042D00002C6931574001306000897D7FF1F938733
:1042E000A708BE956800EFE03FD811ED93173400A2
:1042F000A2978A0717D5FF1F1305C5043E95B2473D
:104300001CC9113FD1B7175500001305A59AEFE05E
:10431000AFA4EFD0DFD2AA8661471756000013067C
:10432000E69B975500009385A59E0545EFF0AFB23B
:1043300001BF6D5519BF15C10F00500F2F20050883
:10434000930745000F00500F2FA00708854713075C
:1043500085000F00500F2F20F70882800DC10F003D
:10436000500F2F200508930745000F00500F2FA076
:104370000708930785000F00500F2FA007088280C1
:1043800009C508450F00F00F82800145828019C5DC
:1043900008410F00F00F6345050082800145E5BF2D
:1043A0000145E5BF19C548410F00F00F6345050001
:1043B00082800145E5BF0145E5BF05C91841634855
:1043C000070210450F00F00F85476314F60213062D
:1043D0001700AF2705106395E700AF25C51CF5F959
:1043E000E39EE7FC13B5170082802955828035557E
:1043F000828035558280828011C5FD570F00500F95
:104400002F20F500828005C518416354E002130691
:10441000F7FFAF2705106395E700AF25C51CF5F939
:10442000E394E7FE1385F7FF1335150082802955C5
:1044300082806D55828082800DC9130745005C41E2
:1044400063C7070210450F00F00F85466313D602BD
:1044500013861700AF2607106395F600AF25C71C1B
:10446000F5F9E39CF6FC014582802955828035559B
:1044700082803555828001C9FD57130745000F0022
:10448000500F2F20F700828001C98947130785004C
:104490000F00500F2F20F708828041C5411106C63A
:1044A00022C426C24AC02A84AE8418450F00F00FE9
:1044B0008947631AF706EFE0BFA32A897D57AF2724
:1044C000041081E7AF26E41CFDFA9DEF930744003A
:1044D000FD562FA7071001E72FA6D71C7DFA01EB89
:1044E0000145B24022449244024941018280FD5775
:1044F0006388F400EFE0DF9FB307254163F797027D
:104500000545EFE05F9FD9B7FD576388F400EFE002
:104510003F9EB307254163FD97000545EFE0BF9D32
:1045200071BF2955828041556DBF1305C0F855BF35
:104530001305C0F87DB719C5411106C60535B2404F
:10454000410182808280397106CE2ED232D436D695
:104550003AD83EDA42DC46DE4C102EC6EF3060061A
:10456000F24021618280AA8717D5FF1F03254500ED
:104570003DCD011106CE22CC328417D7FF1F034751
:10458000E7FE25CB03C781843DC73EC42EC619CAAA
:1045900036862C00EFE07FE919C90145F2406244FC
:1045A0000561828001462C00EFE0DFE5F5B797D783
:1045B000FF1F938767E30547938707192FA0E7003D
:1045C00019C01155E1BF97D6FF1F83A6E6FA93F7EE
:1045D0007600E5FBFDD6174600001306E673974507
:1045E0000000938565750545EFF0EF86D9BF5555F9
:1045F0008280555565B7555555B72571232E11182D
:10460000232C8118232A91187D562C0317D5FF1FC0
:10461000032505F6EFE05FE26308050E97D7FF1F5D
:1046200083A747F5F5C3EFD0BFF2EFD09FD817D5DA
:10463000FF1F0325A5F411C593054006EFE03FAB2E
:1046400019E597D4FF1F83A424F2814691A8174649
:1046500000001306266F974500009385E56D014520
:10466000EFE07FFF1745000013054571EFD0DFEE47
:1046700013964600930706193387270097D7FF1F25
:10468000938787D6B2978843CC439047DC47232C47
:10469000A7E6232EB7E62320C7E82322F7E88506FE
:1046A000E3E896FC17D5FF1F032545ED19C1EFE0A0
:1046B000FFA9014411A00504E37894F49317440082
:1046C000938707198A9703A707E875D78326811868
:1046D00093174400938707198A9783A787E7E3EC2A
:1046E000F6FC93174400938707198A9783A7C7E7B7
:1046F000E3E3D7FC93174400938707198A9783A5B0
:1047000047E82803029745BF17460000130686684E
:1047100097450000938545620945EFE0DFF3EFE040
:104720001FAA8320C11903248119832441191D6103
:104730008280411106C622C497D7FF1F83C707E3B3
:1047400099C701442285B240224441018280A1459B
:1047500013050004EFE03FBC97D7FF1F23AAA7E093
:1047600039C51306000697D5FF1F938565E117D558
:10477000FF1F1305A5E0EFE07F8D2A8429E597D779
:10478000FF1F83A7A7DFA1C3854717D7FF1F230FED
:10479000F7DC93060004174600001306666697458B
:1047A0000000938565590945EFE0FFEA61BF1746B0
:1047B00000001306A65F974500009385E557EFE0DC
:1047C0009FE9515441B7174600001306A66197456B
:1047D0000000938565560145EFE0FFE717D4FF1F02
:1047E000130484C003258418EFE09FBD232404181C
:1047F000515489BF011106CE22CC26CA4AC84EC6E2
:1048000052C4AA892E89B284368AEFE04FD659E97C
:1048100097D7FF1F83C797D5C1EBD1C817D5FF1F07
:104820000325C5D559C56368390993054006EFE0EE
:104830001F8C2A8415E997D7FF1F83A7E7D25D470E
:104840006362F70497D6FF1F938606BA1397470053
:104850003697232037012322270104C72326470147
:10486000850723A0F61805A0174600001306C65BAF
:10487000974500009385454C0145EFE0DFDD1304CB
:10488000C0F801A8115417D5FF1F032525CFEFE06D
:10489000FF8B2285F2406244D2444249B249224A07
:1048A000056182807D54F5B7130480FADDB7295481
:1048B000CDB72954F9BF2954E9BF411106C622C416
:1048C00026C22A84AE84EFE08FCA19E981460146E8
:1048D000A68522854939B240224492444101828012
:1048E0007D55D5BF411106C6B2860546AD39B240E9
:1048F0004101828017D5FF1F032505C8828097D705
:10490000FF1F83A727C791C3828097D7FF1F83A765
:1049100027C6FDDB411106C617D8FF1F130888C53F
:104920008147014797060000938666CD0546856559
:1049300093850580174500001305C552EFE01F87DA
:104940001DE517D5FF1F0325E5C215C1EFD0DFBD5B
:1049500085461746000013062653974500009385A9
:10496000A53D0945EFE03FCFB240410182801746A7
:1049700000001306A64F974500009385E53B0545CB
:10498000EFE07FCDD5B7011106CE22CC26CA97D451
:10499000FF1F83A424BEB1CC97D7FF1F9387C7A462
:1049A00023A6071809473AC402C601462C0003A5EE
:1049B0008718EFE03FA5014429A02945EFE0AFD3D8
:1049C00029042685EFE03F8009C59307301FE3F6F1
:1049D00087FE2685EFE02FFF15E117D4FF1F130494
:1049E000A4A02302041803258418EFE07F9D23244C
:1049F0000418F2406244D2440561828017460000E8
:104A00001306864A97450000938505330545EFE078
:104A10009FC42685EFE00FFBC9B7854717D7FF1F57
:104A2000A306F7B48280AA8715C59DC505CA1305DC
:104A3000F6FF718D15E58CC32392C7007D16239375
:104A4000C7000F00F00F239007040F00F00F239012
:104A500007088280295582802955828029558280C5
:104A6000295582801DCD835605080F00F00F83570E
:104A70000504139707014183958FC207C1838356AD
:104A8000450063F2D702144183576500F98F8A0706
:104A9000B6978CC305070F00F00F2310E5040145FE
:104AA00082802955828011558280011106CE22CC48
:104AB00026CA4AC84EC652C456C25AC02A892E8A2D
:104AC000B68999C2239006006306090A63060A0A9A
:104AD00055C6035409080F00F00F03570904931A31
:104AE000070193DA0A0183574900198C4204418077
:104AF0003E944204418049C46363C4003284035736
:104B0000690033775701998F93940701C18063EF50
:104B10008402032509000A0713162400D2853A955A
:104B2000EF20C06FA29A0F00F00F23105905638B7E
:104B30000904239089000145F2406244D24442496D
:104B4000B249224A924A024B05618280032509003C
:104B50000A07139B24005A86D2853A95EF20006CF1
:104B6000330694400A06B3056A0103250900EF20C5
:104B7000E06A4DBF2955C9B729557DBF29556DBF7D
:104B800011555DBF01454DBF0DCD95CD03570504B2
:104B90000F00F00F4207418383570508C207C18306
:104BA0006305F7021441035765007D8F0A073697A6
:104BB000184398C185070F00F00F2310F508014531
:104BC00082802955828029558280130530FC82809D
:104BD000011106CE22CC26CA4AC84EC652C456C2BD
:104BE0005AC0AA842E8AB68999C223900600C5C0ED
:104BF00063010A0A4DC203D404040F00F00F83D7E7
:104C00000408939A070193DA0A011D8C420441803B
:104C100049C46363C400328483D76400B3F7570187
:104C200003D944003309F940420913590901636E5D
:104C300089028C408A0713162400BE955285EF2006
:104C4000E05DA29A0F00F00F23905409638A0904D3
:104C5000239089000145F2406244D2444249B2495E
:104C6000224A924A024B056182808C408A07131BBC
:104C700029005A86BE955285EF20405A33062441BA
:104C80000A068C4033056A01EF2040595DBF295563
:104C9000D9B72955C9B729557DBF130530FC65BF64
:104CA000014555BF0DC195C1835705040F00F00F95
:104CB000C207C183035705080F00F00F998F239097
:104CC000F5000145828029558280295582800DC1D9
:104CD00095C183570508C207C183035705040F0018
:104CE000F00F998F93B717002380F500014582805C
:104CF00029558280295582800DC595C50357050821
:104D00000F00F00F83570504998FC207C183035723
:104D10004500B3B7E70093C717002380F5000145AE
:104D200082802955828029558280AA870DC995C91C
:104D30001DCA85CE1385F6FF758D15E98CC32392A8
:104D4000D7002393C700FD162394D7000F00F00F60
:104D5000239007040F00F00F239007088280295545
:104D60008280295582802955828029558280295543
:104D70008280797106D622D426D24AD04ECE52CC29
:104D800056CA5AC85EC662C42A89AE8AB68999C212
:104D9000239006006309090A63890A0A4DCA03546D
:104DA00009080F00F00F83570904139B0701135BD9
:104DB0000B01035749001D8C420441803A94420480
:104DC000418041C86363C400328483576900B30BD8
:104DD000F40283548900B3F46401B3849702338AE4
:104DE000E702330C9A40636F7C03032509005E865B
:104DF000D6852695EF208042229B0F00F00F2310CE
:104E00006905638A0904239089000145B250225440
:104E100092540259F249624AD24A424BB24B224C56
:104E200045618280032509006286D6852695EF209C
:104E3000E03E338644415E96B3858A01032509002E
:104E4000EF20C03D55BF2955D1B72955C1B72955C8
:104E500075BF115565BF014555BF797106D622D47E
:104E600026D24AD04ECE52CC56CA5AC85EC662C46A
:104E70002A84AE8A368A99C2239006005DC0638474
:104E80000A0A45C6835404040F00F00F8357040830
:104E9000139B0701135B0B019D8CC204C180C1C829
:104EA00063E3C400B28483576400B38BF4020359F4
:104EB0008400337969013389270303574400B38998
:104EC000E702338C2941636F7C030C405E86CA95F0
:104ED0005685EF20A034B38764010F00F00F231034
:104EE000F40863090A0423109A000145B2502254C1
:104EF00092540259F249624AD24A424BB24B224C76
:104F0000456182800C406286CA955685EF2000314B
:104F1000330639415E960C4033858A01EF2000301C
:104F20005DBF2955E1B72955D1B72955C1B713053B
:104F300030FC6DBF01455DBF15CD9DCD0357050804
:104F40000F00F00F8357050493960701C182998FD4
:104F5000C207C1830357450063F2E7021841835734
:104F60008500F58F83566500B387D702BA979CC139
:104F70000145828029558280295582801155828081
:104F800011C98357050485070F00F00F2310F5049E
:104F9000014582802955828015C99DC98357050422
:104FA0000F00F00FC207C183035705084207418372
:104FB0006382E702144183578500F98F0357650028
:104FC000B387E702B6979CC101458280295582804C
:104FD00029558280130530FC828011C9835705084A
:104FE00085070F00F00F2310F50801458280295531
:104FF00082800DC195C1835705040F00F00FC207D1
:10500000C183035705080F00F00F998F2390F50017
:105010000145828029558280295582800DC195C124
:1050200083570508C207C183035705040F00F00F1B
:10503000998F93B717002380F50001458280295589
:105040008280295582800DC595C5035705080F003C
:10505000F00F83570504998FC207C183035745009A
:10506000B3B7E70093C717002380F500014582809E
:105070002955828029558280411106C6B717014003
:1050800093870780630BF502B7170140938707C02A
:10509000630EF502B71701406303F504B71701402B
:1050A000938707406306F504B7270140938707807D
:1050B000630BF504B2404101828085451145EF0044
:1050C000D01E81451145EF00501EEDB785452145A5
:1050D000EF00B01D81452145EF00301DE1BF854542
:1050E0004145EF00901C81454145EF00101CD9B7A8
:1050F000854513050002EF00501B81451305000292
:10510000EF00B01A45BF854513050004EF00F01904
:10511000814513050004EF00501969BF411106C60F
:1051200085450545EF00701881450545EF00F017EE
:10513000B240410182809C4593F8F700C18B81C742
:10514000DC41B3E8F80083C70500A1CF03280500C0
:10515000014719A05CC905079D4763E2E70485473D
:10516000B397E70083D60500FD8EE396D7FE1316AE
:105170002700BD46B396C60093C6F6FF33F8060176
:105180003396C80033680601944513068002E38312
:10519000C6FC13068004E390C6FC1CC96DBF232027
:1051A000050103D705009307F00F63F1E706032815
:1051B0004500014739A09045930680046304D60456
:1051C00005079D4763E2E704930687008547B39789
:1051D000D70083D60500FD8EE394D7FE1316270073
:1051E000BD46B396C60093C6F6FF33F80601339664
:1051F000C80033680601904593068002E31DD6FA85
:105200005CC955BF1CC96DBF232205018280FD57B3
:105210002310F50089475CC191471CC582801C455D
:10522000FD8D99C105458280014582800845420572
:10523000418182805C45FD8D99C105458280014593
:10524000828048454205418182800CC982804CC9D8
:10525000828019C20CC982804CC982804CC5828070
:10526000C167CD8F1CCD0CCD1CCD1C4D1C4D82803B
:10527000B70601409C424167130707F8F98F1205F2
:105280005D8DC98D8CC2828001C9370701401C43E6
:1052900093E707081CC38280370701401C4393F73C
:1052A000F7F71CC382802A8663430504B7070140D1
:1052B000DC43135705013D8B93160501C182634CF6
:1052C000060237083000B3780501638C08073708F9
:1052D0001000337805016300080A0D483317E80011
:1052E0001347F7FF7D8FB707000FD98FBDA0B70712
:1052F0000140DC4F7DBF37083000B3780501638F74
:1053000008013708100033780501630108020D48D1
:105310003317E8001347F7FFF98F81A041070D48C5
:105320003317E8001347F7FFF98F05A81357550106
:105330001377F73F12073397E6001347F7FFF98F0C
:1053400029A8370700F17D17F98FB708014003A896
:1053500048003377E80023A2E80081C9558113751E
:10536000F53F12053397A600D98F6342060237072F
:1053700001405CC382801357550112073397E60042
:105380001347F7FF7D8FB707000FD98FF9B737079E
:1053900001405CCF828093F635008A063D47331783
:1053A000D70093F5C50FB7070140AE979047134755
:1053B000F7FF718F98C798473315D500498F98C765
:1053C000828009C9370701405C43B7068000D58F4A
:1053D0005CC38280B7060140DC42370780FF7D173F
:1053E000F98FDCC28280011106CE22CC26CA4AC8BF
:1053F00002C202C402C685451305C0078D2DB7F74A
:10540000FF1F83A7477093F7F7F037077130130733
:1054100087506380E71E3707713013078750636A30
:10542000F70837075230130787506383E7143707AD
:105430005C30130787506391E704930700F8231249
:10544000F1001304800422C64C0037150140E531F9
:10545000FD542312910022C64C003715014013055C
:105460000540D1392312910022C64C003725014056
:1054700013050580C93185AA3707503013078750B7
:105480006393E716ED572312F1001304800422C63C
:105490004C0037150140130505407139FD572312A3
:1054A000F10022C64C00372501401305058061310B
:1054B0001DAA37B77331130787506383E71637B7D1
:1054C0007531130787506397E7069307006023122F
:1054D000F1001304800422C64C00B7140140138568
:1054E000048091398567938707E02312F10022C673
:1054F0004C00138504C0813191678D172312F10090
:1055000022C64C00371501403D319307F0EF2312BE
:10551000F10022C64C001385044031399307F0078F
:105520002312F10022C64C003725014013050580E7
:10553000193155A837077330130787506395E70A69
:105540009307B0CF2312F1001304800422C64C004D
:105550003715014013050540F93EF9572312F100B4
:1055600022C64C003725014013050580E936A5A861
:10557000E9779387D7CD2312F1001304800422C664
:105580004C00B714014013850480753691472312EF
:10559000F100930780023EC64C00138504C0613EB3
:1055A0009307B0332312F10022C64C00138504C0C8
:1055B00059369307F0C32312F10022C64C00371569
:1055C0000140953E7D592312210122C64C001385CE
:1055D000044095362312210122C64C003725014094
:1055E00013050580893EF2406244D2444249056178
:1055F0008280ED572312F1001304800422C64C0070
:1056000037150140130505403D36FD572312F100C3
:1056100022C64C003725014013050580293EE1B71D
:105620009307003C2312F1001304800422C64C00AF
:1056300037150140093691679387B7EF2312F100C0
:1056400022C64C003715014013050540ED34930781
:10565000E0072312F10022C64C0037250140130554
:105660000580D13C49B7B71702409843136717002C
:1056700098C3D843B706FFF8758FD8C39843B706C9
:10568000F7FEFD16758F98C39843B706FCFFFD160D
:10569000758F98C3D843B70681FFFD16758FD8C3A1
:1056A0009843B70600ECFD16758F98C33707FF00C7
:1056B00098C723A607028280B71702409843C17695
:1056C000FD16758F98C39843B706FCFFFD16758FBE
:1056D00098C3C1676307F500B7070400630AF500C4
:1056E0008280371702401C43C166D58F1CC382805D
:1056F000371702401C43B7060500D58F1CC38280B4
:10570000371702401C4393F777F00E055D8D08C3F1
:10571000828001C9371702401C4393E717001CC35E
:105720008280371702401C43F99B1CC38280B71745
:105730000240DC4337F7FF1F0327C7709166758F60
:1057400019EB3707C1FF7D17F98F4D8D5D8DB717A9
:105750000240C8C382803707C3FF7D17F98FF5B7B2
:1057600009C9371702401C43B7060001D58F1CC377
:105770008280B71602409C42370700FF7D17F98FE1
:105780009CC28280371702405C43F19BC98F5CC387
:105790008280B7170240C8433189828037170240A0
:1057A0005C4393F7F7F0C98F5CC3828037170240E0
:1057B0005C4393F7F78FC98F5CC38280B7160240B2
:1057C000DC4271771307F77FF98F0E055D8DC8C234
:1057D000828089C93717024083479700C98FA30485
:1057E000F7008280B717024003C797001345F5FF03
:1057F000798DA384A7008280B7160240DC425177DE
:105800007D17F98FC98FDCC28280B71702402380D1
:1058100007022380070285476306F5009147630965
:10582000F5008280B717024005472380E702828097
:10583000B717024015472380E702828001C9371756
:1058400002405C5393E717005CD382803717024015
:105850005C53F99B5CD38280371702401C53C98F7D
:105860001CD3828001C9371702401C53A166D58F13
:105870001CD38280B71602409C5261777D17F98F46
:105880009CD28280B7170240DC43B18B1147638101
:10589000E70821476384E70899C7B7177A00938719
:1058A00007201CC131A0B7177A00938707201CC1BD
:1058B000371602405C429183BD8B97A6FF1F9386EB
:1058C0006675B69703C707001C41B3D7E7005CC1F4
:1058D000584221831D8B36970347070033D7E700D3
:1058E00018C558422D831D8BBA9603C70600B3D73F
:1058F000E7005CC5584239830D8B938681803697CB
:10590000034707001377F70FB3D7E7021CC982805C
:10591000B7177A00938707201CC159BF3717024079
:105920005C435843C166758FC983BD8B8907B7F641
:10593000FF1F83A6C6701166F18E85E6C546638695
:10594000D70481462DE33747024003270780418B68
:1059500039C337177A0013070720B387E7021CC142
:1059600061A88946638ED700BD46638DD700C146C6
:105970006380D70281464546E396C7FCC147D9B745
:10598000C947F5B78546B547FDB78146C9475DBFED
:105990008146BD4745BF37173D0013070790B387C2
:1059A000E7021CC191A83717024058574166718F12
:1059B00059C3B7150240D05511823D8A05063717E5
:1059C0007A00130707203357C70218C1D055218228
:1059D0003D8A0DEA131627003297058318C110413E
:1059E0003717024058573D8B05073357E60218C159
:1059F0001841B307F7021CC1E38C06EA1C418583FA
:105A00001CC17DB58545630AB600BD45630FB60070
:105A100009063307C70218C1D9B7131617003A96FB
:105A20000E063297058318C15DBF13162700329703
:105A30000A0718C16DB73717024050573D8A05064F
:105A400037177A00130707203357C70218C14DB71D
:105A500099C5371702405C4BC98F5CCB82803717E2
:105A600002405C4B1345F5FFE98F5CCB828099C502
:105A7000371702401C4FC98F1CCF82803717024056
:105A80001C4F1345F5FFE98F1CCF828099C537174E
:105A900002405C4FC98F5CCF8280371702405C4F59
:105AA0001345F5FFE98F5CCF828099C53717024017
:105AB0005C47C98F5CC78280371702405C4713453B
:105AC000F5FFE98F5CC7828099C5371702401C4BF0
:105AD000C98F1CCB8280371702401C4B1345F5FF42
:105AE000E98F1CCB828001C9371702401C53C16665
:105AF000D58F1CD38280B71602409C5241777D1708
:105B0000F98F9CD2828009C9371702401C43B7061F
:105B10000800D58F1CC38280B71602409C4237070D
:105B2000F8FF7D17F98F9CC28280B7170240A383CC
:105B3000A7008280935755000547638EE700094709
:105B4000638FE700B7170240DC5333D5A700058900
:105B500011C105458280B71702409C43FDB7B717B6
:105B600002409C53DDB7011106CE02C61305100397
:105B7000D137B24785073EC6324785676303F700D2
:105B800075D5130510037D3711C10545F240056138
:105B90008280371702405C53B7060001D58F5CD373
:105BA0008280B71702409C477D8D11C105458280D8
:105BB000B71702402385A7008280B7160240DC5643
:105BC00041774117F98F4D8D5D8DC8D6828037178B
:105BD00002405C5793F7F7F0C98F5CD78280B71605
:105BE0000240DC567D771307F70FF98FC98FDCD69B
:105BF000828009C9371702401C43B7060004D58FBD
:105C00001CC38280B71602409C42370700FC7D17F8
:105C1000F98F9CC28280B7160240DC5645777D170B
:105C2000F98FC98FDCD6828009C9371702401C431F
:105C3000B7060010D58F1CC38280B71602409C4265
:105C4000370700F07D17F98F9CC28280B71702409A
:105C5000D843B70640FFFD16758FD8C3D8435A0501
:105C6000498FD8C38280B7170240D8578176FD1676
:105C7000758FD8D7D8574605498FD8D78280B717A0
:105C80000240D857B706FCFFFD16758FD8D7D857F6
:105C90004A05498FD8D7828099C5371702401C57CB
:105CA000C98F1CD78280371702401C571345F5FF58
:105CB000E98F1CD7828009C9371702405C43B706B9
:105CC0000080D58F5CC38280B7160240DC42370764
:105CD00000807D17F98FDCC28280B7170240D85749
:105CE000B706F8FFFD16758FD8D7D8574E05498FE0
:105CF000D8D78280B7170240D857B706D0FFFD1615
:105D0000758FD8D7D8575205498FD8D7828009C9FF
:105D1000371702405C57B7064000D58F5CD78280AA
:105D2000B7160240DC563707C0FF7D17F98FDCD667
:105D30008280B7170240D857B70600F9FD16758F55
:105D4000D8D7D8576205498FD8D78280B717024075
:105D5000D857B70600F8FD16758FD8D7D8576E05F7
:105D6000498FD8D78280B7170240D857B70600D0DE
:105D7000FD16758FD8D7D8577205498FD8D782802E
:105D800009C9371702405C57B7060040D58F5CD76A
:105D90008280B7160240DC56370700C07D17F98FA6
:105DA000DCD68280B7170240D857B7060080FD16B0
:105DB000758FD8D7D8577E05498FD8D782804111A3
:105DC00006C6B747014093870780630BF504B747C2
:105DD000004093870740630EF504B7570040938750
:105DE00007806303F506B7570040938707C0630831
:105DF000F506B7570040630FF506B72700409387B5
:105E000007806304F508B7270040938707C063093C
:105E1000F508B72700406300F50AB24041018280CF
:105E200085451165EFF07FC881451165EFF0FFC72B
:105E3000EDB7854537050200EFF01FC981453705ED
:105E40000200EFF07FC8D1BF854537050400EFF0B1
:105E5000BFC7814537050400EFF01FC77DBF8545EB
:105E600037050800EFF05FC6814537050800EFF001
:105E7000BFC565B7854537051000EFF0FFC4814504
:105E800037051000EFF05FC449BF854513050004D6
:105E9000EFF09FC3814513050004EFF0FFC2B5BFCB
:105EA000854513050008EFF03FC281451305000842
:105EB000EFF09FC19DB7854513050010EFF0DFC0DF
:105EC000814513050010EFF03FC081BF797106D600
:105ED00022D426D22A84AE840357050183D76500D5
:105EE000F576FD16758FD98F2318F5000357C50079
:105EF00083D6450003D6850083D7A500D18ED58FE4
:105F0000FD769386369F758FD98F2316F5008357BC
:105F10004501C207C18303D7C50093F7F7CFD98FD7
:105F2000231AF5006800EFF0FF95B747014093870B
:105F30000780630DF404524793171700BA978E0732
:105F4000BA9798400A07B3D7E7029306400633D7BB
:105F5000D70213164700B7050010FD156D8F3307E4
:105F6000D702998F920793872703B3D6D7021307D7
:105F7000F063637FF70093070601C207C183231410
:105F8000F400B250225492544561828062476DB74A
:105F9000BD8AB3E7C600D5B78967938707581CC188
:105FA000231205002313050023140500B147231510
:105FB000F5002316050082800357050103D605006E
:105FC00003D8250083D6450083D7650033660601D4
:105FD000D18ED58FFD769386F60F758FD98F2318C6
:105FE000F50082802310050023110500231205000F
:105FF00023130500828091C98357C5000967D98F93
:10600000C207C1832316F50082808357C5007977C4
:106010007D17F98F2316F500828093F7F50F95838E
:106020000547B315B700638BE7000947638AE700AC
:10603000510509CA1C41CD8F1CC182803105D5BFD5
:106040004105C5BF1C4193C5F5FFED8F1CC1828082
:1060500019C683574501CD8F231AF50082808357D7
:10606000450193C5F5FFFD8D231AB5008280835746
:106070000501C207C183C19BC207C1832318F50074
:1060800083570501CD8F2318F50082808357C50003
:106090007D771307F77FF98F2316F5008357C50027
:1060A000CD8F2316F500828081C98357C50093E701
:1060B00027002316F50082808357C500C207C183DD
:1060C000F59BC207C1832316F50082808357050123
:1060D000C207C18393F7F7FDC207C1832318F500F8
:1060E00083570501CD8F2318F500828091C983570E
:1060F00005011167D98FC207C1832318F50082807B
:106100008357050171777D17F98F2318F500828079
:1061100093F5F51F2312B5008280035545001375D2
:10612000F51F82808357C50093E717002316F500FB
:1061300082808357850193F7F70F231CF50083575F
:106140008501A205CD8F231CF50082808357850130
:10615000C207C18393F707F0C207C183231CF50070
:1061600083578501CD8F231CF500828081C9835719
:10617000450193E70702231AF50082808357450102
:10618000C207C18393F7F7FDC207C183231AF50045
:10619000828081C98357450193E70701231AF500DF
:1061A000828083574501C207C183BD9BC207C1835B
:1061B000231AF500828081C98357450193E7870040
:1061C000231AF500828083574501C207C183DD9BF6
:1061D000C207C183231AF500828083574501C20795
:1061E000C183ED9BC207C183231AF5008357450184
:1061F000CD8F231AF500828081C98357450193E72B
:106200002700231AF500828083574501C207C18306
:10621000F59BC207C183231AF500828083570500CE
:10622000ED8F99C3054582800145828093C5F5FFB6
:10623000C205C1812310B500828093F7F50F9583C5
:1062400085463397B6006383D70289466384D702B5
:10625000835745017D8FA1818547B397B70083564A
:106260000500FD8E01CF89EE014582808357C50070
:106270007D8FD5B7835705017D8FF1BF01458280A2
:1062800005458280A1818547B397B700C207C183C6
:1062900093C7F7FFC207C1832310F500828083579D
:1062A0000502C207C183F99BC207C1832310F5020F
:1062B000035785014207418383570502C207C18303
:1062C0001377C7F09206C206C182D18E558FF59B17
:1062D000CD8F93E71700231CE5002310F502828081
:1062E00083570502C207C183BD9BC207C183231028
:1062F000F5020357850183570502C207C183920542
:10630000C205C18105681308F8CF33770701B206CB
:10631000C206C182D98E220642064182558E93F76B
:10632000F7FDCD8F93E70701231CC5002310F5026D
:10633000828083570502C207C18393F7F7EFC20734
:10634000C1832310F5020357C501420741838357D8
:106350000502C207C183A205C205C1811377C7F038
:106360009206C206C182D18E558F93F7F7DFCD8F8B
:1063700093E70710231EE5002310F5028280835760
:1063800005027D777D17F98F2310F5020357C501AC
:1063900083570502B205C205C18105681308F8CF0D
:1063A00033770701220642064182598EB206C206A1
:1063B000C182D18E79777D17F98FDD8D8567DD8D6F
:1063C000C205C181231ED5002310B5028280411170
:1063D00006C622C4B7370140938707C0630DF50690
:1063E000B7370140938707406306F508B757014068
:1063F000938707C06309F508B75701406300F50AA2
:10640000B70700406307F50AB707004093870740C6
:10641000630AF50AB717004093870780630DF50AF2
:10642000B7170040938707C06300F50CB71700400B
:106430006305F50CB7170040938707406318F50212
:10644000854513050002EFF02FE881451305000292
:10645000EFF08FE721A88545056413050480EFF070
:10646000CFE4814513050480EFF02FE4B2402244CD
:106470004101828085450965EFF02FE3814509657B
:10648000EFF0AFE2E5B7854537050800EFF0EFE143
:10649000814537050800EFF04FE1C9BF8545370555
:1064A0001000EFF08FE0814537051000EFF0EFDFCF
:1064B00075BF85450545EFF02FE181450545EFF0B6
:1064C000AFE06DB785450945EFF00FE0814509451F
:1064D000EFF08FDF61BF85451145EFF0EFDE8145BD
:1064E0001145EFF06FDE59B785452145EFF0CFDD5F
:1064F00081452145EFF04FDD95BF85454145EFF0E2
:10650000AFDC81454145EFF02FDC8DB7B7F7FF1FBA
:1065100003A7477011833D8B83570500C207C183D2
:106520007117914663ECE60237370140130707C045
:106530006302E5023737014013070740630CE500AB
:1065400037570140130707C06306E500375701407E
:106550006316E5000967D98FC207C1833737014049
:10656000130707C06306E504370700406302E5042C
:1065700013070740630EE502371700401307078033
:106580006308E50237170040130707C06302E502FE
:106590003737014013070740630CE50037570140C8
:1065A000130707C06306E500375701406319E5008C
:1065B00093F7F7F8C207C18303D72500D98F3717A0
:1065C0000040630DE500130707406309E50093F7FA
:1065D000F7CFC207C18303D76500D98F2310F50019
:1065E00083D745002316F50283D705002314F5024F
:1065F000B7370140938707C06302F502B737014000
:1066000093870740630CF500B7570140938707C095
:106610006306F500B75701406316F50083C7850090
:106620002318F5028547231AF50082808357050257
:10663000C207C183F99BC207C1832310F502035629
:1066400005024206418203574500420741838356B3
:106650008501C206C18293F6C6F883D70500DD8E98
:10666000759A83D785005D8E83D72500D18F373605
:106670000140130606C06302C50237360140130607
:106680000640630CC50037560140130606C063067A
:10669000C500375601406312C502DD9B03D6A50035
:1066A000D18FED9B03D64500D18F1377F7CF03D65B
:1066B000C500518F03D6E500518F2312E500231C3E
:1066C000D50003D76500231AE5022310F502828066
:1066D00083570502C207C183BD9BC207C183231034
:1066E000F50283560502C206C182035745004207E0
:1066F000418303568501E5779387F7CF7D8E83D756
:106700000500A207C207C1835D8E93F6F6FD83D70D
:1067100085009207C207C183DD8E83D725009207CB
:10672000C207C183D58FB7360140938606C0630286
:10673000D502B736014093860640630CD500B756A4
:106740000140938606C06306D500B7560140631228
:10675000D50493F7F7F783D6A5009206C206C18247
:10676000D58F93F7F7FB83D645009206C206C18208
:10677000D58FFD769386F63F758F83D6C5008A0642
:10678000C206C182D98E03D7E5000A0742074183BA
:10679000558F2312E500231CC50003D76500231C79
:1067A000E5022310F502828083570502C207C183E8
:1067B00093F7F7EFC207C1832310F50203560502D2
:1067C0004206418203574500420741838356C50173
:1067D000C206C18293F6C6F883D70500DD8E137614
:1067E000F6DF83D78500A207C207C1835D8E83D7FA
:1067F0002500A207C207C183D18F37360140130697
:1068000006C06302C5023736014013060640630C1A
:10681000C50037560140130606C06306C50037564B
:1068200001406313C5047D761306F67FF18F03D60E
:10683000A5002206420641825D8E1376F6BF83D7FD
:106840004500A207C207C183D18F75767D16718F6F
:1068500003D6C500120642064182598E03D7E500D1
:10686000120742074183518F2312E500231ED500F2
:1068700003D76500231EE5022310F50282808357AB
:1068800005027D777D17F98F2310F5020357050266
:1068900083574500C207C1830356C501E576938639
:1068A000F6CF758E83D60500A206C206C182D18EB0
:1068B00079767D16718F03D68500320642064182B5
:1068C000598E03D72500320742074183518F37364F
:1068D0000140130606C06302C502373601401306A5
:1068E0000640630CC50037560140130606C0630618
:1068F000C50037560140631BC50071767D167D8E3D
:1069000083D7C5009A07C207C183D18F2312F50030
:10691000231ED50083D765002310F5042310E5025C
:10692000828083D8050003D3250003D8450003D611
:10693000650083D6850003D7A50083D7C500B3E5DE
:106940006800B365B8004D8ED18E558FD98F231254
:10695000F5048280FD572312F50023100500231350
:106960000500231105002304050082802310050083
:10697000231105002312050023130500231405002D
:106980002315050023160500231705008280231018
:1069900005002311050085472312F5002313050088
:1069A0002314050082802310050023110500231203
:1069B00005002313050023140500231505002316E5
:1069C0000500828081C98357050093E717002310D3
:1069D000F500828083570500C207C183F99BC20777
:1069E000C1832310F500828091C9835745046177E4
:1069F000D98FC207C1832312F504828083574504CF
:106A000021677D17F98F2312F504828019C68357F9
:106A1000C500CD8F2316F50082808357C50093C52E
:106A2000F5FFFD8D2316B5008280231AB500828004
:106A3000D18D2314B504828019C68357C500CD8F2C
:106A40002316F50082808357C50093C5F5FFFD8DA1
:106A50002316B500828083578500C207C183E19B5E
:106A6000C207C1832314F50082808357850093F702
:106A7000F70FA206C206C182D18ECD8EDD8E231401
:106A8000D5008280411106C622C42A84F93F83576B
:106A9000840093E777072314F400B24022444101B5
:106AA0008280411106C622C42A84C13783578400DC
:106AB0001167D98FC207C1832314F400B240224466
:106AC000410182802314B502231AC50082808357B6
:106AD0000500C207C18393F7F7F8CD8F2310F500A7
:106AE000828083578500C207C18393F7F7F8CD8F63
:106AF0002314F5008280411106C622C42A84D537AA
:106B00008357840093E777002314F400B2402244B3
:106B100041018280411106C622C426C22A84AE8465
:106B2000B285930700066383F4020546EFF02FF762
:106B3000A68522857D378357840093E77700231449
:106B4000F400B24022449244410182800546EFF0B5
:106B50002FF9F9BF0358850042081358080103575D
:106B600085014207418383570502C207C183137819
:106B700088FF3368B8001377C7CF1367171093F7F0
:106B8000D7FD9206C206C182D18ED58F231405018E
:106B9000231CE5002310F502828083578501C2077C
:106BA000C18393F7F7F8CD8F231CF50082808357BC
:106BB000850165777D17F98FA205C205C181DD8D3D
:106BC000231CB50082808357C501C207C18393F798
:106BD000F7F8CD8F231EF50082808357C5016577B6
:106BE0007D17F98FA205C205C181DD8D231EB50079
:106BF000828081C98357050093E707082310F500B9
:106C0000828083570500C207C18393F7F7F7C20755
:106C1000C1832310F500828081C98357450093E723
:106C200047002312F500828083574500C207C183C5
:106C3000ED9BC207C1832312F500828081C983576F
:106C4000450093E787002312F500828083574500B3
:106C5000C207C183DD9BC207C1832312F500828076
:106C600081C98357450093E717002312F5008280FE
:106C700083574500C207C183F99BC207C183231212
:106C8000F500828083578501C207C183DD9BCD8FCC
:106C9000231CF5008280835785017D771307F77FDA
:106CA000F98FA205C205C181DD8D231CB50082804C
:106CB0008357C501C207C183DD9BCD8F231EF5001D
:106CC00082808357C5017D771307F77FF98FA2056F
:106CD000C205C181DD8D231EB500828083578501E9
:106CE000C207C183ED9BCD8F231CF50082808357A3
:106CF0008501C207C18393F7F7BFA205C205C18111
:106D0000CD8F231CF50082808357C501C207C18344
:106D1000ED9BCD8F231EF50082808357C501C207EE
:106D2000C18393F7F7BFA205C205C181CD8F231E92
:106D3000F500828083578501C207C18393F7F7F777
:106D4000CD8F231CF50082808357850121677D1735
:106D5000F98FA205C205C181DD8D231CB50082809B
:106D60008357C501C207C18393F7F7F7CD8F231E61
:106D7000F50082808357C50121677D17F98FA20531
:106D8000C205C181DD8D231EB500828083570502B7
:106D9000C207C183F59BCD8F2310F50282808357F4
:106DA0000502C207C183DD9BCD8F2310F5028280CF
:106DB00083570502C207C18393F7F7FD9205C20509
:106DC000C181CD8F2310F502828083570502C2074F
:106DD000C18393F7F7F79205C205C181CD8F2310C8
:106DE000F502828083570502C207C18393F7F7DF5C
:106DF000A205C205C181CD8F2310F5028280835781
:106E000005027D771307F77FF98FA205C205C181BF
:106E1000DD8D2310B50282808357050279777D17B7
:106E2000F98FB205C205C181DD8D2310B5028280C4
:106E30008547B397B700C207C1830357050293C7BD
:106E4000F7FFF98F2310F502835705023316B600BA
:106E500042064182D18F2310F50282809147B39779
:106E6000B700C207C1830357050293C7F7FFF98F25
:106E70002310F502835705023316B60042064182FD
:106E8000D18F2310F5028280130785018547B397C0
:106E9000B700C207C1838356050293C7F7FFF58F7A
:106EA0002310F5028DC5A1476383F502F115C205D4
:106EB000C1818581BA959C4165777D17F98F9CC109
:106EC0009C41220642064182D18F9CC182808581ED
:106ED000BA959C4193F7F7F89CC19C415D8E90C197
:106EE000828081C98357050093E727002310F500AE
:106EF000828083570500C207C183F59BC207C18307
:106F00002310F500828081C98357050093E747006D
:106F10002310F500828083570500C207C183ED9BD3
:106F2000C207C1832310F500828081C983574500C1
:106F300093E707082312F500828083574500C207B4
:106F4000C18393F7F7F7C207C1832312F50082804C
:106F500083570500C207C183DD9BC207C18323108D
:106F6000F50083570500CD8F2310F50082808357ED
:106F70004500C207C18393F7F7F8C207C183231204
:106F8000F50083574500CD8F2312F500828083578B
:106F90008500C207C183E19BC207C1832314F500AA
:106FA00083578500CD8F2314F50082808357850099
:106FB000C207C18393F7F7F7C207C1832314F50013
:106FC00083578500CD8F2314F50082802312B502EC
:106FD00082802316B5028280231AB5028280231C88
:106FE000B5028280231EB50282802310B504828000
:106FF00083578501C207C183CD9BC207C183231C70
:10700000F50083578501CD8F231CF50082808357BF
:1070100085017D771307F73FF98F231CF500835710
:107020008501A205C205C181CD8F231CF500828098
:10703000011106CE22CC26CA4AC84EC6AA842E8486
:1070400083D52500B1E5094903564400854763030C
:10705000F604854983570400A1E3835684002685FE
:10706000EFF0EFA3835564002685593783568400DB
:107070004E86CA852685EFF0AFA683556400268527
:107080007937F2406244D2444249B2490561828074
:1070900001495DBF89497DBF835684002685EFF095
:1070A0002FA48355640026859D37835684004E8621
:1070B000CA852685EFF0AF9E8355640026850D3F77
:1070C000C9B78357C501C207C183CD9BC207C1831E
:1070D000231EF5008357C501CD8F231EF500828046
:1070E0008357C5017D771307F73FF98F231EF500FE
:1070F0008357C501A205C205C181CD8F231EF500AE
:107100008280411106C622C426C2AA842E8483D757
:10711000050085CB11476383E7042147638DE704AE
:1071200083D6850003D6450083D52500EFF02FA533
:107130008355640026856D37B24022449244410154
:10714000828083D6850003D6450083D52500EFF0E5
:107150000F95835564002685613DF9BF83D6850070
:1071600003D6450083D52500EFF08F978355640043
:107170002685713DD1B783D6850003D6450083D5DA
:107180002500EFF00F9B8355640026851D3F6DB7EA
:1071900083570500C207C18393F7F7CFC207C183A6
:1071A0002310F50083570500CD8F2310F500828052
:1071B0000355450382800355850382800355C5032B
:1071C0008280035505048280035545028280035561
:1071D0008502828083570501ED8F99C30545828022
:1071E0000145828093C5F5FFC205C1812318B50012
:1071F000828083570501ED8F0357C5006D8F81C7CE
:1072000009E701458280014582800545828093C55A
:10721000F5FFC205C1812318B50082802A8309CAFF
:1072200083830500230073007D16050385056DFA31
:1072300082802A8311C62300B3007D16050365FEF4
:1072400082800346050083C6050005058505631396
:10725000D60065FA3305D640828001A09791FF1FC2
:1072600093814162171100201301C1D91725000035
:107270001305C5E69795FF1F9385C5D813868181B1
:1072800063FAC5008322050023A05500110591056E
:10729000E3EAC5FE1385018497A5FF1F9385453456
:1072A0006377B500232005001105E36DB5FEFD42AF
:1072B000739002BCAD4273904280996293828208BF
:1072C000739002309792FFFF938202D493E23200D0
:1072D00073905230EFA00F9B97A2FFFF9382C24F93
:1072E0007390123473002030C1676376F5029337D0
:1072F000051093C717008E07130700021D8F335523
:10730000F500972700009387E7BCAA9703C50700FD
:107310003305A7408280B70700016370F502C147BB
:107320003355F500972700009387C7BAAA9703C57E
:10733000070041473305A7408280E1473355F500F8
:1073400097270000938707B9AA9703C5070021472D
:107350003305A74082802E86AA8503A5C18029A077
:10736000AA8503A5C1801DA833B7C502011106CEA9
:1073700022CC3386C50209CB314718C10144F24003
:107380002285624405618280B28532C609222A8440
:1073900075D532468145EFF0DFE9D5B7D1CD83A76A
:1073A000C5FF011122CC06CE1384C5FF63D30700AD
:1073B0003E942AC645211387C1861C43324581EB82
:1073C0002322040000C36244F240056141A9637DA9
:1073D000F4001040B306C4006396D7009443DC4326
:1073E000B29614C05CC0F9BF3E87DC4399C3E37D0D
:1073F000F4FE14433306D700631F86001040B29694
:1074000014C33306D700E390C7FC9043DC43B29625
:1074100014C35CC34DBF6375C400B1471CC165B7DD
:107420001040B306C4006396D7009443DC43B29681
:1074300014C05CC040C341BF828041114AC013895F
:1074400081868327090022C426C206C6AA842E8408
:1074500089E7814599222320A900A2852685352A1E
:107460007D59631A25017D54B240228522449244FD
:10747000024941018280130435007198E30685FEBC
:10748000B305A4402685112AE31025FFE9BF0111A9
:1074900026CA93843500F1984AC806CE22CC4EC63F
:1074A000A104B1472A8963F5F406B14463E4B40644
:1074B0004A854D269389C18683A709003E8435E419
:1074C000A6854A85EFF07FF7FD572A846315F50CF2
:1074D00003A40900A287DDE78329040081454A85CA
:1074E000A29965286393A90A1C408D049D8CF1988C
:1074F000A104B14763F3F400B144A6854A85EFF0D7
:10750000DFF3FD576303F5081C40A6971CC03DA898
:10751000E3DE04F8B1472320F9000145F24062445C
:10752000D2444249B249056182801440858E63C8C5
:1075300006042D47637DD70204C033079400639689
:10754000870223A0E9005C4014C35CC34A85392646
:107550001305B4009307440061993307F540E30F26
:10756000F5FA3A94898F1CC055BFD8C3E9BF58407B
:107570006395870023A0E900D1BFD8C3C1BFA2870C
:10758000404035BF3E84DC43B9B7B1472320F90002
:107590004A85E92459B704C155BF411122C42A8440
:1075A0002E8523AE018606C6EFA00F9FFD576316FA
:1075B000F50083A7C18791C31CC0B240224441019A
:1075C00082802A8603A5C180AE8605C11C4D91EF3D
:1075D000011106CE2EC632C42AC2E5201245B2469B
:1075E0002246F2400C450561E5A40C45F5BF41116A
:1075F00022C406C62A842316B5002317C5002320FB
:107600000500232205002324050023220506232844
:107610000500232A0500232C05002146814513057A
:10762000C505EFF01FC197070000938747585CD04E
:10763000970700009387C75A1CD4970700009387C9
:10764000075F5CD4970700009387C761B24000D002
:107650001CD8224441018280971500009385A5958E
:1076600051A2411126C2930780069384F5FFB3848B
:10767000F4024AC02E8922C406C693854407EFF05F
:107680001FE12A8401CD2320050023222501310595
:1076900008C4138684068145EFF0BFB9B240228545
:1076A00022449244024941018280138541874DA2C0
:1076B0001385418779AA1385818759AA1385818704
:1076C00049AA411122C406C62A84EFF0DFFE1C4CF1
:1076D00091C72244B24041016FF05FFE970700005E
:1076E0009387C7F71CD423240404232604042328E7
:1076F000040483A741816394870085471CCC2285BD
:10770000152848C022853D2008C42285252048C46C
:10771000484001469145EFF09FED08440546A545D8
:10772000EFF0FFEC48440946C945EFF05FEC8547B0
:107730001CCC45B7411126C24AC006C622C42A89BC
:10774000EFF0BFF683A441819C4C81E72685EFF0E2
:107750005FF7938484048044DC40FD1763D6070000
:107760009C40A5C78440C5BF0317C40021EFC17763
:1077700085075CC41305840523220406C928EFF09D
:107780003FF3214623200400232404002322040085
:1077900023280400232A0400232C04008145130518
:1077A000C405EFF01FA9232A0402232C040223247A
:1077B000040423260404B240228522449244024950
:1077C000410182801304840649BF91454A85EFF048
:1077D0005FE988C02A8459F5EFF09FEDB147232077
:1077E000F900D1BF797122D44AD04ECE52CC5AC8BA
:1077F0005EC606D626D256CA2A892E8A1304850466
:107800008149054BFD5B0444832A4400FD1A63D083
:107810000A0200406DF8B250225492540259624A52
:10782000D24A424BB24B4E85F2494561828083D7A2
:10783000C400637BFB008397E40063877701A68520
:107840004A85029AB3E9A90093848406C1B782806D
:1078500082808280138501876FF09FFF13850187E7
:107860006FF03FFF1C46FD171CC663D90700184E7A
:1078700063C5E700A9476393F500F5A61C422E8572
:107880001387170018C22380B7008280011122CC11
:1078900026CA4AC84EC652C406CE2A89AE89328448
:1078A000B304D6007D5A63149400014511A88345A2
:1078B00004004E864A85EFF0FFFA0504E31545FF04
:1078C000F2406244D2444249B249224A0561828070
:1078D000357122CD26CB4AC94EC706CF52C556C3F5
:1078E0005AC1DEDEE2DCE6DAAA892E843289B68469
:1078F00009C51C4D99E3EFF0DFDC97170000938773
:107900006771631AF40403A449007C50858B89EBEA
:107910008357C40093F7072081E7284CEFF05FF30B
:107920008357C400A18B99C31C48ADE3A2854E8543
:10793000152129CD7C50858BA9C37D55FA406A4419
:10794000DA444A49BA492A4A9A4A0A4BF65B665CC3
:10795000D65C0D618280971700009387A769631535
:10796000F40003A4890055B7971700009387876632
:10797000E31DF4F803A4C90049BF8357C40093F77B
:107980000720C5FF284CEFF0DFEC45BF930700024E
:10799000A304F1029307000302D22305F10226C6D5
:1079A000930B5002971A0000938ACA68054C294B22
:1079B000CA8483C7040099C3639D7709B38C2441AB
:1079C000638E2401E6864A86A2854E85EFF01FEC81
:1079D000FD57630FF5189257E6973ED283C7040010
:1079E00063880718FD571389140002C802CE3ECAE7
:1079F00002CCA309010482D48345090015465685AB
:107A0000EF00C076C2479304190031E513F7070170
:107A100009C713070002A309E10413F7870009C788
:107A20001307B002A309E104834609001307A0026B
:107A3000638BE602F247CA848146254603C70400E9
:107A400093851400130707FD6375E6068DC63ECEC9
:107A50001DA08504B9BF330555413315AC00C98F4E
:107A60003EC8268951BF324793064700184336C6A1
:107A7000634A07023ACE03C704009307E002631E7D
:107A8000F70403C714009307A002631AF702B24772
:107A90008904138747009C433AC663D30700FD5708
:107AA0003ECA25A83307E04093E727003ACE3EC8F8
:107AB000D9B7B3876703AE848546BA9741B78504C3
:107AC00002CA81468147254603C7040093851400F6
:107AD000130707FD6374E606E1F683C504000D464F
:107AE0001715000013058555512511CD9717000076
:107AF0009387C7541D8DC247130700043317A7008F
:107B0000D98F85043EC883C50400194617150000A7
:107B100013050553138914002304B102812D25CDCB
:107B20009307000095E74247B2471377071009CF44
:107B300091073EC69257D2973ED29DBDB387670349
:107B4000AE848546BA9749B79D07E19BA107D5B793
:107B50007800970600009386A6D322860C084E85EF
:107B600097000000E7000000FD572A8AE314F5FCA7
:107B70007C50858B89EB8357C40093F7072081E7FE
:107B8000284CEFF01FCD8357C40093F70704E3960A
:107B900007DA125565B3780097060000938646CF42
:107BA00022860C084E85C52DC1B7411122C42E84F2
:107BB0008395E50006C6EF007016634905007C4812
:107BC000AA977CC8B2402244410182808357C400F6
:107BD0007D777D17F98F2316F400EDB783D7C500A5
:107BE000011122CC26CA4AC84EC606CE93F707100A
:107BF000AA842E843289B68991C78395E500894687
:107C0000014681218357C4007D777D17F98F831545
:107C1000E4002316F4006244F240CE864A86B2495C
:107C200042492685D244056101A2411122C42E8415
:107C30008395E50006C631217D578357C400631B39
:107C4000E5007D777D17F98F2316F400B2402244BA
:107C5000410182800567D98F2316F40068C8FDB7FB
:107C60008395E500FDA2011122CC26CA4AC806CEA2
:107C70004EC6AA842E89328409C51C4D99E3EFF0C3
:107C80005FA4971700009387E7386318F402C04099
:107C90001C4C1CC48357C400A18B99C31C4895EF8E
:107CA000A2852685452815C97D59F2406244D244F3
:107CB000B2494A854249056182809717000093873F
:107CC00067336314F4008044E1B79717000093878B
:107CD0006730E31FF4FAC04465BF1C48084093793D
:107CE000F90F1379F90F1D8D5C486346F500A285E5
:107CF0002685C12455F91C440505FD171CC41C40EC
:107D00001387170018C0238037015C486389A700D8
:107D10008357C400858BD1DBA947E318F9F8A28506
:107D20002685412C59D149B7411122C42A842E8578
:107D3000B285368623AE018606C6EF90DFA0FD57DA
:107D40006316F50083A7C18791C31CC0B2402244CB
:107D500041018280411122C426C24AC006C683A4C2
:107D6000C1802A892E8491C49C4C81E72685EFF03E
:107D70005F95971700009387E7296314F402C040CA
:107D80008317C40013F7870035EB13F7070115EBD2
:107D900025472320E90093E707042316F4007D55C7
:107DA00061A8971700009387E7246314F4008044C8
:107DB000C1BF971700009387E721E313F4FCC04489
:107DC000C1B7918B95C74C5891C9930744046385FB
:107DD000F5004A85EFF08FDC232A04028357C400A4
:107DE0002322040093F7B7FD2316F4001C481CC09F
:107DF0008357C40093E787002316F4001C4881EFE3
:107E00008357C4001307002093F707286385E70012
:107E1000A2854A854D2C8317C40013F717001DC394
:107E20005848232404003307E04018CC1848014583
:107E300001E713F7070825F3B240224492440249B0
:107E40004101828013F72700814611E3544814C48E
:107E5000F1BF411122C42A842E8523AE018606C6B5
:107E6000152FFD576316F50083A7C18791C31CC06A
:107E7000B2402244410182808397C500011122CC87
:107E800026CA06CE4AC84EC613F78700AA842E8497
:107E900071E7D8416345E000B8416359E0085854A0
:107EA00051C7B18303A90400858B23A004000C50A3
:107EB000A1CF70488357C400918B99C75C401D8E39
:107EC0005C5899C33C401D8E5C540C5081462685FD
:107ED0008297FD57630EF5041C48056723220400B2
:107EE0001CC08357C400F98F91C368C84C5823A0A5
:107EF00024018DCD930744046385F5002685EFF0BA
:107F0000EFC9232A04021DA0014685462685029753
:107F1000FD572A86E310F5FA9C40C9DF7547638553
:107F2000E70059476395E70623A024010145BDA05A
:107F300098408317C40001CFF5466305D700D946A2
:107F40006319D7041C48232204001CC045B71848F5
:107F5000B1832322040018C0858B79B783A905015A
:107F6000E38609FC03A905008D8B23A035013309A5
:107F70003941014791E3D84918C4E35920FB1C5407
:107F80000C50CA864E86268582976340A0028317CE
:107F9000C40093E707042316F4007D55F2406244C1
:107FA000D2444249B24905618280AA993309A94065
:107FB000E9B79C49411106C622C426C281EB81441F
:107FC000B24022442685924441018280AA842E84B4
:107FD00009C51C4D99E3EFF0CFEE9717000093878A
:107FE00067036310F404C0408317C400E9DB7850D2
:107FF000058B19E793F7072081E7284CEFF05F85A1
:108000002685A285EFF05FE77C50AA84858BCDFBA7
:108010008357C40093F70720C5F7284CEFF07F8300
:1080200045B7971700009387E7FC6314F40080447A
:1080300065BF971700009387E7F9E317F4FAC04488
:1080400065B7411122C42A842E85B285368623AEB7
:10805000018606C69523FD576316F50083A7C187E1
:1080600091C31CC0B2402244410182805971A2D404
:108070002E848395E500A6D2CAD086D6B2843689EE
:1080800063D305028357C40093F707088DEB1307EA
:108090000040B65026542320F90098C00659965443
:1080A00001456561828030007929E34D05FC324746
:1080B000BD67F98F7977BA9793B71700C9BF814722
:1080C00013070004F9B783D7C500797122D406D607
:1080D00026D24AD04ECE898B2E8491CF930774043A
:1080E0001CC01CC885475CC8B25022549254025927
:1080F000F2494561828074003000AA84EFF01FF7D6
:10810000A2492A892685CE85EFF06FB801ED831745
:10811000C40013F7072069FBF19B93E727002316A0
:10812000F4006DBF97F7FFFF938747539CD48357A5
:10813000C40008C008C893E707082316F400B24734
:10814000232A340189CF8315E40026850D2101C936
:108150008357C400F19B93E717002316F40083575D
:10816000C40033E527012316A400BDBF93F5F50F26
:108170002A966314C5000145828083470500E38D7C
:10818000B7FE0505FDB7797156CA9C49BA8A98456C
:1081900022D44AD04ECE52CC06D626D25AC85EC67B
:1081A000AA892E843289368A63D3E700BA872320CE
:1081B000F9000347340401C785072320F9001C4058
:1081C00093F7070291C78327090089072320F90045
:1081D0000440998891E8130B9401FD5B5C440327EC
:1081E0000900998F63CCF40483473404B336F0005C
:1081F0001C4093F70702A5EB13063404D2854E8585
:10820000829AFD576303F5041C4011478144998B02
:108210006399E7004444832709009D8C63D30400DD
:1082200081441C4418486354F700998FBE94014957
:1082300069047D5B63982405014509A885465A8633
:10824000D2854E85829A631E75017D55B2502254A7
:1082500092540259F249624AD24A424BB24B4561AA
:1082600082808504A5BF3307D40013060003A30151
:10827000C7040347540493871600A2978906A38175
:10828000E7049DBF85462286D2854E85829AE30EFD
:1082900065FB050945B7797122D44AD04ECE52CC40
:1082A00006D626D256CA5AC803C885019307800746
:1082B0002A892E84B289368A63E20703930720064F
:1082C0009386350463E107036301081E9307800565
:1082D00017160000130646D7630BF8149304240402
:1082E0002301040515A89307D8F993F7F70F55460E
:1082F000E366F6FE17160000130686D78A07B297C4
:108300009C43B29782871C4393842504938647003D
:108310009C4314C32381F504854755AA90411C430F
:10832000137506089385470039C19C430CC3584018
:1083300063D307149305D002A301B40418C4635097
:108340000704B307F040171600001306E6CF2948CC
:10835000B68433F70703FD143297034707002380E1
:10836000E4003E87B3D70703E37507FF8DA09C4366
:10837000137506040CC345DDC207C1874DBF6D9A56
:1083800010C0C1B790411C43137506089385470080
:1083900001C50CC39C4339A0137606040CC37DDAD7
:1083A00083D707001307F006171600001306C6C987
:1083B0006311E80C2148A3010404584018C4E349A0
:1083C00007F80C40ED990CC0C1F7B68451F3A147F2
:1083D000631EF8001C40858B91CB58401C4863C736
:1083E000E70093070003A38FF4FEFD14858E14C8E5
:1083F0005287CE867000A2854A85EFF0DFD8FD5AFD
:10840000631B550D7D55B250225492540259F249C6
:10841000624AD24A424B456182809C4193E70702FF
:108420009CC11308800717160000130626C3A30279
:1084300004050C401C4313F8050813854700630529
:10844000080008C39C4301A813F8050408C3E30B04
:1084500008FE83D7070013F7150001C793E505024F
:108460000CC099C3414881BF18401377F7FD18C06D
:10847000D5BF294889B7171600001306E6BC29485E
:108480002DBF90411C43CC49137806081385470043
:108490006306080008C39C438CC301A808C3137675
:1084A00006049C4375DA2390B70023280400B684A1
:1084B00081B71C43D04181459386470014C3844350
:1084C0002685EFF0BFCA19C1058D48C05C401CC8A5
:1084D000A301040431BF14482686CE854A85029A3A
:1084E000E30255F31C40898B8DE7B2474844E35CB7
:1084F000F5F03E8509BF85465686CE854A85029AA7
:10850000E30265F185045C443247998FE3C5F4FECC
:10851000E9BF8144930A94017D5BF5B7411122C400
:108520002A842E85B285368623AE018606C6592852
:10853000FD576316F50083A7C18791C31CC0B240E5
:10854000224441018280411122C42A842E85B285B1
:1085500023AE018606C6A920FD576316F50083A742
:10856000C18791C31CC0B2402244410182804111A5
:1085700022C42A842E8523AE018606C60528FD570F
:108580006316F50083A7C18791C31CC0B240224483
:10859000410182809307800523AEF1867D5582805C
:1085A0009307800523AEF1867D5582809307800571
:1085B00023AEF186014582809307800523AEF186C4
:1085C0007D5582809307800523AEF1867D5582809C
:1085D00000080140000C014000100140001401405F
:1085E0000018014004000000080000001000000016
:1085F000200000004000000000000000000000001B
:108600000102030406070809088D0000088D000018
:10861000488900005C8900000000000000000000A4
:108620000000000000000000020100000000000047
:108630007AB1FFFF82B1FFFF94B1FFFFAAB1FFFF44
:10864000CEB1FFFFF8B1FFFF18B2FFFF20B2FFFF6E
:10865000636173636164653A202725732720646929
:108660007361626C65642028646570656E64656E14
:1086700063792027257327206661696C656429006A
:10868000626F6172645F647276000000464154411B
:108690004C3A20272573272070726F62652066612F
:1086A000696C656420E2809420696E697469617404
:1086B000696E6720736166652073687574646F778F
:1086C0006E000000464154414C2064657669636544
:1086D00020272573272070726F6265206661696CA0
:1086E000656400004F53414C5F50414E49430000C8
:1086F0006E6F6E2D666174616C2070726F626520A2
:108700006661696C75726520666F72202725732714
:108710000000000070726F62696E6720616C6C20EF
:10872000646576696365732066726F6D20636F6D33
:1087300070696C652D74696D6520445453207461B3
:10874000626C65202E2E2E00736B69702070726F24
:1087500062653A202725732720286469726563744F
:1087600029000000736B697020272573273A206465
:108770006570656E64656E6379207065726D616E9B
:10878000656E746C7920756E617661696C61626C7E
:10879000650000006E6F2067656E657261746564C8
:1087A0002070726F626520666F7220272573272004
:1087B00028636F6D7061743D2573290070726F625C
:1087C000696E6720272573272028257329202E2EE0
:1087D0002E0000006465766963655F6F70656E20CA
:1087E0004641494C45443A20257320287265743D22
:1087F00025642900444546455220272573273A2001
:108800007068616E646C6520646570656E64656E29
:108810006379206E6F74207965742070726F626561
:108820006400000070726F6265204641494C454407
:108830003A20257320287265743D256429000000C4
:108840004550524F42455F4445464552207374613E
:108850006C6C3A20256420646576696365732073C7
:108860007475636B20616674657220256420706185
:1088700073736573000000004445464552207374CD
:10888000616C6C3A2027257327207065726D616ECC
:10889000656E746C792064697361626C6564000054
:1088A000706173732025643A2025642064656665D1
:1088B000727265642C207265747279696E67202EFD
:1088C0002E2E000070726F626520636F6D706C6594
:1088D00074653A202564206F6B2C20256420666126
:1088E000696C000072656D6F76696E6720616C6CF3
:1088F0002064657669636573202872657665727396
:10890000652070726F6265206F7264657229202E17
:108910002E2E000072656D6F7665204641494C45EC
:10892000443A20257320287265743D25642920E28D
:108930008094206B656570696E67204552524F5276
:1089400020737461746500007763682C6368333248
:10895000763330372D6E6F64650000002F00000005
:108960003D3D3D2050524F44554354494F4E204CBD
:108970004F472044554D5020287374756229203D7F
:108980003D3D00003D3D3D206D696E695F7472653F
:108990006520506861736520313A205072652D4F13
:1089A0005320496E6974203D3D3D00005379734961
:1089B0006E697400626F6F746C6F6F702070726F8D
:1089C00074656374696F6E20747269676765726538
:1089D0006420E280942073797374656D2068616C03
:1089E000746564006465766963655F747265655F6C
:1089F000696E6974206661696C656420286E6F6EAB
:108A00002D666174616C29004576656E74427573DC
:108A100020696E6974206661696C656420E28094E7
:108A200020656E746572696E672073616665207378
:108A300074617465000000004576656E744275735C
:108A400020696E6974206661696C656400000000CD
:108A50003D3D3D206D696E695F74726565205068AB
:108A6000617365203120636F6D706C657465203DA6
:108A70003D3D00003D3D3D206D696E695F7472654E
:108A80006520506861736520323A205374617274B6
:108A9000205461736B73203D3D3D0000626F617235
:108AA000645F6472697665725F70726F62655F6140
:108AB0006C6C3A20256420646576696365287329A7
:108AC000206661696C6564003D3D3D206D696E699D
:108AD0005F74726565205068617365203220636F32
:108AE0006D706C657465203D3D3D000049574447FD
:108AF00020737461727465642C2074696D656F7580
:108B0000743D25756D73000053797357445400000C
:108B10004957444720657874656E64656420746FB6
:108B2000206861726477617265206D617820287EAB
:108B300033323736386D732920666F72204F5441B7
:108B4000000000004957444720726573746F7265D6
:108B50006420746F2025756D730000007374616369
:108B60006B206D6F6E69746F723A206D617820654D
:108B70006E747269657320282564292072656163AB
:108B8000686564004641494C3A207461736B202744
:108B900025732720737461636B206F766572666C32
:108BA0006F7765642028776D3D3029210000000033
:108BB000535441434B20435249544943414C3A207A
:108BC000272573272077617465726D61726B20258C
:108BD00075206279746573203C20616C61726D2030
:108BE00025750000535441434B205741524E3A20C3
:108BF000272573272077617465726D61726B20255C
:108C0000752062797465732028616C61726D3D25F1
:108C1000752900005457445420706C616365686F77
:108C20006C64657220737461727465640000000086
:108C3000424F4F544C4F4F502044455445435445A8
:108C400044203E203520E280942053595354454D12
:108C50002046524F5A454E00626172656D657461DF
:108C60006C000000286E756C6C2900006472760040
:108C70005B25735D200000000A0000000D0A5B46C2
:108C80004154414C204552524F525D20000000009B
:108C90000D0A00003F0000000D0A5B3120464149EB
:108CA0004C45445D2025733A25643A2000000000BD
:108CB0006465766963655F747265655F696E697422
:108CC0003A206D75746578206372656174652066FD
:108CD00061696C65640000006465766963655F7452
:108CE0007265655F696E69743A206D757465782088
:108CF000706F6F6C203E39302525207573656420B8
:108D00002825642F2564290A00000000626F617223
:108D1000640000006576656E742071756575652068
:108D200066756C6C2C2064726F707065643D25757F
:108D3000000000004576656E744275730000000007
:108D4000466174616C3A204576656E744275732095
:108D50006469737061746368206C6F636B207469FD
:108D60006D656F757420E280942073616665207371
:108D7000687574646F776E004576656E74427573BE
:108D8000206D7574657820646561646C6F636B0039
:108D90006469737061746368207461736B206578B3
:108DA0006974696E67000000464154414C3A206F77
:108DB00073616C5F71756575655F6372656174651C
:108DC000206661696C656420E28094206576656E3A
:108DD000742062757320756E757361626C65000036
:108DE000464154414C3A206D757465782063726534
:108DF000617465206661696C656400006576656E06
:108E0000742062757320696E697469616C697A6532
:108E1000642C2071756575653D257520736C6F74C4
:108E200073000000466174616C3A204576656E748B
:108E300042757320737562736372696265206C6F2B
:108E4000636B2074696D656F75742028706F737320
:108E500069626C6520646561646C6F636B290000F6
:108E60006576745F627573006469737061746368BA
:108E7000207461736B20637265617465206661693B
:108E80006C656400646973706174636820746173F5
:108E90006B2073746172746564207072696F202531
:108EA0006C75000064697370617463682074617329
:108EB0006B20646964206E6F7420657869742C205F
:108EC000666F7263652064656C6574696E67000027
:108ED0000001020203030303040404040404040461
:108EE0000505050505050505050505050505050532
:108EF0000606060606060606060606060606060612
:108F00000606060606060606060606060606060601
:108F100007070707070707070707070707070707E1
:108F200007070707070707070707070707070707D1
:108F300007070707070707070707070707070707C1
:108F400007070707070707070707070707070707B1
:108F50000808080808080808080808080808080891
:108F60000808080808080808080808080808080881
:108F70000808080808080808080808080808080871
:108F80000808080808080808080808080808080861
:108F90000808080808080808080808080808080851
:108FA0000808080808080808080808080808080841
:108FB0000808080808080808080808080808080831
:108FC0000808080808080808080808080808080821
:108FD0000000000000000000000000000000000091
:108FE0000000000000000000000000000000000081
:108FF0000000000000000000000000000000000071
:109000000000000000000000000000000000000060
:109010000000000000000000000000000000000050
:109020000000000000000000000000000000000040
:10903000232D302B20000000686C4C0065666745CE
:109040004647000030313233343536373839414203
:109050004344454600000000303132333435363762
:109060003839616263646566000000009AF2FFFFB0
:10907000B0F2FFFF70F2FFFF70F2FFFF70F2FFFF30
:1090800070F2FFFFB0F2FFFF70F2FFFF70F2FFFF20
:1090900070F2FFFF70F2FFFF16F4FFFF18F3FFFFFF
:1090A000AEF3FFFF70F2FFFF70F2FFFF46F4FFFF29
:1090B00070F2FFFF18F3FFFF70F2FFFF70F2FFFF87
:0490C000B6F3FFFF05
:1090C400C22D0000D8310000AC2D0000262900007C
:0490D400B8260000BA
:1090D8000000000000000000010203040607080960
:1090E8000000000001020304010203040607080946
:1090F8000000000010900000F08F0000D08F0000EA
:109108000000000000000000000000000000000057
:109118000000000000000000000000000000000047
:109128000000000000000000000000000000000037
:109138000000000000000000000000000000000027
:109148000000000000000000000000000000000017
:1091580000D8B805DC15002002040608200000200D
:089168000000000020000020BF
:00000001FF
