
ch307_node:     file format elf32-littleriscv


Disassembly of section .init:

00000000 <_sinit>:

	.section	.init,"ax",@progbits
	.global	_start
	.align	1
_start:
	j	handle_reset
   0:	25c0706f          	j	725c <handle_reset>

Disassembly of section .vector:

00000004 <_vector_base>:
	...
   c:	000017ce          	.word	0x000017ce
  10:	000017d2          	.word	0x000017d2
  14:	00000000          	.word	0x00000000
  18:	0000725a          	.word	0x0000725a
	...
  24:	0000725a          	.word	0x0000725a
  28:	0000725a          	.word	0x0000725a
	...
  34:	0000725a          	.word	0x0000725a
  38:	00000000          	.word	0x00000000
  3c:	0000725a          	.word	0x0000725a
  40:	00000000          	.word	0x00000000
  44:	0000725a          	.word	0x0000725a
  48:	0000725a          	.word	0x0000725a
  4c:	0000725a          	.word	0x0000725a
  50:	0000725a          	.word	0x0000725a
  54:	0000725a          	.word	0x0000725a
  58:	0000725a          	.word	0x0000725a
  5c:	0000725a          	.word	0x0000725a
  60:	0000725a          	.word	0x0000725a
  64:	0000725a          	.word	0x0000725a
  68:	0000725a          	.word	0x0000725a
  6c:	0000725a          	.word	0x0000725a
  70:	0000725a          	.word	0x0000725a
  74:	0000725a          	.word	0x0000725a
  78:	0000725a          	.word	0x0000725a
  7c:	0000725a          	.word	0x0000725a
  80:	0000725a          	.word	0x0000725a
  84:	0000725a          	.word	0x0000725a
  88:	0000725a          	.word	0x0000725a
  8c:	0000725a          	.word	0x0000725a
  90:	0000725a          	.word	0x0000725a
  94:	0000725a          	.word	0x0000725a
  98:	0000725a          	.word	0x0000725a
  9c:	0000725a          	.word	0x0000725a
  a0:	0000725a          	.word	0x0000725a
  a4:	0000725a          	.word	0x0000725a
  a8:	0000725a          	.word	0x0000725a
  ac:	0000725a          	.word	0x0000725a
  b0:	0000725a          	.word	0x0000725a
  b4:	0000725a          	.word	0x0000725a
  b8:	0000725a          	.word	0x0000725a
  bc:	0000725a          	.word	0x0000725a
  c0:	0000725a          	.word	0x0000725a
  c4:	0000725a          	.word	0x0000725a
  c8:	0000725a          	.word	0x0000725a
  cc:	0000725a          	.word	0x0000725a
  d0:	0000725a          	.word	0x0000725a
  d4:	0000725a          	.word	0x0000725a
  d8:	0000725a          	.word	0x0000725a
  dc:	0000725a          	.word	0x0000725a
  e0:	0000725a          	.word	0x0000725a
  e4:	0000725a          	.word	0x0000725a
  e8:	0000725a          	.word	0x0000725a
  ec:	0000725a          	.word	0x0000725a
  f0:	0000725a          	.word	0x0000725a
  f4:	0000725a          	.word	0x0000725a
  f8:	0000725a          	.word	0x0000725a
  fc:	0000725a          	.word	0x0000725a
 100:	0000725a          	.word	0x0000725a
 104:	00000000          	.word	0x00000000
 108:	0000725a          	.word	0x0000725a
 10c:	0000725a          	.word	0x0000725a
 110:	0000725a          	.word	0x0000725a
 114:	0000725a          	.word	0x0000725a
 118:	0000725a          	.word	0x0000725a
 11c:	0000725a          	.word	0x0000725a
 120:	0000725a          	.word	0x0000725a
 124:	0000725a          	.word	0x0000725a
 128:	0000725a          	.word	0x0000725a
 12c:	0000725a          	.word	0x0000725a
 130:	0000725a          	.word	0x0000725a
 134:	0000725a          	.word	0x0000725a
 138:	0000725a          	.word	0x0000725a
 13c:	0000725a          	.word	0x0000725a
 140:	0000725a          	.word	0x0000725a
 144:	0000725a          	.word	0x0000725a
 148:	0000725a          	.word	0x0000725a
 14c:	0000725a          	.word	0x0000725a
 150:	0000725a          	.word	0x0000725a
 154:	0000725a          	.word	0x0000725a
 158:	0000725a          	.word	0x0000725a
 15c:	0000725a          	.word	0x0000725a
 160:	0000725a          	.word	0x0000725a
 164:	0000725a          	.word	0x0000725a
 168:	0000725a          	.word	0x0000725a
 16c:	0000725a          	.word	0x0000725a
 170:	0000725a          	.word	0x0000725a
 174:	0000725a          	.word	0x0000725a
 178:	0000725a          	.word	0x0000725a
 17c:	0000725a          	.word	0x0000725a
 180:	0000725a          	.word	0x0000725a
 184:	0000725a          	.word	0x0000725a
 188:	0000725a          	.word	0x0000725a
 18c:	0000725a          	.word	0x0000725a
 190:	0000725a          	.word	0x0000725a
 194:	0000725a          	.word	0x0000725a
 198:	0000725a          	.word	0x0000725a
 19c:	0000725a          	.word	0x0000725a
 1a0:	0000725a          	.word	0x0000725a
	...

Disassembly of section .text:

000001c0 <ch32_pin_to_mask>:
     * @brief 引脚值归一为位掩码 (兼容 GPIO_Pin_x 位掩码与 0..15 引脚索引)
     * @param[in] pin DTS 直投的引脚值
     * @return 位掩码 (0 = 无引脚)
     */
    static inline uint32_t ch32_pin_to_mask(uint32_t pin)
    {
     1c0:	1101                	addi	sp,sp,-32
     1c2:	ce22                	sw	s0,28(sp)
     1c4:	1000                	addi	s0,sp,32
     1c6:	fea42623          	sw	a0,-20(s0)
        if (pin == 0U)
     1ca:	fec42783          	lw	a5,-20(s0)
     1ce:	e399                	bnez	a5,1d4 <ch32_pin_to_mask+0x14>
            return 0U;
     1d0:	4781                	li	a5,0
     1d2:	a035                	j	1fe <ch32_pin_to_mask+0x3e>
        if ((pin <= 15U) && ((pin & (pin - 1U)) != 0U))
     1d4:	fec42703          	lw	a4,-20(s0)
     1d8:	47bd                	li	a5,15
     1da:	02e7e063          	bltu	a5,a4,1fa <ch32_pin_to_mask+0x3a>
     1de:	fec42783          	lw	a5,-20(s0)
     1e2:	fff78713          	addi	a4,a5,-1
     1e6:	fec42783          	lw	a5,-20(s0)
     1ea:	8ff9                	and	a5,a5,a4
     1ec:	c799                	beqz	a5,1fa <ch32_pin_to_mask+0x3a>
            return (uint32_t)(1U << pin);
     1ee:	fec42783          	lw	a5,-20(s0)
     1f2:	4705                	li	a4,1
     1f4:	00f717b3          	sll	a5,a4,a5
     1f8:	a019                	j	1fe <ch32_pin_to_mask+0x3e>
        return pin;
     1fa:	fec42783          	lw	a5,-20(s0)
    }
     1fe:	853e                	mv	a0,a5
     200:	4472                	lw	s0,28(sp)
     202:	6105                	addi	sp,sp,32
     204:	8082                	ret

00000206 <ch32_rcc_enable>:
     * @param[in] base 外设寄存器基址
     * @param[in] periph_bit RCC_APBxPeriph_xxx 时钟位 (0 = 视为板级已开启)
     * @return 成功返回 MINI_OK
     */
    static inline int ch32_rcc_enable(uintptr_t base, uint32_t periph_bit)
    {
     206:	1101                	addi	sp,sp,-32
     208:	ce06                	sw	ra,28(sp)
     20a:	cc22                	sw	s0,24(sp)
     20c:	1000                	addi	s0,sp,32
     20e:	fea42623          	sw	a0,-20(s0)
     212:	feb42423          	sw	a1,-24(s0)
        if (periph_bit == 0U)
     216:	fe842783          	lw	a5,-24(s0)
     21a:	e399                	bnez	a5,220 <ch32_rcc_enable+0x1a>
            return MINI_OK;
     21c:	4781                	li	a5,0
     21e:	a899                	j	274 <ch32_rcc_enable+0x6e>
        if ((base >= APB2PERIPH_BASE) && (base < AHBPERIPH_BASE))
     220:	fec42703          	lw	a4,-20(s0)
     224:	400107b7          	lui	a5,0x40010
     228:	00f76e63          	bltu	a4,a5,244 <ch32_rcc_enable+0x3e>
     22c:	fec42703          	lw	a4,-20(s0)
     230:	400207b7          	lui	a5,0x40020
     234:	00f77863          	bgeu	a4,a5,244 <ch32_rcc_enable+0x3e>
            RCC_APB2PeriphClockCmd(periph_bit, ENABLE);
     238:	4585                	li	a1,1
     23a:	fe842503          	lw	a0,-24(s0)
     23e:	031050ef          	jal	ra,5a6e <RCC_APB2PeriphClockCmd>
     242:	a805                	j	272 <ch32_rcc_enable+0x6c>
        else if ((base >= APB1PERIPH_BASE) && (base < APB2PERIPH_BASE))
     244:	fec42703          	lw	a4,-20(s0)
     248:	400007b7          	lui	a5,0x40000
     24c:	00f76e63          	bltu	a4,a5,268 <ch32_rcc_enable+0x62>
     250:	fec42703          	lw	a4,-20(s0)
     254:	400107b7          	lui	a5,0x40010
     258:	00f77863          	bgeu	a4,a5,268 <ch32_rcc_enable+0x62>
            RCC_APB1PeriphClockCmd(periph_bit, ENABLE);
     25c:	4585                	li	a1,1
     25e:	fe842503          	lw	a0,-24(s0)
     262:	02b050ef          	jal	ra,5a8c <RCC_APB1PeriphClockCmd>
     266:	a031                	j	272 <ch32_rcc_enable+0x6c>
        else
            RCC_AHBPeriphClockCmd(periph_bit, ENABLE);
     268:	4585                	li	a1,1
     26a:	fe842503          	lw	a0,-24(s0)
     26e:	7e2050ef          	jal	ra,5a50 <RCC_AHBPeriphClockCmd>
        return MINI_OK;
     272:	4781                	li	a5,0
    }
     274:	853e                	mv	a0,a5
     276:	40f2                	lw	ra,28(sp)
     278:	4462                	lw	s0,24(sp)
     27a:	6105                	addi	sp,sp,32
     27c:	8082                	ret

0000027e <ch32_gpio_port_clk>:
     * @param[in] port_base GPIOx_BASE
     * @param[in] clk_bus RCC_APB2Periph_GPIOx (0 = 查表)
     * @return 成功返回 MINI_OK, 端口未知返回 MINI_ERR_INVAL
     */
    static inline int ch32_gpio_port_clk(uintptr_t port_base, uint32_t clk_bus)
    {
     27e:	7179                	addi	sp,sp,-48
     280:	d606                	sw	ra,44(sp)
     282:	d422                	sw	s0,40(sp)
     284:	1800                	addi	s0,sp,48
     286:	fca42e23          	sw	a0,-36(s0)
     28a:	fcb42c23          	sw	a1,-40(s0)
        static const uintptr_t s_port_bases[] = {GPIOA_BASE, GPIOB_BASE, GPIOC_BASE, GPIOD_BASE,
                                                 GPIOE_BASE};
        static const uint32_t s_port_bits[] = {RCC_APB2Periph_GPIOA, RCC_APB2Periph_GPIOB,
                                               RCC_APB2Periph_GPIOC, RCC_APB2Periph_GPIOD,
                                               RCC_APB2Periph_GPIOE};
        uint32_t bit = clk_bus;
     28e:	fd842783          	lw	a5,-40(s0)
     292:	fef42623          	sw	a5,-20(s0)
        if (bit == 0U)
     296:	fec42783          	lw	a5,-20(s0)
     29a:	efa1                	bnez	a5,2f2 <ch32_gpio_port_clk+0x74>
        {
            for (size_t i = 0; i < (sizeof(s_port_bases) / sizeof(s_port_bases[0])); i++)
     29c:	fe042423          	sw	zero,-24(s0)
     2a0:	a83d                	j	2de <ch32_gpio_port_clk+0x60>
            {
                if (s_port_bases[i] == port_base)
     2a2:	00008717          	auipc	a4,0x8
     2a6:	32e70713          	addi	a4,a4,814 # 85d0 <s_port_bases.2>
     2aa:	fe842783          	lw	a5,-24(s0)
     2ae:	078a                	slli	a5,a5,0x2
     2b0:	97ba                	add	a5,a5,a4
     2b2:	439c                	lw	a5,0(a5)
     2b4:	fdc42703          	lw	a4,-36(s0)
     2b8:	00f71e63          	bne	a4,a5,2d4 <ch32_gpio_port_clk+0x56>
                {
                    bit = s_port_bits[i];
     2bc:	00008717          	auipc	a4,0x8
     2c0:	32870713          	addi	a4,a4,808 # 85e4 <s_port_bits.1>
     2c4:	fe842783          	lw	a5,-24(s0)
     2c8:	078a                	slli	a5,a5,0x2
     2ca:	97ba                	add	a5,a5,a4
     2cc:	439c                	lw	a5,0(a5)
     2ce:	fef42623          	sw	a5,-20(s0)
                    break;
     2d2:	a819                	j	2e8 <ch32_gpio_port_clk+0x6a>
            for (size_t i = 0; i < (sizeof(s_port_bases) / sizeof(s_port_bases[0])); i++)
     2d4:	fe842783          	lw	a5,-24(s0)
     2d8:	0785                	addi	a5,a5,1 # 40010001 <_eusrstack+0x20008001>
     2da:	fef42423          	sw	a5,-24(s0)
     2de:	fe842703          	lw	a4,-24(s0)
     2e2:	4791                	li	a5,4
     2e4:	fae7ffe3          	bgeu	a5,a4,2a2 <ch32_gpio_port_clk+0x24>
                }
            }
            if (bit == 0U)
     2e8:	fec42783          	lw	a5,-20(s0)
     2ec:	e399                	bnez	a5,2f2 <ch32_gpio_port_clk+0x74>
                return MINI_ERR_INVAL;
     2ee:	57a9                	li	a5,-22
     2f0:	a039                	j	2fe <ch32_gpio_port_clk+0x80>
        }
        RCC_APB2PeriphClockCmd(bit, ENABLE);
     2f2:	4585                	li	a1,1
     2f4:	fec42503          	lw	a0,-20(s0)
     2f8:	776050ef          	jal	ra,5a6e <RCC_APB2PeriphClockCmd>
        return MINI_OK;
     2fc:	4781                	li	a5,0
    }
     2fe:	853e                	mv	a0,a5
     300:	50b2                	lw	ra,44(sp)
     302:	5422                	lw	s0,40(sp)
     304:	6145                	addi	sp,sp,48
     306:	8082                	ret

00000308 <ch32_apb_freq>:
     * @brief 读取外设所在 APB 总线实际频率 (考虑 AHB/APB 分频)
     * @param[in] base 外设寄存器基址 (APB1/APB2 均可)
     * @return 总线频率 (Hz)
     */
    static inline uint32_t ch32_apb_freq(uintptr_t base)
    {
     308:	7179                	addi	sp,sp,-48
     30a:	d622                	sw	s0,44(sp)
     30c:	1800                	addi	s0,sp,48
     30e:	fca42e23          	sw	a0,-36(s0)
        /* HPRE[3:0]: 0..7=不分频, 8=/2, 9=/4, 10=/8, 11=/16, 12=/64, 13=/128, 14=/256, 15=/512 */
        static const uint8_t s_ahb_shift[16] = {0, 0, 0, 0, 0, 0, 0, 0, 1, 2, 3, 4, 6, 7, 8, 9};
        uint32_t cfgr0 = RCC->CFGR0;
     312:	400217b7          	lui	a5,0x40021
     316:	43dc                	lw	a5,4(a5)
     318:	fef42223          	sw	a5,-28(s0)
        uint32_t hclk = SystemCoreClock >> s_ahb_shift[(cfgr0 >> 4) & 0xFU];
     31c:	20000797          	auipc	a5,0x20000
     320:	d6478793          	addi	a5,a5,-668 # 20000080 <SystemCoreClock>
     324:	439c                	lw	a5,0(a5)
     326:	fe442703          	lw	a4,-28(s0)
     32a:	8311                	srli	a4,a4,0x4
     32c:	8b3d                	andi	a4,a4,15
     32e:	00008697          	auipc	a3,0x8
     332:	2ca68693          	addi	a3,a3,714 # 85f8 <s_ahb_shift.0>
     336:	9736                	add	a4,a4,a3
     338:	00074703          	lbu	a4,0(a4)
     33c:	00e7d7b3          	srl	a5,a5,a4
     340:	fef42623          	sw	a5,-20(s0)
        uint32_t ppre_bits;
        if ((base >= APB2PERIPH_BASE) && (base < AHBPERIPH_BASE))
     344:	fdc42703          	lw	a4,-36(s0)
     348:	400107b7          	lui	a5,0x40010
     34c:	00f76f63          	bltu	a4,a5,36a <ch32_apb_freq+0x62>
     350:	fdc42703          	lw	a4,-36(s0)
     354:	400207b7          	lui	a5,0x40020
     358:	00f77963          	bgeu	a4,a5,36a <ch32_apb_freq+0x62>
            ppre_bits = (cfgr0 >> 11) & 0x7U; /* PPRE2 */
     35c:	fe442783          	lw	a5,-28(s0)
     360:	83ad                	srli	a5,a5,0xb
     362:	8b9d                	andi	a5,a5,7
     364:	fef42423          	sw	a5,-24(s0)
     368:	a039                	j	376 <ch32_apb_freq+0x6e>
        else
            ppre_bits = (cfgr0 >> 8) & 0x7U; /* PPRE1 */
     36a:	fe442783          	lw	a5,-28(s0)
     36e:	83a1                	srli	a5,a5,0x8
     370:	8b9d                	andi	a5,a5,7
     372:	fef42423          	sw	a5,-24(s0)
        if (ppre_bits >= 4U)
     376:	fe842703          	lw	a4,-24(s0)
     37a:	478d                	li	a5,3
     37c:	00e7fb63          	bgeu	a5,a4,392 <ch32_apb_freq+0x8a>
            hclk >>= (ppre_bits - 3U);
     380:	fe842783          	lw	a5,-24(s0)
     384:	17f5                	addi	a5,a5,-3 # 4001fffd <_eusrstack+0x20017ffd>
     386:	fec42703          	lw	a4,-20(s0)
     38a:	00f757b3          	srl	a5,a4,a5
     38e:	fef42623          	sw	a5,-20(s0)
        return hclk;
     392:	fec42783          	lw	a5,-20(s0)
    }
     396:	853e                	mv	a0,a5
     398:	5432                	lw	s0,44(sp)
     39a:	6145                	addi	sp,sp,48
     39c:	8082                	ret

0000039e <ch32_tim_input_freq>:
     * @brief 定时器输入时钟 (APB 分频非 1 时为 APB 时钟的 2 倍)
     * @param[in] tim_base TIMx_BASE
     * @return 定时器计数时钟 (Hz)
     */
    static inline uint32_t ch32_tim_input_freq(uintptr_t tim_base)
    {
     39e:	7179                	addi	sp,sp,-48
     3a0:	d606                	sw	ra,44(sp)
     3a2:	d422                	sw	s0,40(sp)
     3a4:	1800                	addi	s0,sp,48
     3a6:	fca42e23          	sw	a0,-36(s0)
        uint32_t cfgr0 = RCC->CFGR0;
     3aa:	400217b7          	lui	a5,0x40021
     3ae:	43dc                	lw	a5,4(a5)
     3b0:	fef42423          	sw	a5,-24(s0)
        uint32_t ppre_bits;
        if ((tim_base >= APB2PERIPH_BASE) && (tim_base < AHBPERIPH_BASE))
     3b4:	fdc42703          	lw	a4,-36(s0)
     3b8:	400107b7          	lui	a5,0x40010
     3bc:	00f76f63          	bltu	a4,a5,3da <ch32_tim_input_freq+0x3c>
     3c0:	fdc42703          	lw	a4,-36(s0)
     3c4:	400207b7          	lui	a5,0x40020
     3c8:	00f77963          	bgeu	a4,a5,3da <ch32_tim_input_freq+0x3c>
            ppre_bits = (cfgr0 >> 11) & 0x7U;
     3cc:	fe842783          	lw	a5,-24(s0)
     3d0:	83ad                	srli	a5,a5,0xb
     3d2:	8b9d                	andi	a5,a5,7
     3d4:	fef42623          	sw	a5,-20(s0)
     3d8:	a039                	j	3e6 <ch32_tim_input_freq+0x48>
        else
            ppre_bits = (cfgr0 >> 8) & 0x7U;
     3da:	fe842783          	lw	a5,-24(s0)
     3de:	83a1                	srli	a5,a5,0x8
     3e0:	8b9d                	andi	a5,a5,7
     3e2:	fef42623          	sw	a5,-20(s0)
        uint32_t pclk = ch32_apb_freq(tim_base);
     3e6:	fdc42503          	lw	a0,-36(s0)
     3ea:	3f39                	jal	308 <ch32_apb_freq>
     3ec:	fea42223          	sw	a0,-28(s0)
        return (ppre_bits >= 4U) ? (pclk * 2U) : pclk;
     3f0:	fec42703          	lw	a4,-20(s0)
     3f4:	478d                	li	a5,3
     3f6:	00e7f663          	bgeu	a5,a4,402 <__stack_size+0x2>
     3fa:	fe442783          	lw	a5,-28(s0)
     3fe:	0786                	slli	a5,a5,0x1
     400:	a019                	j	406 <__stack_size+0x6>
     402:	fe442783          	lw	a5,-28(s0)
    }
     406:	853e                	mv	a0,a5
     408:	50b2                	lw	ra,44(sp)
     40a:	5422                	lw	s0,40(sp)
     40c:	6145                	addi	sp,sp,48
     40e:	8082                	ret

00000410 <ch32_gpio_cfg_pin>:
     * @param[in] pull 上下拉直投值 (bit2 = ODR 方向, 1=上拉; 仅 IPD/IPU 模式生效)
     * @return 成功返回 MINI_OK
     */
    static inline int ch32_gpio_cfg_pin(uintptr_t port_base, uint32_t pin_mask, uint32_t mode,
                                        uint32_t speed, uint32_t pull)
    {
     410:	7139                	addi	sp,sp,-64
     412:	de06                	sw	ra,60(sp)
     414:	dc22                	sw	s0,56(sp)
     416:	0080                	addi	s0,sp,64
     418:	fca42e23          	sw	a0,-36(s0)
     41c:	fcb42c23          	sw	a1,-40(s0)
     420:	fcc42a23          	sw	a2,-44(s0)
     424:	fcd42823          	sw	a3,-48(s0)
     428:	fce42623          	sw	a4,-52(s0)
        GPIO_TypeDef* port = (GPIO_TypeDef*)port_base;
     42c:	fdc42783          	lw	a5,-36(s0)
     430:	fef42623          	sw	a5,-20(s0)
        GPIO_InitTypeDef gi;
        gi.GPIO_Pin = (uint16_t)pin_mask;
     434:	fd842783          	lw	a5,-40(s0)
     438:	07c2                	slli	a5,a5,0x10
     43a:	83c1                	srli	a5,a5,0x10
     43c:	fef41023          	sh	a5,-32(s0)
        gi.GPIO_Speed = (speed != 0U) ? (GPIOSpeed_TypeDef)speed : GPIO_Speed_50MHz;
     440:	fd042783          	lw	a5,-48(s0)
     444:	c781                	beqz	a5,44c <ch32_gpio_cfg_pin+0x3c>
     446:	fd042783          	lw	a5,-48(s0)
     44a:	a011                	j	44e <ch32_gpio_cfg_pin+0x3e>
     44c:	478d                	li	a5,3
     44e:	fef42223          	sw	a5,-28(s0)
        gi.GPIO_Mode = (GPIOMode_TypeDef)mode;
     452:	fd442783          	lw	a5,-44(s0)
     456:	fef42423          	sw	a5,-24(s0)
        GPIO_Init(port, &gi);
     45a:	fe040793          	addi	a5,s0,-32
     45e:	85be                	mv	a1,a5
     460:	fec42503          	lw	a0,-20(s0)
     464:	4d3040ef          	jal	ra,5136 <GPIO_Init>
        if ((mode == (uint32_t)GPIO_Mode_IPU) || (mode == (uint32_t)GPIO_Mode_IPD))
     468:	fd442703          	lw	a4,-44(s0)
     46c:	04800793          	li	a5,72
     470:	00f70863          	beq	a4,a5,480 <ch32_gpio_cfg_pin+0x70>
     474:	fd442703          	lw	a4,-44(s0)
     478:	02800793          	li	a5,40
     47c:	02f71163          	bne	a4,a5,49e <ch32_gpio_cfg_pin+0x8e>
        {
            if ((pull & 0x04U) != 0U)
     480:	fcc42783          	lw	a5,-52(s0)
     484:	8b91                	andi	a5,a5,4
     486:	c799                	beqz	a5,494 <ch32_gpio_cfg_pin+0x84>
                port->BSHR = pin_mask;
     488:	fec42783          	lw	a5,-20(s0)
     48c:	fd842703          	lw	a4,-40(s0)
     490:	cb98                	sw	a4,16(a5)
     492:	a031                	j	49e <ch32_gpio_cfg_pin+0x8e>
            else
                port->BCR = pin_mask;
     494:	fec42783          	lw	a5,-20(s0)
     498:	fd842703          	lw	a4,-40(s0)
     49c:	cbd8                	sw	a4,20(a5)
        }
        return MINI_OK;
     49e:	4781                	li	a5,0
    }
     4a0:	853e                	mv	a0,a5
     4a2:	50f2                	lw	ra,60(sp)
     4a4:	5462                	lw	s0,56(sp)
     4a6:	6121                	addi	sp,sp,64
     4a8:	8082                	ret

000004aa <s_ref_acquire>:
 * @brief 查找/分配引用计数槽位 (已存在则复用, 否则取第一个空闲槽)
 * @param[in] base TIMx_BASE (唯一键)
 * @return 槽位指针, 槽位用尽返回 NULL
 */
static ch32_tim_ref_t* s_ref_acquire(uintptr_t base)
{
     4aa:	7179                	addi	sp,sp,-48
     4ac:	d622                	sw	s0,44(sp)
     4ae:	1800                	addi	s0,sp,48
     4b0:	fca42e23          	sw	a0,-36(s0)
    ch32_tim_ref_t* free_slot = NULL;
     4b4:	fe042623          	sw	zero,-20(s0)
    for (size_t i = 0; i < CH32_TIM_REF_SLOTS; i++)
     4b8:	fe042423          	sw	zero,-24(s0)
     4bc:	a8a9                	j	516 <s_ref_acquire+0x6c>
    {
        if (s_tim_ref[i].base == base)
     4be:	88018713          	addi	a4,gp,-1920 # 20000100 <s_tim_ref>
     4c2:	fe842783          	lw	a5,-24(s0)
     4c6:	078e                	slli	a5,a5,0x3
     4c8:	97ba                	add	a5,a5,a4
     4ca:	439c                	lw	a5,0(a5)
     4cc:	fdc42703          	lw	a4,-36(s0)
     4d0:	00f71a63          	bne	a4,a5,4e4 <s_ref_acquire+0x3a>
            return &s_tim_ref[i];
     4d4:	fe842783          	lw	a5,-24(s0)
     4d8:	00379713          	slli	a4,a5,0x3
     4dc:	88018793          	addi	a5,gp,-1920 # 20000100 <s_tim_ref>
     4e0:	97ba                	add	a5,a5,a4
     4e2:	a8a9                	j	53c <s_ref_acquire+0x92>
        if ((free_slot == NULL) && (s_tim_ref[i].ref_count == 0))
     4e4:	fec42783          	lw	a5,-20(s0)
     4e8:	e395                	bnez	a5,50c <s_ref_acquire+0x62>
     4ea:	88018713          	addi	a4,gp,-1920 # 20000100 <s_tim_ref>
     4ee:	fe842783          	lw	a5,-24(s0)
     4f2:	078e                	slli	a5,a5,0x3
     4f4:	97ba                	add	a5,a5,a4
     4f6:	43dc                	lw	a5,4(a5)
     4f8:	eb91                	bnez	a5,50c <s_ref_acquire+0x62>
            free_slot = &s_tim_ref[i];
     4fa:	fe842783          	lw	a5,-24(s0)
     4fe:	00379713          	slli	a4,a5,0x3
     502:	88018793          	addi	a5,gp,-1920 # 20000100 <s_tim_ref>
     506:	97ba                	add	a5,a5,a4
     508:	fef42623          	sw	a5,-20(s0)
    for (size_t i = 0; i < CH32_TIM_REF_SLOTS; i++)
     50c:	fe842783          	lw	a5,-24(s0)
     510:	0785                	addi	a5,a5,1 # 40020001 <_eusrstack+0x20018001>
     512:	fef42423          	sw	a5,-24(s0)
     516:	fe842703          	lw	a4,-24(s0)
     51a:	478d                	li	a5,3
     51c:	fae7f1e3          	bgeu	a5,a4,4be <s_ref_acquire+0x14>
    }
    if (free_slot != NULL)
     520:	fec42783          	lw	a5,-20(s0)
     524:	cb91                	beqz	a5,538 <s_ref_acquire+0x8e>
    {
        free_slot->base = base;
     526:	fec42783          	lw	a5,-20(s0)
     52a:	fdc42703          	lw	a4,-36(s0)
     52e:	c398                	sw	a4,0(a5)
        free_slot->ref_count = 0;
     530:	fec42783          	lw	a5,-20(s0)
     534:	0007a223          	sw	zero,4(a5)
    }
    return free_slot;
     538:	fec42783          	lw	a5,-20(s0)
}
     53c:	853e                	mv	a0,a5
     53e:	5432                	lw	s0,44(sp)
     540:	6145                	addi	sp,sp,48
     542:	8082                	ret

00000544 <s_ref_release>:
/**
 * @brief 释放引用计数 (归零后清空槽位键)
 * @param[in] base TIMx_BASE (唯一键)
 */
static void s_ref_release(uintptr_t base)
{
     544:	7179                	addi	sp,sp,-48
     546:	d622                	sw	s0,44(sp)
     548:	1800                	addi	s0,sp,48
     54a:	fca42e23          	sw	a0,-36(s0)
    for (size_t i = 0; i < CH32_TIM_REF_SLOTS; i++)
     54e:	fe042623          	sw	zero,-20(s0)
     552:	a89d                	j	5c8 <s_ref_release+0x84>
    {
        if ((s_tim_ref[i].base == base) && (s_tim_ref[i].ref_count > 0))
     554:	88018713          	addi	a4,gp,-1920 # 20000100 <s_tim_ref>
     558:	fec42783          	lw	a5,-20(s0)
     55c:	078e                	slli	a5,a5,0x3
     55e:	97ba                	add	a5,a5,a4
     560:	439c                	lw	a5,0(a5)
     562:	fdc42703          	lw	a4,-36(s0)
     566:	04f71c63          	bne	a4,a5,5be <s_ref_release+0x7a>
     56a:	88018713          	addi	a4,gp,-1920 # 20000100 <s_tim_ref>
     56e:	fec42783          	lw	a5,-20(s0)
     572:	078e                	slli	a5,a5,0x3
     574:	97ba                	add	a5,a5,a4
     576:	43dc                	lw	a5,4(a5)
     578:	04f05363          	blez	a5,5be <s_ref_release+0x7a>
        {
            s_tim_ref[i].ref_count--;
     57c:	88018713          	addi	a4,gp,-1920 # 20000100 <s_tim_ref>
     580:	fec42783          	lw	a5,-20(s0)
     584:	078e                	slli	a5,a5,0x3
     586:	97ba                	add	a5,a5,a4
     588:	43dc                	lw	a5,4(a5)
     58a:	fff78713          	addi	a4,a5,-1
     58e:	88018693          	addi	a3,gp,-1920 # 20000100 <s_tim_ref>
     592:	fec42783          	lw	a5,-20(s0)
     596:	078e                	slli	a5,a5,0x3
     598:	97b6                	add	a5,a5,a3
     59a:	c3d8                	sw	a4,4(a5)
            if (s_tim_ref[i].ref_count == 0)
     59c:	88018713          	addi	a4,gp,-1920 # 20000100 <s_tim_ref>
     5a0:	fec42783          	lw	a5,-20(s0)
     5a4:	078e                	slli	a5,a5,0x3
     5a6:	97ba                	add	a5,a5,a4
     5a8:	43dc                	lw	a5,4(a5)
     5aa:	e78d                	bnez	a5,5d4 <s_ref_release+0x90>
                s_tim_ref[i].base = 0U;
     5ac:	88018713          	addi	a4,gp,-1920 # 20000100 <s_tim_ref>
     5b0:	fec42783          	lw	a5,-20(s0)
     5b4:	078e                	slli	a5,a5,0x3
     5b6:	97ba                	add	a5,a5,a4
     5b8:	0007a023          	sw	zero,0(a5)
            return;
     5bc:	a821                	j	5d4 <s_ref_release+0x90>
    for (size_t i = 0; i < CH32_TIM_REF_SLOTS; i++)
     5be:	fec42783          	lw	a5,-20(s0)
     5c2:	0785                	addi	a5,a5,1
     5c4:	fef42623          	sw	a5,-20(s0)
     5c8:	fec42703          	lw	a4,-20(s0)
     5cc:	478d                	li	a5,3
     5ce:	f8e7f3e3          	bgeu	a5,a4,554 <s_ref_release+0x10>
     5d2:	a011                	j	5d6 <s_ref_release+0x92>
            return;
     5d4:	0001                	nop
        }
    }
}
     5d6:	5432                	lw	s0,44(sp)
     5d8:	6145                	addi	sp,sp,48
     5da:	8082                	ret

000005dc <s_tim_ccr>:
 * @param[in] tim TIM 外设寄存器指针 (出参, 仅取寄存器地址)
 * @param[in] channel 通道号 (1..4)
 * @return CCR 寄存器指针, 通道号无效返回 NULL
 */
static volatile uint16_t* s_tim_ccr(TIM_TypeDef* tim, uint32_t channel)
{
     5dc:	1101                	addi	sp,sp,-32
     5de:	ce22                	sw	s0,28(sp)
     5e0:	1000                	addi	s0,sp,32
     5e2:	fea42623          	sw	a0,-20(s0)
     5e6:	feb42423          	sw	a1,-24(s0)
    switch (channel)
     5ea:	fe842703          	lw	a4,-24(s0)
     5ee:	4791                	li	a5,4
     5f0:	04f70b63          	beq	a4,a5,646 <s_tim_ccr+0x6a>
     5f4:	fe842703          	lw	a4,-24(s0)
     5f8:	4791                	li	a5,4
     5fa:	04e7eb63          	bltu	a5,a4,650 <s_tim_ccr+0x74>
     5fe:	fe842703          	lw	a4,-24(s0)
     602:	478d                	li	a5,3
     604:	02f70c63          	beq	a4,a5,63c <s_tim_ccr+0x60>
     608:	fe842703          	lw	a4,-24(s0)
     60c:	478d                	li	a5,3
     60e:	04e7e163          	bltu	a5,a4,650 <s_tim_ccr+0x74>
     612:	fe842703          	lw	a4,-24(s0)
     616:	4785                	li	a5,1
     618:	00f70863          	beq	a4,a5,628 <s_tim_ccr+0x4c>
     61c:	fe842703          	lw	a4,-24(s0)
     620:	4789                	li	a5,2
     622:	00f70863          	beq	a4,a5,632 <s_tim_ccr+0x56>
     626:	a02d                	j	650 <s_tim_ccr+0x74>
    {
    case 1U:
        return &tim->CH1CVR;
     628:	fec42783          	lw	a5,-20(s0)
     62c:	03478793          	addi	a5,a5,52
     630:	a00d                	j	652 <s_tim_ccr+0x76>
    case 2U:
        return &tim->CH2CVR;
     632:	fec42783          	lw	a5,-20(s0)
     636:	03878793          	addi	a5,a5,56
     63a:	a821                	j	652 <s_tim_ccr+0x76>
    case 3U:
        return &tim->CH3CVR;
     63c:	fec42783          	lw	a5,-20(s0)
     640:	03c78793          	addi	a5,a5,60
     644:	a039                	j	652 <s_tim_ccr+0x76>
    case 4U:
        return &tim->CH4CVR;
     646:	fec42783          	lw	a5,-20(s0)
     64a:	04078793          	addi	a5,a5,64
     64e:	a011                	j	652 <s_tim_ccr+0x76>
    default:
        return NULL;
     650:	4781                	li	a5,0
    }
}
     652:	853e                	mv	a0,a5
     654:	4472                	lw	s0,28(sp)
     656:	6105                	addi	sp,sp,32
     658:	8082                	ret

0000065a <s_tim_oc_setup>:
 * @param[in] tim TIM 外设寄存器指针 (出参, 写 OC 寄存器)
 * @param[in] host TIM 主机配置 (出参, 读 oc_mode 通道表与引脚表)
 * @return 成功返回 MINI_OK, 引脚配置失败透传错误码
 */
static int s_tim_oc_setup(TIM_TypeDef* tim, hal_tim_host_config* host)
{
     65a:	715d                	addi	sp,sp,-80
     65c:	c686                	sw	ra,76(sp)
     65e:	c4a2                	sw	s0,72(sp)
     660:	c2a6                	sw	s1,68(sp)
     662:	0880                	addi	s0,sp,80
     664:	faa42e23          	sw	a0,-68(s0)
     668:	fab42c23          	sw	a1,-72(s0)
    for (uint32_t ch = 1U; ch <= 4U; ch++)
     66c:	4785                	li	a5,1
     66e:	fef42623          	sw	a5,-20(s0)
     672:	ac91                	j	8c6 <s_tim_oc_setup+0x26c>
    {
        if ((host->active_chn_mask & ((uint32_t)1U << ch)) == 0U)
     674:	fb842783          	lw	a5,-72(s0)
     678:	57d8                	lw	a4,44(a5)
     67a:	fec42783          	lw	a5,-20(s0)
     67e:	00f757b3          	srl	a5,a4,a5
     682:	8b85                	andi	a5,a5,1
     684:	22078b63          	beqz	a5,8ba <s_tim_oc_setup+0x260>
            continue;
        uint32_t idx = ch - 1U;
     688:	fec42783          	lw	a5,-20(s0)
     68c:	17fd                	addi	a5,a5,-1
     68e:	fef42223          	sw	a5,-28(s0)
        const hal_output_compare_config* oc = &host->oc_mode.config[idx];
     692:	fe442783          	lw	a5,-28(s0)
     696:	0796                	slli	a5,a5,0x5
     698:	03078793          	addi	a5,a5,48
     69c:	fb842703          	lw	a4,-72(s0)
     6a0:	97ba                	add	a5,a5,a4
     6a2:	fef42023          	sw	a5,-32(s0)
        const hal_tim_channel_config* chn = &host->oc_mode.channel[idx];
     6a6:	fe442703          	lw	a4,-28(s0)
     6aa:	87ba                	mv	a5,a4
     6ac:	0786                	slli	a5,a5,0x1
     6ae:	97ba                	add	a5,a5,a4
     6b0:	078e                	slli	a5,a5,0x3
     6b2:	0b078793          	addi	a5,a5,176
     6b6:	fb842703          	lw	a4,-72(s0)
     6ba:	97ba                	add	a5,a5,a4
     6bc:	fcf42e23          	sw	a5,-36(s0)
        const hal_tim_pin_config* pin = &host->oc_mode.pin[idx];
     6c0:	fe442783          	lw	a5,-28(s0)
     6c4:	079d                	addi	a5,a5,7
     6c6:	0796                	slli	a5,a5,0x5
     6c8:	03078793          	addi	a5,a5,48
     6cc:	fb842703          	lw	a4,-72(s0)
     6d0:	97ba                	add	a5,a5,a4
     6d2:	fcf42c23          	sw	a5,-40(s0)

        TIM_OCInitTypeDef oci;
        memset(&oci, 0, sizeof(oci));
     6d6:	fc440793          	addi	a5,s0,-60
     6da:	4641                	li	a2,16
     6dc:	4581                	li	a1,0
     6de:	853e                	mv	a0,a5
     6e0:	353060ef          	jal	ra,7232 <memset>
        oci.TIM_OCMode = (oc->oc_mode != 0U) ? (uint16_t)oc->oc_mode : (uint16_t)TIM_OCMode_PWM1;
     6e4:	fe042783          	lw	a5,-32(s0)
     6e8:	43dc                	lw	a5,4(a5)
     6ea:	c799                	beqz	a5,6f8 <s_tim_oc_setup+0x9e>
     6ec:	fe042783          	lw	a5,-32(s0)
     6f0:	43dc                	lw	a5,4(a5)
     6f2:	07c2                	slli	a5,a5,0x10
     6f4:	83c1                	srli	a5,a5,0x10
     6f6:	a019                	j	6fc <s_tim_oc_setup+0xa2>
     6f8:	06000793          	li	a5,96
     6fc:	fcf41223          	sh	a5,-60(s0)
        oci.TIM_OutputState =
            (oc->oc_state != 0U) ? (uint16_t)oc->oc_state : (uint16_t)TIM_OutputState_Enable;
     700:	fe042783          	lw	a5,-32(s0)
     704:	479c                	lw	a5,8(a5)
        oci.TIM_OutputState =
     706:	c799                	beqz	a5,714 <s_tim_oc_setup+0xba>
            (oc->oc_state != 0U) ? (uint16_t)oc->oc_state : (uint16_t)TIM_OutputState_Enable;
     708:	fe042783          	lw	a5,-32(s0)
     70c:	479c                	lw	a5,8(a5)
        oci.TIM_OutputState =
     70e:	07c2                	slli	a5,a5,0x10
     710:	83c1                	srli	a5,a5,0x10
     712:	a011                	j	716 <s_tim_oc_setup+0xbc>
     714:	4785                	li	a5,1
     716:	fcf41323          	sh	a5,-58(s0)
        oci.TIM_OutputNState = (chn->enable_complementary != 0U) ?
     71a:	fdc42783          	lw	a5,-36(s0)
     71e:	4bdc                	lw	a5,20(a5)
     720:	cf89                	beqz	a5,73a <s_tim_oc_setup+0xe0>
                                   ((oc->oc_n_state != 0U) ? (uint16_t)oc->oc_n_state :
     722:	fe042783          	lw	a5,-32(s0)
     726:	4bdc                	lw	a5,20(a5)
        oci.TIM_OutputNState = (chn->enable_complementary != 0U) ?
     728:	c799                	beqz	a5,736 <s_tim_oc_setup+0xdc>
                                   ((oc->oc_n_state != 0U) ? (uint16_t)oc->oc_n_state :
     72a:	fe042783          	lw	a5,-32(s0)
     72e:	4bdc                	lw	a5,20(a5)
        oci.TIM_OutputNState = (chn->enable_complementary != 0U) ?
     730:	07c2                	slli	a5,a5,0x10
     732:	83c1                	srli	a5,a5,0x10
     734:	a021                	j	73c <s_tim_oc_setup+0xe2>
     736:	4791                	li	a5,4
     738:	a011                	j	73c <s_tim_oc_setup+0xe2>
     73a:	4781                	li	a5,0
     73c:	fcf41423          	sh	a5,-56(s0)
                                                             (uint16_t)TIM_OutputNState_Enable) :
                                   (uint16_t)TIM_OutputNState_Disable;
        oci.TIM_Pulse = oc->compare_value;
     740:	fe042783          	lw	a5,-32(s0)
     744:	439c                	lw	a5,0(a5)
     746:	07c2                	slli	a5,a5,0x10
     748:	83c1                	srli	a5,a5,0x10
     74a:	fcf41523          	sh	a5,-54(s0)
        oci.TIM_OCPolarity =
            (oc->oc_polarity != 0U) ? (uint16_t)oc->oc_polarity : (uint16_t)TIM_OCPolarity_High;
     74e:	fe042783          	lw	a5,-32(s0)
     752:	47dc                	lw	a5,12(a5)
        oci.TIM_OCPolarity =
     754:	c799                	beqz	a5,762 <s_tim_oc_setup+0x108>
            (oc->oc_polarity != 0U) ? (uint16_t)oc->oc_polarity : (uint16_t)TIM_OCPolarity_High;
     756:	fe042783          	lw	a5,-32(s0)
     75a:	47dc                	lw	a5,12(a5)
        oci.TIM_OCPolarity =
     75c:	07c2                	slli	a5,a5,0x10
     75e:	83c1                	srli	a5,a5,0x10
     760:	a011                	j	764 <s_tim_oc_setup+0x10a>
     762:	4781                	li	a5,0
     764:	fcf41623          	sh	a5,-52(s0)
        oci.TIM_OCNPolarity = (oc->oc_n_polarity != 0U) ? (uint16_t)oc->oc_n_polarity :
     768:	fe042783          	lw	a5,-32(s0)
     76c:	4f9c                	lw	a5,24(a5)
     76e:	c799                	beqz	a5,77c <s_tim_oc_setup+0x122>
     770:	fe042783          	lw	a5,-32(s0)
     774:	4f9c                	lw	a5,24(a5)
     776:	07c2                	slli	a5,a5,0x10
     778:	83c1                	srli	a5,a5,0x10
     77a:	a011                	j	77e <s_tim_oc_setup+0x124>
     77c:	4781                	li	a5,0
     77e:	fcf41723          	sh	a5,-50(s0)
                                                          (uint16_t)TIM_OCNPolarity_High;
        oci.TIM_OCIdleState = (uint16_t)oc->oc_idle_state;
     782:	fe042783          	lw	a5,-32(s0)
     786:	4b9c                	lw	a5,16(a5)
     788:	07c2                	slli	a5,a5,0x10
     78a:	83c1                	srli	a5,a5,0x10
     78c:	fcf41823          	sh	a5,-48(s0)
        oci.TIM_OCNIdleState = (uint16_t)oc->oc_n_idle_state;
     790:	fe042783          	lw	a5,-32(s0)
     794:	4fdc                	lw	a5,28(a5)
     796:	07c2                	slli	a5,a5,0x10
     798:	83c1                	srli	a5,a5,0x10
     79a:	fcf41923          	sh	a5,-46(s0)

        switch (ch)
     79e:	fec42703          	lw	a4,-20(s0)
     7a2:	478d                	li	a5,3
     7a4:	04f70c63          	beq	a4,a5,7fc <s_tim_oc_setup+0x1a2>
     7a8:	fec42703          	lw	a4,-20(s0)
     7ac:	478d                	li	a5,3
     7ae:	06e7e463          	bltu	a5,a4,816 <s_tim_oc_setup+0x1bc>
     7b2:	fec42703          	lw	a4,-20(s0)
     7b6:	4785                	li	a5,1
     7b8:	00f70863          	beq	a4,a5,7c8 <s_tim_oc_setup+0x16e>
     7bc:	fec42703          	lw	a4,-20(s0)
     7c0:	4789                	li	a5,2
     7c2:	02f70063          	beq	a4,a5,7e2 <s_tim_oc_setup+0x188>
     7c6:	a881                	j	816 <s_tim_oc_setup+0x1bc>
        {
        case 1U:
            TIM_OC1Init(tim, &oci);
     7c8:	fc440793          	addi	a5,s0,-60
     7cc:	85be                	mv	a1,a5
     7ce:	fbc42503          	lw	a0,-68(s0)
     7d2:	65b050ef          	jal	ra,662c <TIM_OC1Init>
            TIM_OC1PreloadConfig(tim, (uint16_t)TIM_OCPreload_Enable);
     7d6:	45a1                	li	a1,8
     7d8:	fbc42503          	lw	a0,-68(s0)
     7dc:	4a8060ef          	jal	ra,6c84 <TIM_OC1PreloadConfig>
            break;
     7e0:	a881                	j	830 <s_tim_oc_setup+0x1d6>
        case 2U:
            TIM_OC2Init(tim, &oci);
     7e2:	fc440793          	addi	a5,s0,-60
     7e6:	85be                	mv	a1,a5
     7e8:	fbc42503          	lw	a0,-68(s0)
     7ec:	6e5050ef          	jal	ra,66d0 <TIM_OC2Init>
            TIM_OC2PreloadConfig(tim, (uint16_t)TIM_OCPreload_Enable);
     7f0:	45a1                	li	a1,8
     7f2:	fbc42503          	lw	a0,-68(s0)
     7f6:	4a0060ef          	jal	ra,6c96 <TIM_OC2PreloadConfig>
            break;
     7fa:	a81d                	j	830 <s_tim_oc_setup+0x1d6>
        case 3U:
            TIM_OC3Init(tim, &oci);
     7fc:	fc440793          	addi	a5,s0,-60
     800:	85be                	mv	a1,a5
     802:	fbc42503          	lw	a0,-68(s0)
     806:	7a3050ef          	jal	ra,67a8 <TIM_OC3Init>
            TIM_OC3PreloadConfig(tim, (uint16_t)TIM_OCPreload_Enable);
     80a:	45a1                	li	a1,8
     80c:	fbc42503          	lw	a0,-68(s0)
     810:	4a0060ef          	jal	ra,6cb0 <TIM_OC3PreloadConfig>
            break;
     814:	a831                	j	830 <s_tim_oc_setup+0x1d6>
        default:
            TIM_OC4Init(tim, &oci);
     816:	fc440793          	addi	a5,s0,-60
     81a:	85be                	mv	a1,a5
     81c:	fbc42503          	lw	a0,-68(s0)
     820:	05e060ef          	jal	ra,687e <TIM_OC4Init>
            TIM_OC4PreloadConfig(tim, (uint16_t)TIM_OCPreload_Enable);
     824:	45a1                	li	a1,8
     826:	fbc42503          	lw	a0,-68(s0)
     82a:	498060ef          	jal	ra,6cc2 <TIM_OC4PreloadConfig>
            break;
     82e:	0001                	nop
        }

        /* 引脚: af 承载 GPIOMode_TypeDef (缺省复用推挽) */
        if (pin->port != 0U)
     830:	fd842783          	lw	a5,-40(s0)
     834:	439c                	lw	a5,0(a5)
     836:	c3d9                	beqz	a5,8bc <s_tim_oc_setup+0x262>
        {
            int ret = ch32_gpio_port_clk(pin->port, pin->clk_bus);
     838:	fd842783          	lw	a5,-40(s0)
     83c:	4398                	lw	a4,0(a5)
     83e:	fd842783          	lw	a5,-40(s0)
     842:	479c                	lw	a5,8(a5)
     844:	85be                	mv	a1,a5
     846:	853a                	mv	a0,a4
     848:	3c1d                	jal	27e <ch32_gpio_port_clk>
     84a:	fca42a23          	sw	a0,-44(s0)
            if (ret != MINI_OK)
     84e:	fd442783          	lw	a5,-44(s0)
     852:	c781                	beqz	a5,85a <s_tim_oc_setup+0x200>
                return ret;
     854:	fd442783          	lw	a5,-44(s0)
     858:	a8ad                	j	8d2 <s_tim_oc_setup+0x278>
            uint32_t mode = (pin->mode != 0U) ? pin->mode : pin->af;
     85a:	fd842783          	lw	a5,-40(s0)
     85e:	4f9c                	lw	a5,24(a5)
     860:	c789                	beqz	a5,86a <s_tim_oc_setup+0x210>
     862:	fd842783          	lw	a5,-40(s0)
     866:	4f9c                	lw	a5,24(a5)
     868:	a021                	j	870 <s_tim_oc_setup+0x216>
     86a:	fd842783          	lw	a5,-40(s0)
     86e:	47dc                	lw	a5,12(a5)
     870:	fef42423          	sw	a5,-24(s0)
            if (mode == 0U)
     874:	fe842783          	lw	a5,-24(s0)
     878:	e781                	bnez	a5,880 <s_tim_oc_setup+0x226>
                mode = (uint32_t)GPIO_Mode_AF_PP;
     87a:	47e1                	li	a5,24
     87c:	fef42423          	sw	a5,-24(s0)
            ret = ch32_gpio_cfg_pin(pin->port, ch32_pin_to_mask(pin->pin), mode, pin->speed,
     880:	fd842783          	lw	a5,-40(s0)
     884:	4384                	lw	s1,0(a5)
     886:	fd842783          	lw	a5,-40(s0)
     88a:	0047d783          	lhu	a5,4(a5)
     88e:	853e                	mv	a0,a5
     890:	3a05                	jal	1c0 <ch32_pin_to_mask>
     892:	85aa                	mv	a1,a0
     894:	fd842783          	lw	a5,-40(s0)
     898:	4bd4                	lw	a3,20(a5)
                                    pin->pull);
     89a:	fd842783          	lw	a5,-40(s0)
     89e:	4fdc                	lw	a5,28(a5)
            ret = ch32_gpio_cfg_pin(pin->port, ch32_pin_to_mask(pin->pin), mode, pin->speed,
     8a0:	873e                	mv	a4,a5
     8a2:	fe842603          	lw	a2,-24(s0)
     8a6:	8526                	mv	a0,s1
     8a8:	36a5                	jal	410 <ch32_gpio_cfg_pin>
     8aa:	fca42a23          	sw	a0,-44(s0)
            if (ret != MINI_OK)
     8ae:	fd442783          	lw	a5,-44(s0)
     8b2:	c789                	beqz	a5,8bc <s_tim_oc_setup+0x262>
                return ret;
     8b4:	fd442783          	lw	a5,-44(s0)
     8b8:	a829                	j	8d2 <s_tim_oc_setup+0x278>
            continue;
     8ba:	0001                	nop
    for (uint32_t ch = 1U; ch <= 4U; ch++)
     8bc:	fec42783          	lw	a5,-20(s0)
     8c0:	0785                	addi	a5,a5,1
     8c2:	fef42623          	sw	a5,-20(s0)
     8c6:	fec42703          	lw	a4,-20(s0)
     8ca:	4791                	li	a5,4
     8cc:	dae7f4e3          	bgeu	a5,a4,674 <s_tim_oc_setup+0x1a>
        }
    }
    return MINI_OK;
     8d0:	4781                	li	a5,0
}
     8d2:	853e                	mv	a0,a5
     8d4:	40b6                	lw	ra,76(sp)
     8d6:	4426                	lw	s0,72(sp)
     8d8:	4496                	lw	s1,68(sp)
     8da:	6161                	addi	sp,sp,80
     8dc:	8082                	ret

000008de <s_tim_hw_setup>:
 * @brief 首次打开: 时钟 + 时基 + 通道 + 高级定时器输出使能 (一次完成)
 * @param[in] host TIM 主机配置 (出参, 读全部直投字段)
 * @return 成功返回 MINI_OK, 时钟/引脚失败透传错误码
 */
static int s_tim_hw_setup(hal_tim_host_config* host)
{
     8de:	7139                	addi	sp,sp,-64
     8e0:	de06                	sw	ra,60(sp)
     8e2:	dc22                	sw	s0,56(sp)
     8e4:	0080                	addi	s0,sp,64
     8e6:	fca42623          	sw	a0,-52(s0)
    uintptr_t base = host->tim_handle;
     8ea:	fcc42783          	lw	a5,-52(s0)
     8ee:	439c                	lw	a5,0(a5)
     8f0:	fef42623          	sw	a5,-20(s0)
    TIM_TypeDef* tim = (TIM_TypeDef*)base;
     8f4:	fec42783          	lw	a5,-20(s0)
     8f8:	fef42423          	sw	a5,-24(s0)

    int ret = ch32_rcc_enable(base, host->clk_periph);
     8fc:	fcc42783          	lw	a5,-52(s0)
     900:	43dc                	lw	a5,4(a5)
     902:	85be                	mv	a1,a5
     904:	fec42503          	lw	a0,-20(s0)
     908:	38fd                	jal	206 <ch32_rcc_enable>
     90a:	fea42223          	sw	a0,-28(s0)
    if (ret != MINI_OK)
     90e:	fe442783          	lw	a5,-28(s0)
     912:	c781                	beqz	a5,91a <s_tim_hw_setup+0x3c>
        return ret;
     914:	fe442783          	lw	a5,-28(s0)
     918:	aaa1                	j	a70 <s_tim_hw_setup+0x192>

    TIM_TimeBaseInitTypeDef tb;
    memset(&tb, 0, sizeof(tb));
     91a:	fd840793          	addi	a5,s0,-40
     91e:	4629                	li	a2,10
     920:	4581                	li	a1,0
     922:	853e                	mv	a0,a5
     924:	10f060ef          	jal	ra,7232 <memset>
    tb.TIM_Prescaler = (uint16_t)host->base.prescaler;
     928:	fcc42783          	lw	a5,-52(s0)
     92c:	4bdc                	lw	a5,20(a5)
     92e:	07c2                	slli	a5,a5,0x10
     930:	83c1                	srli	a5,a5,0x10
     932:	fcf41c23          	sh	a5,-40(s0)
    tb.TIM_CounterMode = (host->base.counter_mode != 0U) ? (uint16_t)host->base.counter_mode :
     936:	fcc42783          	lw	a5,-52(s0)
     93a:	4f9c                	lw	a5,24(a5)
     93c:	c799                	beqz	a5,94a <s_tim_hw_setup+0x6c>
     93e:	fcc42783          	lw	a5,-52(s0)
     942:	4f9c                	lw	a5,24(a5)
     944:	07c2                	slli	a5,a5,0x10
     946:	83c1                	srli	a5,a5,0x10
     948:	a011                	j	94c <s_tim_hw_setup+0x6e>
     94a:	4781                	li	a5,0
     94c:	fcf41d23          	sh	a5,-38(s0)
                                                           (uint16_t)TIM_CounterMode_Up;
    tb.TIM_Period = host->base.autoreload;
     950:	fcc42783          	lw	a5,-52(s0)
     954:	4fdc                	lw	a5,28(a5)
     956:	07c2                	slli	a5,a5,0x10
     958:	83c1                	srli	a5,a5,0x10
     95a:	fcf41e23          	sh	a5,-36(s0)
    tb.TIM_ClockDivision = (uint16_t)host->base.clock_division;
     95e:	fcc42783          	lw	a5,-52(s0)
     962:	539c                	lw	a5,32(a5)
     964:	07c2                	slli	a5,a5,0x10
     966:	83c1                	srli	a5,a5,0x10
     968:	fcf41f23          	sh	a5,-34(s0)
    tb.TIM_RepetitionCounter = (uint8_t)host->base.repetition_counter;
     96c:	fcc42783          	lw	a5,-52(s0)
     970:	53dc                	lw	a5,36(a5)
     972:	0ff7f793          	zext.b	a5,a5
     976:	fef40023          	sb	a5,-32(s0)
    TIM_TimeBaseInit(tim, &tb);
     97a:	fd840793          	addi	a5,s0,-40
     97e:	85be                	mv	a1,a5
     980:	fe842503          	lw	a0,-24(s0)
     984:	389050ef          	jal	ra,650c <TIM_TimeBaseInit>

    ret = s_tim_oc_setup(tim, host);
     988:	fcc42583          	lw	a1,-52(s0)
     98c:	fe842503          	lw	a0,-24(s0)
     990:	31e9                	jal	65a <s_tim_oc_setup>
     992:	fea42223          	sw	a0,-28(s0)
    if (ret != MINI_OK)
     996:	fe442783          	lw	a5,-28(s0)
     99a:	c781                	beqz	a5,9a2 <s_tim_hw_setup+0xc4>
        return ret;
     99c:	fe442783          	lw	a5,-28(s0)
     9a0:	a8c1                	j	a70 <s_tim_hw_setup+0x192>

    /* BDTR (高级定时器): 直投死区/刹车, 非高级定时器写忽略 */
    tim->BDTR = host->bdtr.dead_time & 0xFFU;
     9a2:	fcc42783          	lw	a5,-52(s0)
     9a6:	1a87a783          	lw	a5,424(a5)
     9aa:	07c2                	slli	a5,a5,0x10
     9ac:	83c1                	srli	a5,a5,0x10
     9ae:	0ff7f793          	zext.b	a5,a5
     9b2:	01079713          	slli	a4,a5,0x10
     9b6:	8341                	srli	a4,a4,0x10
     9b8:	fe842783          	lw	a5,-24(s0)
     9bc:	04e79223          	sh	a4,68(a5)
    if (host->bdtr.break_state != 0U)
     9c0:	fcc42783          	lw	a5,-52(s0)
     9c4:	1947a783          	lw	a5,404(a5)
     9c8:	c38d                	beqz	a5,9ea <s_tim_hw_setup+0x10c>
        tim->BDTR |= (uint32_t)0x1000U; /* BKE */
     9ca:	fe842783          	lw	a5,-24(s0)
     9ce:	0447d783          	lhu	a5,68(a5)
     9d2:	01079713          	slli	a4,a5,0x10
     9d6:	8341                	srli	a4,a4,0x10
     9d8:	6785                	lui	a5,0x1
     9da:	8fd9                	or	a5,a5,a4
     9dc:	01079713          	slli	a4,a5,0x10
     9e0:	8341                	srli	a4,a4,0x10
     9e2:	fe842783          	lw	a5,-24(s0)
     9e6:	04e79223          	sh	a4,68(a5) # 1044 <hal_tim_set_prescaler+0x10>
    if (host->bdtr.automatic_output != 0U)
     9ea:	fcc42783          	lw	a5,-52(s0)
     9ee:	1907a783          	lw	a5,400(a5)
     9f2:	c38d                	beqz	a5,a14 <s_tim_hw_setup+0x136>
        tim->BDTR |= (uint32_t)0x4000U; /* AOE */
     9f4:	fe842783          	lw	a5,-24(s0)
     9f8:	0447d783          	lhu	a5,68(a5)
     9fc:	01079713          	slli	a4,a5,0x10
     a00:	8341                	srli	a4,a4,0x10
     a02:	6791                	lui	a5,0x4
     a04:	8fd9                	or	a5,a5,a4
     a06:	01079713          	slli	a4,a5,0x10
     a0a:	8341                	srli	a4,a4,0x10
     a0c:	fe842783          	lw	a5,-24(s0)
     a10:	04e79223          	sh	a4,68(a5) # 4044 <device_write+0x4c>
    tim->BDTR |= (uint32_t)0x8000U; /* MOE: 主输出使能 */
     a14:	fe842783          	lw	a5,-24(s0)
     a18:	0447d783          	lhu	a5,68(a5)
     a1c:	01079713          	slli	a4,a5,0x10
     a20:	8341                	srli	a4,a4,0x10
     a22:	77e1                	lui	a5,0xffff8
     a24:	8fd9                	or	a5,a5,a4
     a26:	01079713          	slli	a4,a5,0x10
     a2a:	8341                	srli	a4,a4,0x10
     a2c:	fe842783          	lw	a5,-24(s0)
     a30:	04e79223          	sh	a4,68(a5) # ffff8044 <ERR_SECTION_BASE+0xffff9044>

    /* 中断使能掩码直灌 (0 = 不使能) */
    if (host->int_mask != 0U)
     a34:	fcc42783          	lw	a5,-52(s0)
     a38:	4b9c                	lw	a5,16(a5)
     a3a:	c78d                	beqz	a5,a64 <s_tim_hw_setup+0x186>
        tim->DMAINTENR |= (uint32_t)host->int_mask;
     a3c:	fe842783          	lw	a5,-24(s0)
     a40:	00c7d783          	lhu	a5,12(a5)
     a44:	01079713          	slli	a4,a5,0x10
     a48:	8341                	srli	a4,a4,0x10
     a4a:	fcc42783          	lw	a5,-52(s0)
     a4e:	4b9c                	lw	a5,16(a5)
     a50:	07c2                	slli	a5,a5,0x10
     a52:	83c1                	srli	a5,a5,0x10
     a54:	8fd9                	or	a5,a5,a4
     a56:	01079713          	slli	a4,a5,0x10
     a5a:	8341                	srli	a4,a4,0x10
     a5c:	fe842783          	lw	a5,-24(s0)
     a60:	00e79623          	sh	a4,12(a5)

    TIM_ClearFlag(tim, TIM_FLAG_Update);
     a64:	4585                	li	a1,1
     a66:	fe842503          	lw	a0,-24(s0)
     a6a:	77a060ef          	jal	ra,71e4 <TIM_ClearFlag>
    return MINI_OK;
     a6e:	4781                	li	a5,0
}
     a70:	853e                	mv	a0,a5
     a72:	50f2                	lw	ra,60(sp)
     a74:	5462                	lw	s0,56(sp)
     a76:	6121                	addi	sp,sp,64
     a78:	8082                	ret

00000a7a <hal_tim_device_init>:
 * @param[in] host TIM 主机配置 (出参, 仅保存指针)
 * @return 成功返回 MINI_OK, 参数为空返回 MINI_ERR_INVAL
 */
int hal_tim_device_init(hal_tim_device* pdev, hal_tim_platform_unique_config* unique,
                        hal_tim_host_config* host)
{
     a7a:	1101                	addi	sp,sp,-32
     a7c:	ce22                	sw	s0,28(sp)
     a7e:	1000                	addi	s0,sp,32
     a80:	fea42623          	sw	a0,-20(s0)
     a84:	feb42423          	sw	a1,-24(s0)
     a88:	fec42223          	sw	a2,-28(s0)
    if ((pdev == NULL) || (host == NULL))
     a8c:	fec42783          	lw	a5,-20(s0)
     a90:	c781                	beqz	a5,a98 <hal_tim_device_init+0x1e>
     a92:	fe442783          	lw	a5,-28(s0)
     a96:	e399                	bnez	a5,a9c <hal_tim_device_init+0x22>
        return MINI_ERR_INVAL;
     a98:	57a9                	li	a5,-22
     a9a:	a02d                	j	ac4 <hal_tim_device_init+0x4a>
    pdev->host = host;
     a9c:	fec42783          	lw	a5,-20(s0)
     aa0:	fe442703          	lw	a4,-28(s0)
     aa4:	c398                	sw	a4,0(a5)
    pdev->unique = unique;
     aa6:	fec42783          	lw	a5,-20(s0)
     aaa:	fe842703          	lw	a4,-24(s0)
     aae:	c3d8                	sw	a4,4(a5)
    if (unique != NULL)
     ab0:	fe842783          	lw	a5,-24(s0)
     ab4:	c799                	beqz	a5,ac2 <hal_tim_device_init+0x48>
        unique->private_cfg = host->tim_handle;
     ab6:	fe442783          	lw	a5,-28(s0)
     aba:	4398                	lw	a4,0(a5)
     abc:	fe842783          	lw	a5,-24(s0)
     ac0:	c398                	sw	a4,0(a5)
    return MINI_OK;
     ac2:	4781                	li	a5,0
}
     ac4:	853e                	mv	a0,a5
     ac6:	4472                	lw	s0,28(sp)
     ac8:	6105                	addi	sp,sp,32
     aca:	8082                	ret

00000acc <hal_tim_device_deinit>:
 * @brief 释放 TIM 设备运行时资源 (仅解绑定, 不关硬件)
 * @param[in] pdev TIM 设备指针 (出参)
 * @return 成功返回 MINI_OK, pdev 为空返回 MINI_ERR_INVAL
 */
int hal_tim_device_deinit(hal_tim_device* pdev)
{
     acc:	1101                	addi	sp,sp,-32
     ace:	ce22                	sw	s0,28(sp)
     ad0:	1000                	addi	s0,sp,32
     ad2:	fea42623          	sw	a0,-20(s0)
    if (pdev == NULL)
     ad6:	fec42783          	lw	a5,-20(s0)
     ada:	e399                	bnez	a5,ae0 <hal_tim_device_deinit+0x14>
        return MINI_ERR_INVAL;
     adc:	57a9                	li	a5,-22
     ade:	a811                	j	af2 <hal_tim_device_deinit+0x26>
    pdev->host = NULL;
     ae0:	fec42783          	lw	a5,-20(s0)
     ae4:	0007a023          	sw	zero,0(a5)
    pdev->unique = NULL;
     ae8:	fec42783          	lw	a5,-20(s0)
     aec:	0007a223          	sw	zero,4(a5)
    return MINI_OK;
     af0:	4781                	li	a5,0
}
     af2:	853e                	mv	a0,a5
     af4:	4472                	lw	s0,28(sp)
     af6:	6105                	addi	sp,sp,32
     af8:	8082                	ret

00000afa <hal_tim_open>:
 * @brief 打开 TIM (首次引用执行时钟/时基/通道初始化, 重复打开仅累加计数)
 * @param[in] pdev TIM 设备指针 (已绑定 host)
 * @return 成功返回 MINI_OK, 槽位用尽返回 MINI_ERR_NOMEM, 参数无效返回 MINI_ERR_INVAL
 */
int hal_tim_open(hal_tim_device* pdev)
{
     afa:	7179                	addi	sp,sp,-48
     afc:	d606                	sw	ra,44(sp)
     afe:	d422                	sw	s0,40(sp)
     b00:	1800                	addi	s0,sp,48
     b02:	fca42e23          	sw	a0,-36(s0)
    if ((pdev == NULL) || (pdev->host == NULL))
     b06:	fdc42783          	lw	a5,-36(s0)
     b0a:	c789                	beqz	a5,b14 <hal_tim_open+0x1a>
     b0c:	fdc42783          	lw	a5,-36(s0)
     b10:	439c                	lw	a5,0(a5)
     b12:	e399                	bnez	a5,b18 <hal_tim_open+0x1e>
        return MINI_ERR_INVAL;
     b14:	57a9                	li	a5,-22
     b16:	a881                	j	b66 <hal_tim_open+0x6c>
    ch32_tim_ref_t* slot = s_ref_acquire(pdev->host->tim_handle);
     b18:	fdc42783          	lw	a5,-36(s0)
     b1c:	439c                	lw	a5,0(a5)
     b1e:	439c                	lw	a5,0(a5)
     b20:	853e                	mv	a0,a5
     b22:	3261                	jal	4aa <s_ref_acquire>
     b24:	fea42623          	sw	a0,-20(s0)
    if (slot == NULL)
     b28:	fec42783          	lw	a5,-20(s0)
     b2c:	e399                	bnez	a5,b32 <hal_tim_open+0x38>
        return MINI_ERR_NOMEM;
     b2e:	57d1                	li	a5,-12
     b30:	a81d                	j	b66 <hal_tim_open+0x6c>
    if (slot->ref_count == 0)
     b32:	fec42783          	lw	a5,-20(s0)
     b36:	43dc                	lw	a5,4(a5)
     b38:	ef91                	bnez	a5,b54 <hal_tim_open+0x5a>
    {
        int ret = s_tim_hw_setup(pdev->host);
     b3a:	fdc42783          	lw	a5,-36(s0)
     b3e:	439c                	lw	a5,0(a5)
     b40:	853e                	mv	a0,a5
     b42:	3b71                	jal	8de <s_tim_hw_setup>
     b44:	fea42423          	sw	a0,-24(s0)
        if (ret != MINI_OK)
     b48:	fe842783          	lw	a5,-24(s0)
     b4c:	c781                	beqz	a5,b54 <hal_tim_open+0x5a>
            return ret;
     b4e:	fe842783          	lw	a5,-24(s0)
     b52:	a811                	j	b66 <hal_tim_open+0x6c>
    }
    slot->ref_count++;
     b54:	fec42783          	lw	a5,-20(s0)
     b58:	43dc                	lw	a5,4(a5)
     b5a:	00178713          	addi	a4,a5,1
     b5e:	fec42783          	lw	a5,-20(s0)
     b62:	c3d8                	sw	a4,4(a5)
    return MINI_OK;
     b64:	4781                	li	a5,0
}
     b66:	853e                	mv	a0,a5
     b68:	50b2                	lw	ra,44(sp)
     b6a:	5422                	lw	s0,40(sp)
     b6c:	6145                	addi	sp,sp,48
     b6e:	8082                	ret

00000b70 <hal_tim_close>:
 * @brief 关闭 TIM (引用归零后去使能计数器)
 * @param[in] pdev TIM 设备指针 (已绑定 host)
 * @return 成功返回 MINI_OK, 参数无效返回 MINI_ERR_INVAL
 */
int hal_tim_close(hal_tim_device* pdev)
{
     b70:	7179                	addi	sp,sp,-48
     b72:	d606                	sw	ra,44(sp)
     b74:	d422                	sw	s0,40(sp)
     b76:	1800                	addi	s0,sp,48
     b78:	fca42e23          	sw	a0,-36(s0)
    if ((pdev == NULL) || (pdev->host == NULL))
     b7c:	fdc42783          	lw	a5,-36(s0)
     b80:	c789                	beqz	a5,b8a <hal_tim_close+0x1a>
     b82:	fdc42783          	lw	a5,-36(s0)
     b86:	439c                	lw	a5,0(a5)
     b88:	e399                	bnez	a5,b8e <hal_tim_close+0x1e>
        return MINI_ERR_INVAL;
     b8a:	57a9                	li	a5,-22
     b8c:	a82d                	j	bc6 <hal_tim_close+0x56>
    uintptr_t base = pdev->host->tim_handle;
     b8e:	fdc42783          	lw	a5,-36(s0)
     b92:	439c                	lw	a5,0(a5)
     b94:	439c                	lw	a5,0(a5)
     b96:	fef42623          	sw	a5,-20(s0)
    s_ref_release(base);
     b9a:	fec42503          	lw	a0,-20(s0)
     b9e:	325d                	jal	544 <s_ref_release>
    ch32_tim_ref_t* slot = s_ref_acquire(base);
     ba0:	fec42503          	lw	a0,-20(s0)
     ba4:	3219                	jal	4aa <s_ref_acquire>
     ba6:	fea42423          	sw	a0,-24(s0)
    if ((slot == NULL) || (slot->ref_count == 0))
     baa:	fe842783          	lw	a5,-24(s0)
     bae:	c789                	beqz	a5,bb8 <hal_tim_close+0x48>
     bb0:	fe842783          	lw	a5,-24(s0)
     bb4:	43dc                	lw	a5,4(a5)
     bb6:	e799                	bnez	a5,bc4 <hal_tim_close+0x54>
        TIM_Cmd((TIM_TypeDef*)base, DISABLE);
     bb8:	fec42783          	lw	a5,-20(s0)
     bbc:	4581                	li	a1,0
     bbe:	853e                	mv	a0,a5
     bc0:	605050ef          	jal	ra,69c4 <TIM_Cmd>
    return MINI_OK;
     bc4:	4781                	li	a5,0
}
     bc6:	853e                	mv	a0,a5
     bc8:	50b2                	lw	ra,44(sp)
     bca:	5422                	lw	s0,40(sp)
     bcc:	6145                	addi	sp,sp,48
     bce:	8082                	ret

00000bd0 <hal_tim_pwm_update>:
 * @param[in] frequency 目标 PWM 频率 (Hz, 按 ch32_tim_input_freq 折算)
 * @param[in] duty 占空比: <=100 为百分比, 否则为原始比较值 (截断到 ARR)
 * @return 成功返回 MINI_OK, 参数无效返回 MINI_ERR_INVAL
 */
int hal_tim_pwm_update(hal_tim_device* pdev, uint32_t channel, uint32_t frequency, uint32_t duty)
{
     bd0:	7139                	addi	sp,sp,-64
     bd2:	de06                	sw	ra,60(sp)
     bd4:	dc22                	sw	s0,56(sp)
     bd6:	0080                	addi	s0,sp,64
     bd8:	fca42623          	sw	a0,-52(s0)
     bdc:	fcb42423          	sw	a1,-56(s0)
     be0:	fcc42223          	sw	a2,-60(s0)
     be4:	fcd42023          	sw	a3,-64(s0)
    if ((pdev == NULL) || (pdev->host == NULL))
     be8:	fcc42783          	lw	a5,-52(s0)
     bec:	c789                	beqz	a5,bf6 <hal_tim_pwm_update+0x26>
     bee:	fcc42783          	lw	a5,-52(s0)
     bf2:	439c                	lw	a5,0(a5)
     bf4:	e399                	bnez	a5,bfa <hal_tim_pwm_update+0x2a>
        return MINI_ERR_INVAL;
     bf6:	57a9                	li	a5,-22
     bf8:	a8fd                	j	cf6 <hal_tim_pwm_update+0x126>
    volatile uint16_t* ccr = s_tim_ccr((TIM_TypeDef*)pdev->host->tim_handle, channel);
     bfa:	fcc42783          	lw	a5,-52(s0)
     bfe:	439c                	lw	a5,0(a5)
     c00:	439c                	lw	a5,0(a5)
     c02:	fc842583          	lw	a1,-56(s0)
     c06:	853e                	mv	a0,a5
     c08:	3ad1                	jal	5dc <s_tim_ccr>
     c0a:	fea42423          	sw	a0,-24(s0)
    if ((ccr == NULL) || (frequency == 0U))
     c0e:	fe842783          	lw	a5,-24(s0)
     c12:	c781                	beqz	a5,c1a <hal_tim_pwm_update+0x4a>
     c14:	fc442783          	lw	a5,-60(s0)
     c18:	e399                	bnez	a5,c1e <hal_tim_pwm_update+0x4e>
        return MINI_ERR_INVAL;
     c1a:	57a9                	li	a5,-22
     c1c:	a8e9                	j	cf6 <hal_tim_pwm_update+0x126>
    TIM_TypeDef* tim = (TIM_TypeDef*)pdev->host->tim_handle;
     c1e:	fcc42783          	lw	a5,-52(s0)
     c22:	439c                	lw	a5,0(a5)
     c24:	439c                	lw	a5,0(a5)
     c26:	fef42223          	sw	a5,-28(s0)

    uint32_t fsrc = ch32_tim_input_freq(pdev->host->tim_handle);
     c2a:	fcc42783          	lw	a5,-52(s0)
     c2e:	439c                	lw	a5,0(a5)
     c30:	439c                	lw	a5,0(a5)
     c32:	853e                	mv	a0,a5
     c34:	f6aff0ef          	jal	ra,39e <ch32_tim_input_freq>
     c38:	fea42023          	sw	a0,-32(s0)
    uint32_t psc = (fsrc / frequency) / 65536U; /* 保证 ARR 落在 16 位内 */
     c3c:	fe042703          	lw	a4,-32(s0)
     c40:	fc442783          	lw	a5,-60(s0)
     c44:	02f757b3          	divu	a5,a4,a5
     c48:	83c1                	srli	a5,a5,0x10
     c4a:	fcf42e23          	sw	a5,-36(s0)
    uint32_t arr = (fsrc / ((psc + 1U) * frequency)) - 1U;
     c4e:	fdc42783          	lw	a5,-36(s0)
     c52:	00178713          	addi	a4,a5,1
     c56:	fc442783          	lw	a5,-60(s0)
     c5a:	02f707b3          	mul	a5,a4,a5
     c5e:	fe042703          	lw	a4,-32(s0)
     c62:	02f757b3          	divu	a5,a4,a5
     c66:	17fd                	addi	a5,a5,-1
     c68:	fcf42c23          	sw	a5,-40(s0)
    if (arr == 0U)
     c6c:	fd842783          	lw	a5,-40(s0)
     c70:	e399                	bnez	a5,c76 <hal_tim_pwm_update+0xa6>
        return MINI_ERR_INVAL;
     c72:	57a9                	li	a5,-22
     c74:	a049                	j	cf6 <hal_tim_pwm_update+0x126>
    tim->PSC = psc;
     c76:	fdc42783          	lw	a5,-36(s0)
     c7a:	01079713          	slli	a4,a5,0x10
     c7e:	8341                	srli	a4,a4,0x10
     c80:	fe442783          	lw	a5,-28(s0)
     c84:	02e79423          	sh	a4,40(a5)
    tim->ATRLR = arr;
     c88:	fd842783          	lw	a5,-40(s0)
     c8c:	01079713          	slli	a4,a5,0x10
     c90:	8341                	srli	a4,a4,0x10
     c92:	fe442783          	lw	a5,-28(s0)
     c96:	02e79623          	sh	a4,44(a5)

    /* duty <= 100 视为百分比, 否则视为原始比较值 (截断到 ARR) */
    uint32_t pulse = (duty <= 100U) ? ((arr * duty) / 100U) : duty;
     c9a:	fc042703          	lw	a4,-64(s0)
     c9e:	06400793          	li	a5,100
     ca2:	00e7ed63          	bltu	a5,a4,cbc <hal_tim_pwm_update+0xec>
     ca6:	fd842703          	lw	a4,-40(s0)
     caa:	fc042783          	lw	a5,-64(s0)
     cae:	02f70733          	mul	a4,a4,a5
     cb2:	06400793          	li	a5,100
     cb6:	02f757b3          	divu	a5,a4,a5
     cba:	a019                	j	cc0 <hal_tim_pwm_update+0xf0>
     cbc:	fc042783          	lw	a5,-64(s0)
     cc0:	fef42623          	sw	a5,-20(s0)
    if (pulse > arr)
     cc4:	fec42703          	lw	a4,-20(s0)
     cc8:	fd842783          	lw	a5,-40(s0)
     ccc:	00e7f663          	bgeu	a5,a4,cd8 <hal_tim_pwm_update+0x108>
        pulse = arr;
     cd0:	fd842783          	lw	a5,-40(s0)
     cd4:	fef42623          	sw	a5,-20(s0)
    *ccr = (uint16_t)pulse;
     cd8:	fec42783          	lw	a5,-20(s0)
     cdc:	01079713          	slli	a4,a5,0x10
     ce0:	8341                	srli	a4,a4,0x10
     ce2:	fe842783          	lw	a5,-24(s0)
     ce6:	00e79023          	sh	a4,0(a5)

    tim->SWEVGR = (uint32_t)TIM_PSCReloadMode_Immediate; /* UG: 立即装载 PSC/ARR */
     cea:	fe442783          	lw	a5,-28(s0)
     cee:	4705                	li	a4,1
     cf0:	00e79a23          	sh	a4,20(a5)
    return MINI_OK;
     cf4:	4781                	li	a5,0
}
     cf6:	853e                	mv	a0,a5
     cf8:	50f2                	lw	ra,60(sp)
     cfa:	5462                	lw	s0,56(sp)
     cfc:	6121                	addi	sp,sp,64
     cfe:	8082                	ret

00000d00 <hal_tim_interrupt_config>:
 * @param[in] pdev TIM 设备指针 (已绑定 host)
 * @param[in] interrupt_config TIM_IT_* 位掩码 (直投)
 * @return 成功返回 MINI_OK, 参数无效返回 MINI_ERR_INVAL
 */
int hal_tim_interrupt_config(hal_tim_device* pdev, uint32_t interrupt_config)
{
     d00:	7179                	addi	sp,sp,-48
     d02:	d622                	sw	s0,44(sp)
     d04:	1800                	addi	s0,sp,48
     d06:	fca42e23          	sw	a0,-36(s0)
     d0a:	fcb42c23          	sw	a1,-40(s0)
    if ((pdev == NULL) || (pdev->host == NULL))
     d0e:	fdc42783          	lw	a5,-36(s0)
     d12:	c789                	beqz	a5,d1c <hal_tim_interrupt_config+0x1c>
     d14:	fdc42783          	lw	a5,-36(s0)
     d18:	439c                	lw	a5,0(a5)
     d1a:	e399                	bnez	a5,d20 <hal_tim_interrupt_config+0x20>
        return MINI_ERR_INVAL;
     d1c:	57a9                	li	a5,-22
     d1e:	a81d                	j	d54 <hal_tim_interrupt_config+0x54>
    TIM_TypeDef* tim = (TIM_TypeDef*)pdev->host->tim_handle;
     d20:	fdc42783          	lw	a5,-36(s0)
     d24:	439c                	lw	a5,0(a5)
     d26:	439c                	lw	a5,0(a5)
     d28:	fef42623          	sw	a5,-20(s0)
    /* 直灌 WCH TIM_IT_* 位掩码 (NVIC 使能由板级中断子系统负责) */
    tim->DMAINTENR |= interrupt_config;
     d2c:	fec42783          	lw	a5,-20(s0)
     d30:	00c7d783          	lhu	a5,12(a5)
     d34:	01079713          	slli	a4,a5,0x10
     d38:	8341                	srli	a4,a4,0x10
     d3a:	fd842783          	lw	a5,-40(s0)
     d3e:	07c2                	slli	a5,a5,0x10
     d40:	83c1                	srli	a5,a5,0x10
     d42:	8fd9                	or	a5,a5,a4
     d44:	01079713          	slli	a4,a5,0x10
     d48:	8341                	srli	a4,a4,0x10
     d4a:	fec42783          	lw	a5,-20(s0)
     d4e:	00e79623          	sh	a4,12(a5)
    return MINI_OK;
     d52:	4781                	li	a5,0
}
     d54:	853e                	mv	a0,a5
     d56:	5432                	lw	s0,44(sp)
     d58:	6145                	addi	sp,sp,48
     d5a:	8082                	ret

00000d5c <hal_tim_get_counter>:
 * @param[in] pdev TIM 设备指针 (已绑定 host)
 * @param[out] value 计数器值输出指针 (出参)
 * @return 成功返回 MINI_OK, 参数无效返回 MINI_ERR_INVAL
 */
int hal_tim_get_counter(const hal_tim_device* pdev, uint32_t* value)
{
     d5c:	7179                	addi	sp,sp,-48
     d5e:	d622                	sw	s0,44(sp)
     d60:	1800                	addi	s0,sp,48
     d62:	fca42e23          	sw	a0,-36(s0)
     d66:	fcb42c23          	sw	a1,-40(s0)
    if ((pdev == NULL) || (pdev->host == NULL) || (value == NULL))
     d6a:	fdc42783          	lw	a5,-36(s0)
     d6e:	cb81                	beqz	a5,d7e <hal_tim_get_counter+0x22>
     d70:	fdc42783          	lw	a5,-36(s0)
     d74:	439c                	lw	a5,0(a5)
     d76:	c781                	beqz	a5,d7e <hal_tim_get_counter+0x22>
     d78:	fd842783          	lw	a5,-40(s0)
     d7c:	e399                	bnez	a5,d82 <hal_tim_get_counter+0x26>
        return MINI_ERR_INVAL;
     d7e:	57a9                	li	a5,-22
     d80:	a015                	j	da4 <hal_tim_get_counter+0x48>
    const TIM_TypeDef* tim = (const TIM_TypeDef*)pdev->host->tim_handle;
     d82:	fdc42783          	lw	a5,-36(s0)
     d86:	439c                	lw	a5,0(a5)
     d88:	439c                	lw	a5,0(a5)
     d8a:	fef42623          	sw	a5,-20(s0)
    *value = tim->CNT;
     d8e:	fec42783          	lw	a5,-20(s0)
     d92:	0247d783          	lhu	a5,36(a5)
     d96:	07c2                	slli	a5,a5,0x10
     d98:	83c1                	srli	a5,a5,0x10
     d9a:	873e                	mv	a4,a5
     d9c:	fd842783          	lw	a5,-40(s0)
     da0:	c398                	sw	a4,0(a5)
    return MINI_OK;
     da2:	4781                	li	a5,0
}
     da4:	853e                	mv	a0,a5
     da6:	5432                	lw	s0,44(sp)
     da8:	6145                	addi	sp,sp,48
     daa:	8082                	ret

00000dac <hal_tim_get_capture_value>:
 * @param[in] channel 通道号 (1..4)
 * @param[out] value 捕获值输出指针 (出参)
 * @return 成功返回 MINI_OK, 通道无效或参数为空返回 MINI_ERR_INVAL
 */
int hal_tim_get_capture_value(const hal_tim_device* pdev, uint32_t channel, uint32_t* value)
{
     dac:	7179                	addi	sp,sp,-48
     dae:	d606                	sw	ra,44(sp)
     db0:	d422                	sw	s0,40(sp)
     db2:	1800                	addi	s0,sp,48
     db4:	fca42e23          	sw	a0,-36(s0)
     db8:	fcb42c23          	sw	a1,-40(s0)
     dbc:	fcc42a23          	sw	a2,-44(s0)
    if ((pdev == NULL) || (pdev->host == NULL) || (value == NULL))
     dc0:	fdc42783          	lw	a5,-36(s0)
     dc4:	cb81                	beqz	a5,dd4 <hal_tim_get_capture_value+0x28>
     dc6:	fdc42783          	lw	a5,-36(s0)
     dca:	439c                	lw	a5,0(a5)
     dcc:	c781                	beqz	a5,dd4 <hal_tim_get_capture_value+0x28>
     dce:	fd442783          	lw	a5,-44(s0)
     dd2:	e399                	bnez	a5,dd8 <hal_tim_get_capture_value+0x2c>
        return MINI_ERR_INVAL;
     dd4:	57a9                	li	a5,-22
     dd6:	a825                	j	e0e <hal_tim_get_capture_value+0x62>
    const volatile uint16_t* ccr = s_tim_ccr((TIM_TypeDef*)pdev->host->tim_handle, channel);
     dd8:	fdc42783          	lw	a5,-36(s0)
     ddc:	439c                	lw	a5,0(a5)
     dde:	439c                	lw	a5,0(a5)
     de0:	fd842583          	lw	a1,-40(s0)
     de4:	853e                	mv	a0,a5
     de6:	ff6ff0ef          	jal	ra,5dc <s_tim_ccr>
     dea:	fea42623          	sw	a0,-20(s0)
    if (ccr == NULL)
     dee:	fec42783          	lw	a5,-20(s0)
     df2:	e399                	bnez	a5,df8 <hal_tim_get_capture_value+0x4c>
        return MINI_ERR_INVAL;
     df4:	57a9                	li	a5,-22
     df6:	a821                	j	e0e <hal_tim_get_capture_value+0x62>
    *value = *ccr;
     df8:	fec42783          	lw	a5,-20(s0)
     dfc:	0007d783          	lhu	a5,0(a5)
     e00:	07c2                	slli	a5,a5,0x10
     e02:	83c1                	srli	a5,a5,0x10
     e04:	873e                	mv	a4,a5
     e06:	fd442783          	lw	a5,-44(s0)
     e0a:	c398                	sw	a4,0(a5)
    return MINI_OK;
     e0c:	4781                	li	a5,0
}
     e0e:	853e                	mv	a0,a5
     e10:	50b2                	lw	ra,44(sp)
     e12:	5422                	lw	s0,40(sp)
     e14:	6145                	addi	sp,sp,48
     e16:	8082                	ret

00000e18 <hal_tim_get_encoder_value>:
 * @param[in] pdev TIM 设备指针 (已绑定 host)
 * @param[out] value 编码器计数输出指针 (出参)
 * @return 成功返回 MINI_OK, 参数无效返回 MINI_ERR_INVAL
 */
int hal_tim_get_encoder_value(const hal_tim_device* pdev, uint32_t* value)
{
     e18:	1101                	addi	sp,sp,-32
     e1a:	ce06                	sw	ra,28(sp)
     e1c:	cc22                	sw	s0,24(sp)
     e1e:	1000                	addi	s0,sp,32
     e20:	fea42623          	sw	a0,-20(s0)
     e24:	feb42423          	sw	a1,-24(s0)
    return hal_tim_get_counter(pdev, value);
     e28:	fe842583          	lw	a1,-24(s0)
     e2c:	fec42503          	lw	a0,-20(s0)
     e30:	3735                	jal	d5c <hal_tim_get_counter>
     e32:	87aa                	mv	a5,a0
}
     e34:	853e                	mv	a0,a5
     e36:	40f2                	lw	ra,28(sp)
     e38:	4462                	lw	s0,24(sp)
     e3a:	6105                	addi	sp,sp,32
     e3c:	8082                	ret

00000e3e <hal_tim_get_hall_value>:
/**
 * @brief 读取霍尔传感器计数值 (霍尔模式未实现)
 * @return 本板未实现, 返回 MINI_ERR_NOTSUPP
 */
int hal_tim_get_hall_value(const hal_tim_device* pdev, uint32_t* value)
{
     e3e:	1101                	addi	sp,sp,-32
     e40:	ce22                	sw	s0,28(sp)
     e42:	1000                	addi	s0,sp,32
     e44:	fea42623          	sw	a0,-20(s0)
     e48:	feb42423          	sw	a1,-24(s0)
    COMPAT_UNUSED_PARAM(pdev);
    COMPAT_UNUSED_PARAM(value);
    return MINI_ERR_NOTSUPP;
     e4c:	fa800793          	li	a5,-88
}
     e50:	853e                	mv	a0,a5
     e52:	4472                	lw	s0,28(sp)
     e54:	6105                	addi	sp,sp,32
     e56:	8082                	ret

00000e58 <hal_tim_force_stop>:
 * @brief 强制停止 (关闭全部比较输出 + 去使能计数器)
 * @param[in] pdev TIM 设备指针 (已绑定 host)
 * @return 成功返回 MINI_OK, 参数无效返回 MINI_ERR_INVAL
 */
int hal_tim_force_stop(hal_tim_device* pdev)
{
     e58:	7179                	addi	sp,sp,-48
     e5a:	d606                	sw	ra,44(sp)
     e5c:	d422                	sw	s0,40(sp)
     e5e:	1800                	addi	s0,sp,48
     e60:	fca42e23          	sw	a0,-36(s0)
    if ((pdev == NULL) || (pdev->host == NULL))
     e64:	fdc42783          	lw	a5,-36(s0)
     e68:	c789                	beqz	a5,e72 <hal_tim_force_stop+0x1a>
     e6a:	fdc42783          	lw	a5,-36(s0)
     e6e:	439c                	lw	a5,0(a5)
     e70:	e399                	bnez	a5,e76 <hal_tim_force_stop+0x1e>
        return MINI_ERR_INVAL;
     e72:	57a9                	li	a5,-22
     e74:	a00d                	j	e96 <hal_tim_force_stop+0x3e>
    TIM_TypeDef* tim = (TIM_TypeDef*)pdev->host->tim_handle;
     e76:	fdc42783          	lw	a5,-36(s0)
     e7a:	439c                	lw	a5,0(a5)
     e7c:	439c                	lw	a5,0(a5)
     e7e:	fef42623          	sw	a5,-20(s0)
    tim->CCER = 0U; /* 关闭全部比较输出 */
     e82:	fec42783          	lw	a5,-20(s0)
     e86:	02079023          	sh	zero,32(a5)
    TIM_Cmd(tim, DISABLE);
     e8a:	4581                	li	a1,0
     e8c:	fec42503          	lw	a0,-20(s0)
     e90:	335050ef          	jal	ra,69c4 <TIM_Cmd>
    return MINI_OK;
     e94:	4781                	li	a5,0
}
     e96:	853e                	mv	a0,a5
     e98:	50b2                	lw	ra,44(sp)
     e9a:	5422                	lw	s0,40(sp)
     e9c:	6145                	addi	sp,sp,48
     e9e:	8082                	ret

00000ea0 <hal_tim_encoder_start>:
 * @param[in] pdev TIM 设备指针 (已绑定 host)
 * @param[in] encoder_mode 倍频数 (仅支持 1/2/4)
 * @return 成功返回 MINI_OK, 倍频数非法或参数无效返回 MINI_ERR_INVAL
 */
int hal_tim_encoder_start(hal_tim_device* pdev, uint32_t encoder_mode)
{
     ea0:	7179                	addi	sp,sp,-48
     ea2:	d606                	sw	ra,44(sp)
     ea4:	d422                	sw	s0,40(sp)
     ea6:	1800                	addi	s0,sp,48
     ea8:	fca42e23          	sw	a0,-36(s0)
     eac:	fcb42c23          	sw	a1,-40(s0)
    if ((pdev == NULL) || (pdev->host == NULL))
     eb0:	fdc42783          	lw	a5,-36(s0)
     eb4:	c789                	beqz	a5,ebe <hal_tim_encoder_start+0x1e>
     eb6:	fdc42783          	lw	a5,-36(s0)
     eba:	439c                	lw	a5,0(a5)
     ebc:	e399                	bnez	a5,ec2 <hal_tim_encoder_start+0x22>
        return MINI_ERR_INVAL;
     ebe:	57a9                	li	a5,-22
     ec0:	a071                	j	f4c <hal_tim_encoder_start+0xac>
    uint32_t sms;
    switch (encoder_mode)
     ec2:	fd842703          	lw	a4,-40(s0)
     ec6:	4791                	li	a5,4
     ec8:	02f70a63          	beq	a4,a5,efc <hal_tim_encoder_start+0x5c>
     ecc:	fd842703          	lw	a4,-40(s0)
     ed0:	4791                	li	a5,4
     ed2:	02e7e963          	bltu	a5,a4,f04 <hal_tim_encoder_start+0x64>
     ed6:	fd842703          	lw	a4,-40(s0)
     eda:	4785                	li	a5,1
     edc:	00f70863          	beq	a4,a5,eec <hal_tim_encoder_start+0x4c>
     ee0:	fd842703          	lw	a4,-40(s0)
     ee4:	4789                	li	a5,2
     ee6:	00f70763          	beq	a4,a5,ef4 <hal_tim_encoder_start+0x54>
     eea:	a829                	j	f04 <hal_tim_encoder_start+0x64>
    {
    case 1U:
        sms = 0x1U; /* 仅 TI1 边沿计数 */
     eec:	4785                	li	a5,1
     eee:	fef42623          	sw	a5,-20(s0)
        break;
     ef2:	a819                	j	f08 <hal_tim_encoder_start+0x68>
    case 2U:
        sms = 0x2U; /* 仅 TI2 边沿计数 */
     ef4:	4789                	li	a5,2
     ef6:	fef42623          	sw	a5,-20(s0)
        break;
     efa:	a039                	j	f08 <hal_tim_encoder_start+0x68>
    case 4U:
        sms = 0x3U; /* TI1 + TI2 双沿计数 */
     efc:	478d                	li	a5,3
     efe:	fef42623          	sw	a5,-20(s0)
        break;
     f02:	a019                	j	f08 <hal_tim_encoder_start+0x68>
    default:
        return MINI_ERR_INVAL;
     f04:	57a9                	li	a5,-22
     f06:	a099                	j	f4c <hal_tim_encoder_start+0xac>
    }
    TIM_TypeDef* tim = (TIM_TypeDef*)pdev->host->tim_handle;
     f08:	fdc42783          	lw	a5,-36(s0)
     f0c:	439c                	lw	a5,0(a5)
     f0e:	439c                	lw	a5,0(a5)
     f10:	fef42423          	sw	a5,-24(s0)
    tim->SMCFGR = (tim->SMCFGR & ~(uint32_t)0x7U) | sms;
     f14:	fe842783          	lw	a5,-24(s0)
     f18:	0087d783          	lhu	a5,8(a5)
     f1c:	07c2                	slli	a5,a5,0x10
     f1e:	83c1                	srli	a5,a5,0x10
     f20:	9be1                	andi	a5,a5,-8
     f22:	01079713          	slli	a4,a5,0x10
     f26:	8341                	srli	a4,a4,0x10
     f28:	fec42783          	lw	a5,-20(s0)
     f2c:	07c2                	slli	a5,a5,0x10
     f2e:	83c1                	srli	a5,a5,0x10
     f30:	8fd9                	or	a5,a5,a4
     f32:	01079713          	slli	a4,a5,0x10
     f36:	8341                	srli	a4,a4,0x10
     f38:	fe842783          	lw	a5,-24(s0)
     f3c:	00e79423          	sh	a4,8(a5)
    TIM_Cmd(tim, ENABLE);
     f40:	4585                	li	a1,1
     f42:	fe842503          	lw	a0,-24(s0)
     f46:	27f050ef          	jal	ra,69c4 <TIM_Cmd>
    return MINI_OK;
     f4a:	4781                	li	a5,0
}
     f4c:	853e                	mv	a0,a5
     f4e:	50b2                	lw	ra,44(sp)
     f50:	5422                	lw	s0,40(sp)
     f52:	6145                	addi	sp,sp,48
     f54:	8082                	ret

00000f56 <hal_tim_hall_start>:
/**
 * @brief 启动霍尔传感器模式 (未实现)
 * @return 本板未实现, 返回 MINI_ERR_NOTSUPP
 */
int hal_tim_hall_start(hal_tim_device* pdev)
{
     f56:	1101                	addi	sp,sp,-32
     f58:	ce22                	sw	s0,28(sp)
     f5a:	1000                	addi	s0,sp,32
     f5c:	fea42623          	sw	a0,-20(s0)
    COMPAT_UNUSED_PARAM(pdev);
    return MINI_ERR_NOTSUPP;
     f60:	fa800793          	li	a5,-88
}
     f64:	853e                	mv	a0,a5
     f66:	4472                	lw	s0,28(sp)
     f68:	6105                	addi	sp,sp,32
     f6a:	8082                	ret

00000f6c <hal_tim_set_counter>:
 * @param[in] pdev TIM 设备指针 (已绑定 host)
 * @param[in] value 目标计数值 (直投)
 * @return 成功返回 MINI_OK, 参数无效返回 MINI_ERR_INVAL
 */
int hal_tim_set_counter(hal_tim_device* pdev, uint32_t value)
{
     f6c:	1101                	addi	sp,sp,-32
     f6e:	ce22                	sw	s0,28(sp)
     f70:	1000                	addi	s0,sp,32
     f72:	fea42623          	sw	a0,-20(s0)
     f76:	feb42423          	sw	a1,-24(s0)
    if ((pdev == NULL) || (pdev->host == NULL))
     f7a:	fec42783          	lw	a5,-20(s0)
     f7e:	c789                	beqz	a5,f88 <hal_tim_set_counter+0x1c>
     f80:	fec42783          	lw	a5,-20(s0)
     f84:	439c                	lw	a5,0(a5)
     f86:	e399                	bnez	a5,f8c <hal_tim_set_counter+0x20>
        return MINI_ERR_INVAL;
     f88:	57a9                	li	a5,-22
     f8a:	a829                	j	fa4 <hal_tim_set_counter+0x38>
    ((TIM_TypeDef*)pdev->host->tim_handle)->CNT = value;
     f8c:	fec42783          	lw	a5,-20(s0)
     f90:	439c                	lw	a5,0(a5)
     f92:	439c                	lw	a5,0(a5)
     f94:	873e                	mv	a4,a5
     f96:	fe842783          	lw	a5,-24(s0)
     f9a:	07c2                	slli	a5,a5,0x10
     f9c:	83c1                	srli	a5,a5,0x10
     f9e:	02f71223          	sh	a5,36(a4)
    return MINI_OK;
     fa2:	4781                	li	a5,0
}
     fa4:	853e                	mv	a0,a5
     fa6:	4472                	lw	s0,28(sp)
     fa8:	6105                	addi	sp,sp,32
     faa:	8082                	ret

00000fac <hal_tim_set_autoreload>:
 * @param[in] pdev TIM 设备指针 (已绑定 host)
 * @param[in] value 目标重装载值 (直投)
 * @return 成功返回 MINI_OK, 参数无效返回 MINI_ERR_INVAL
 */
int hal_tim_set_autoreload(hal_tim_device* pdev, uint32_t value)
{
     fac:	1101                	addi	sp,sp,-32
     fae:	ce22                	sw	s0,28(sp)
     fb0:	1000                	addi	s0,sp,32
     fb2:	fea42623          	sw	a0,-20(s0)
     fb6:	feb42423          	sw	a1,-24(s0)
    if ((pdev == NULL) || (pdev->host == NULL))
     fba:	fec42783          	lw	a5,-20(s0)
     fbe:	c789                	beqz	a5,fc8 <hal_tim_set_autoreload+0x1c>
     fc0:	fec42783          	lw	a5,-20(s0)
     fc4:	439c                	lw	a5,0(a5)
     fc6:	e399                	bnez	a5,fcc <hal_tim_set_autoreload+0x20>
        return MINI_ERR_INVAL;
     fc8:	57a9                	li	a5,-22
     fca:	a829                	j	fe4 <hal_tim_set_autoreload+0x38>
    ((TIM_TypeDef*)pdev->host->tim_handle)->ATRLR = value;
     fcc:	fec42783          	lw	a5,-20(s0)
     fd0:	439c                	lw	a5,0(a5)
     fd2:	439c                	lw	a5,0(a5)
     fd4:	873e                	mv	a4,a5
     fd6:	fe842783          	lw	a5,-24(s0)
     fda:	07c2                	slli	a5,a5,0x10
     fdc:	83c1                	srli	a5,a5,0x10
     fde:	02f71623          	sh	a5,44(a4)
    return MINI_OK;
     fe2:	4781                	li	a5,0
}
     fe4:	853e                	mv	a0,a5
     fe6:	4472                	lw	s0,28(sp)
     fe8:	6105                	addi	sp,sp,32
     fea:	8082                	ret

00000fec <hal_tim_get_autoreload>:
 * @param[in] pdev TIM 设备指针 (已绑定 host)
 * @param[out] value 重装载值输出指针 (出参)
 * @return 成功返回 MINI_OK, 参数无效返回 MINI_ERR_INVAL
 */
int hal_tim_get_autoreload(const hal_tim_device* pdev, uint32_t* value)
{
     fec:	1101                	addi	sp,sp,-32
     fee:	ce22                	sw	s0,28(sp)
     ff0:	1000                	addi	s0,sp,32
     ff2:	fea42623          	sw	a0,-20(s0)
     ff6:	feb42423          	sw	a1,-24(s0)
    if ((pdev == NULL) || (pdev->host == NULL) || (value == NULL))
     ffa:	fec42783          	lw	a5,-20(s0)
     ffe:	cb81                	beqz	a5,100e <hal_tim_get_autoreload+0x22>
    1000:	fec42783          	lw	a5,-20(s0)
    1004:	439c                	lw	a5,0(a5)
    1006:	c781                	beqz	a5,100e <hal_tim_get_autoreload+0x22>
    1008:	fe842783          	lw	a5,-24(s0)
    100c:	e399                	bnez	a5,1012 <hal_tim_get_autoreload+0x26>
        return MINI_ERR_INVAL;
    100e:	57a9                	li	a5,-22
    1010:	a831                	j	102c <hal_tim_get_autoreload+0x40>
    *value = ((const TIM_TypeDef*)pdev->host->tim_handle)->ATRLR;
    1012:	fec42783          	lw	a5,-20(s0)
    1016:	439c                	lw	a5,0(a5)
    1018:	439c                	lw	a5,0(a5)
    101a:	02c7d783          	lhu	a5,44(a5)
    101e:	07c2                	slli	a5,a5,0x10
    1020:	83c1                	srli	a5,a5,0x10
    1022:	873e                	mv	a4,a5
    1024:	fe842783          	lw	a5,-24(s0)
    1028:	c398                	sw	a4,0(a5)
    return MINI_OK;
    102a:	4781                	li	a5,0
}
    102c:	853e                	mv	a0,a5
    102e:	4472                	lw	s0,28(sp)
    1030:	6105                	addi	sp,sp,32
    1032:	8082                	ret

00001034 <hal_tim_set_prescaler>:
 * @param[in] pdev TIM 设备指针 (已绑定 host)
 * @param[in] value 目标预分频值 (直投)
 * @return 成功返回 MINI_OK, 参数无效返回 MINI_ERR_INVAL
 */
int hal_tim_set_prescaler(hal_tim_device* pdev, uint32_t value)
{
    1034:	1101                	addi	sp,sp,-32
    1036:	ce22                	sw	s0,28(sp)
    1038:	1000                	addi	s0,sp,32
    103a:	fea42623          	sw	a0,-20(s0)
    103e:	feb42423          	sw	a1,-24(s0)
    if ((pdev == NULL) || (pdev->host == NULL))
    1042:	fec42783          	lw	a5,-20(s0)
    1046:	c789                	beqz	a5,1050 <hal_tim_set_prescaler+0x1c>
    1048:	fec42783          	lw	a5,-20(s0)
    104c:	439c                	lw	a5,0(a5)
    104e:	e399                	bnez	a5,1054 <hal_tim_set_prescaler+0x20>
        return MINI_ERR_INVAL;
    1050:	57a9                	li	a5,-22
    1052:	a829                	j	106c <hal_tim_set_prescaler+0x38>
    ((TIM_TypeDef*)pdev->host->tim_handle)->PSC = value;
    1054:	fec42783          	lw	a5,-20(s0)
    1058:	439c                	lw	a5,0(a5)
    105a:	439c                	lw	a5,0(a5)
    105c:	873e                	mv	a4,a5
    105e:	fe842783          	lw	a5,-24(s0)
    1062:	07c2                	slli	a5,a5,0x10
    1064:	83c1                	srli	a5,a5,0x10
    1066:	02f71423          	sh	a5,40(a4)
    return MINI_OK;
    106a:	4781                	li	a5,0
}
    106c:	853e                	mv	a0,a5
    106e:	4472                	lw	s0,28(sp)
    1070:	6105                	addi	sp,sp,32
    1072:	8082                	ret

00001074 <hal_tim_get_prescaler>:
 * @param[in] pdev TIM 设备指针 (已绑定 host)
 * @param[out] value 预分频值输出指针 (出参)
 * @return 成功返回 MINI_OK, 参数无效返回 MINI_ERR_INVAL
 */
int hal_tim_get_prescaler(const hal_tim_device* pdev, uint32_t* value)
{
    1074:	1101                	addi	sp,sp,-32
    1076:	ce22                	sw	s0,28(sp)
    1078:	1000                	addi	s0,sp,32
    107a:	fea42623          	sw	a0,-20(s0)
    107e:	feb42423          	sw	a1,-24(s0)
    if ((pdev == NULL) || (pdev->host == NULL) || (value == NULL))
    1082:	fec42783          	lw	a5,-20(s0)
    1086:	cb81                	beqz	a5,1096 <hal_tim_get_prescaler+0x22>
    1088:	fec42783          	lw	a5,-20(s0)
    108c:	439c                	lw	a5,0(a5)
    108e:	c781                	beqz	a5,1096 <hal_tim_get_prescaler+0x22>
    1090:	fe842783          	lw	a5,-24(s0)
    1094:	e399                	bnez	a5,109a <hal_tim_get_prescaler+0x26>
        return MINI_ERR_INVAL;
    1096:	57a9                	li	a5,-22
    1098:	a831                	j	10b4 <hal_tim_get_prescaler+0x40>
    *value = ((const TIM_TypeDef*)pdev->host->tim_handle)->PSC;
    109a:	fec42783          	lw	a5,-20(s0)
    109e:	439c                	lw	a5,0(a5)
    10a0:	439c                	lw	a5,0(a5)
    10a2:	0287d783          	lhu	a5,40(a5)
    10a6:	07c2                	slli	a5,a5,0x10
    10a8:	83c1                	srli	a5,a5,0x10
    10aa:	873e                	mv	a4,a5
    10ac:	fe842783          	lw	a5,-24(s0)
    10b0:	c398                	sw	a4,0(a5)
    return MINI_OK;
    10b2:	4781                	li	a5,0
}
    10b4:	853e                	mv	a0,a5
    10b6:	4472                	lw	s0,28(sp)
    10b8:	6105                	addi	sp,sp,32
    10ba:	8082                	ret

000010bc <hal_tim_set_clock_division>:
 * @param[in] pdev TIM 设备指针 (已绑定 host)
 * @param[in] value TIM_CKD_DIV1/DIV2/DIV4 宏值 (仅低 0x300 位生效)
 * @return 成功返回 MINI_OK, 参数无效返回 MINI_ERR_INVAL
 */
int hal_tim_set_clock_division(hal_tim_device* pdev, uint32_t value)
{
    10bc:	7179                	addi	sp,sp,-48
    10be:	d622                	sw	s0,44(sp)
    10c0:	1800                	addi	s0,sp,48
    10c2:	fca42e23          	sw	a0,-36(s0)
    10c6:	fcb42c23          	sw	a1,-40(s0)
    if ((pdev == NULL) || (pdev->host == NULL))
    10ca:	fdc42783          	lw	a5,-36(s0)
    10ce:	c789                	beqz	a5,10d8 <hal_tim_set_clock_division+0x1c>
    10d0:	fdc42783          	lw	a5,-36(s0)
    10d4:	439c                	lw	a5,0(a5)
    10d6:	e399                	bnez	a5,10dc <hal_tim_set_clock_division+0x20>
        return MINI_ERR_INVAL;
    10d8:	57a9                	li	a5,-22
    10da:	a099                	j	1120 <hal_tim_set_clock_division+0x64>
    TIM_TypeDef* tim = (TIM_TypeDef*)pdev->host->tim_handle;
    10dc:	fdc42783          	lw	a5,-36(s0)
    10e0:	439c                	lw	a5,0(a5)
    10e2:	439c                	lw	a5,0(a5)
    10e4:	fef42623          	sw	a5,-20(s0)
    /* CKD 位于 CTLR1[9:8], WCH TIM_CKD_* 宏已对齐该位段 */
    tim->CTLR1 = (uint16_t)((tim->CTLR1 & ~(uint32_t)0x300U) | (value & 0x300U));
    10e8:	fec42783          	lw	a5,-20(s0)
    10ec:	0007d783          	lhu	a5,0(a5)
    10f0:	07c2                	slli	a5,a5,0x10
    10f2:	83c1                	srli	a5,a5,0x10
    10f4:	cff7f793          	andi	a5,a5,-769
    10f8:	01079713          	slli	a4,a5,0x10
    10fc:	8341                	srli	a4,a4,0x10
    10fe:	fd842783          	lw	a5,-40(s0)
    1102:	07c2                	slli	a5,a5,0x10
    1104:	83c1                	srli	a5,a5,0x10
    1106:	3007f793          	andi	a5,a5,768
    110a:	07c2                	slli	a5,a5,0x10
    110c:	83c1                	srli	a5,a5,0x10
    110e:	8fd9                	or	a5,a5,a4
    1110:	01079713          	slli	a4,a5,0x10
    1114:	8341                	srli	a4,a4,0x10
    1116:	fec42783          	lw	a5,-20(s0)
    111a:	00e79023          	sh	a4,0(a5)
    return MINI_OK;
    111e:	4781                	li	a5,0
}
    1120:	853e                	mv	a0,a5
    1122:	5432                	lw	s0,44(sp)
    1124:	6145                	addi	sp,sp,48
    1126:	8082                	ret

00001128 <hal_tim_get_clock_division>:
 * @param[in] pdev TIM 设备指针 (已绑定 host)
 * @param[out] value 分频值输出指针 (出参, 已对齐位段)
 * @return 成功返回 MINI_OK, 参数无效返回 MINI_ERR_INVAL
 */
int hal_tim_get_clock_division(const hal_tim_device* pdev, uint32_t* value)
{
    1128:	1101                	addi	sp,sp,-32
    112a:	ce22                	sw	s0,28(sp)
    112c:	1000                	addi	s0,sp,32
    112e:	fea42623          	sw	a0,-20(s0)
    1132:	feb42423          	sw	a1,-24(s0)
    if ((pdev == NULL) || (pdev->host == NULL) || (value == NULL))
    1136:	fec42783          	lw	a5,-20(s0)
    113a:	cb81                	beqz	a5,114a <hal_tim_get_clock_division+0x22>
    113c:	fec42783          	lw	a5,-20(s0)
    1140:	439c                	lw	a5,0(a5)
    1142:	c781                	beqz	a5,114a <hal_tim_get_clock_division+0x22>
    1144:	fe842783          	lw	a5,-24(s0)
    1148:	e399                	bnez	a5,114e <hal_tim_get_clock_division+0x26>
        return MINI_ERR_INVAL;
    114a:	57a9                	li	a5,-22
    114c:	a839                	j	116a <hal_tim_get_clock_division+0x42>
    *value = ((const TIM_TypeDef*)pdev->host->tim_handle)->CTLR1 & 0x300U;
    114e:	fec42783          	lw	a5,-20(s0)
    1152:	439c                	lw	a5,0(a5)
    1154:	439c                	lw	a5,0(a5)
    1156:	0007d783          	lhu	a5,0(a5)
    115a:	07c2                	slli	a5,a5,0x10
    115c:	83c1                	srli	a5,a5,0x10
    115e:	3007f713          	andi	a4,a5,768
    1162:	fe842783          	lw	a5,-24(s0)
    1166:	c398                	sw	a4,0(a5)
    return MINI_OK;
    1168:	4781                	li	a5,0
}
    116a:	853e                	mv	a0,a5
    116c:	4472                	lw	s0,28(sp)
    116e:	6105                	addi	sp,sp,32
    1170:	8082                	ret

00001172 <hal_tim_set_counter_mode>:
 * @param[in] pdev TIM 设备指针 (已绑定 host)
 * @param[in] value TIM_CounterMode_Up/Down/CenterAligned* 宏值
 * @return 成功返回 MINI_OK, 参数无效返回 MINI_ERR_INVAL
 */
int hal_tim_set_counter_mode(hal_tim_device* pdev, uint32_t value)
{
    1172:	7179                	addi	sp,sp,-48
    1174:	d622                	sw	s0,44(sp)
    1176:	1800                	addi	s0,sp,48
    1178:	fca42e23          	sw	a0,-36(s0)
    117c:	fcb42c23          	sw	a1,-40(s0)
    if ((pdev == NULL) || (pdev->host == NULL))
    1180:	fdc42783          	lw	a5,-36(s0)
    1184:	c789                	beqz	a5,118e <hal_tim_set_counter_mode+0x1c>
    1186:	fdc42783          	lw	a5,-36(s0)
    118a:	439c                	lw	a5,0(a5)
    118c:	e399                	bnez	a5,1192 <hal_tim_set_counter_mode+0x20>
        return MINI_ERR_INVAL;
    118e:	57a9                	li	a5,-22
    1190:	a0bd                	j	11fe <hal_tim_set_counter_mode+0x8c>
    TIM_TypeDef* tim = (TIM_TypeDef*)pdev->host->tim_handle;
    1192:	fdc42783          	lw	a5,-36(s0)
    1196:	439c                	lw	a5,0(a5)
    1198:	439c                	lw	a5,0(a5)
    119a:	fef42623          	sw	a5,-20(s0)
    /* CMS 位于 CTLR1[6:5]; DIR(bit4) 随 TIM_CounterMode_Down 语义置位 */
    uint32_t cms = value & 0x60U;
    119e:	fd842783          	lw	a5,-40(s0)
    11a2:	0607f793          	andi	a5,a5,96
    11a6:	fef42423          	sw	a5,-24(s0)
    uint32_t dir = (value == (uint32_t)TIM_CounterMode_Down) ? 0x10U : 0U;
    11aa:	fd842703          	lw	a4,-40(s0)
    11ae:	47c1                	li	a5,16
    11b0:	00f71463          	bne	a4,a5,11b8 <hal_tim_set_counter_mode+0x46>
    11b4:	47c1                	li	a5,16
    11b6:	a011                	j	11ba <hal_tim_set_counter_mode+0x48>
    11b8:	4781                	li	a5,0
    11ba:	fef42223          	sw	a5,-28(s0)
    tim->CTLR1 = (uint16_t)((tim->CTLR1 & ~(uint32_t)0x70U) | cms | dir);
    11be:	fec42783          	lw	a5,-20(s0)
    11c2:	0007d783          	lhu	a5,0(a5)
    11c6:	07c2                	slli	a5,a5,0x10
    11c8:	83c1                	srli	a5,a5,0x10
    11ca:	f8f7f793          	andi	a5,a5,-113
    11ce:	01079713          	slli	a4,a5,0x10
    11d2:	8341                	srli	a4,a4,0x10
    11d4:	fe842783          	lw	a5,-24(s0)
    11d8:	07c2                	slli	a5,a5,0x10
    11da:	83c1                	srli	a5,a5,0x10
    11dc:	8fd9                	or	a5,a5,a4
    11de:	01079713          	slli	a4,a5,0x10
    11e2:	8341                	srli	a4,a4,0x10
    11e4:	fe442783          	lw	a5,-28(s0)
    11e8:	07c2                	slli	a5,a5,0x10
    11ea:	83c1                	srli	a5,a5,0x10
    11ec:	8fd9                	or	a5,a5,a4
    11ee:	01079713          	slli	a4,a5,0x10
    11f2:	8341                	srli	a4,a4,0x10
    11f4:	fec42783          	lw	a5,-20(s0)
    11f8:	00e79023          	sh	a4,0(a5)
    return MINI_OK;
    11fc:	4781                	li	a5,0
}
    11fe:	853e                	mv	a0,a5
    1200:	5432                	lw	s0,44(sp)
    1202:	6145                	addi	sp,sp,48
    1204:	8082                	ret

00001206 <hal_tim_get_counter_mode>:
 * @param[in] pdev TIM 设备指针 (已绑定 host)
 * @param[out] value 计数模式输出指针 (出参, 已对齐位段)
 * @return 成功返回 MINI_OK, 参数无效返回 MINI_ERR_INVAL
 */
int hal_tim_get_counter_mode(const hal_tim_device* pdev, uint32_t* value)
{
    1206:	7179                	addi	sp,sp,-48
    1208:	d622                	sw	s0,44(sp)
    120a:	1800                	addi	s0,sp,48
    120c:	fca42e23          	sw	a0,-36(s0)
    1210:	fcb42c23          	sw	a1,-40(s0)
    if ((pdev == NULL) || (pdev->host == NULL) || (value == NULL))
    1214:	fdc42783          	lw	a5,-36(s0)
    1218:	cb81                	beqz	a5,1228 <hal_tim_get_counter_mode+0x22>
    121a:	fdc42783          	lw	a5,-36(s0)
    121e:	439c                	lw	a5,0(a5)
    1220:	c781                	beqz	a5,1228 <hal_tim_get_counter_mode+0x22>
    1222:	fd842783          	lw	a5,-40(s0)
    1226:	e399                	bnez	a5,122c <hal_tim_get_counter_mode+0x26>
        return MINI_ERR_INVAL;
    1228:	57a9                	li	a5,-22
    122a:	a01d                	j	1250 <hal_tim_get_counter_mode+0x4a>
    uint32_t ctlr1 = ((const TIM_TypeDef*)pdev->host->tim_handle)->CTLR1;
    122c:	fdc42783          	lw	a5,-36(s0)
    1230:	439c                	lw	a5,0(a5)
    1232:	439c                	lw	a5,0(a5)
    1234:	0007d783          	lhu	a5,0(a5)
    1238:	07c2                	slli	a5,a5,0x10
    123a:	83c1                	srli	a5,a5,0x10
    123c:	fef42623          	sw	a5,-20(s0)
    *value = ctlr1 & 0x70U;
    1240:	fec42783          	lw	a5,-20(s0)
    1244:	0707f713          	andi	a4,a5,112
    1248:	fd842783          	lw	a5,-40(s0)
    124c:	c398                	sw	a4,0(a5)
    return MINI_OK;
    124e:	4781                	li	a5,0
}
    1250:	853e                	mv	a0,a5
    1252:	5432                	lw	s0,44(sp)
    1254:	6145                	addi	sp,sp,48
    1256:	8082                	ret

00001258 <hal_tim_enable_arr_preload>:
 * @brief 使能 ATRLR 预装载 (CTLR1.ARPE 置位)
 * @param[in] pdev TIM 设备指针 (已绑定 host)
 * @return 成功返回 MINI_OK, 参数无效返回 MINI_ERR_INVAL
 */
int hal_tim_enable_arr_preload(hal_tim_device* pdev)
{
    1258:	7179                	addi	sp,sp,-48
    125a:	d622                	sw	s0,44(sp)
    125c:	1800                	addi	s0,sp,48
    125e:	fca42e23          	sw	a0,-36(s0)
    if ((pdev == NULL) || (pdev->host == NULL))
    1262:	fdc42783          	lw	a5,-36(s0)
    1266:	c789                	beqz	a5,1270 <hal_tim_enable_arr_preload+0x18>
    1268:	fdc42783          	lw	a5,-36(s0)
    126c:	439c                	lw	a5,0(a5)
    126e:	e399                	bnez	a5,1274 <hal_tim_enable_arr_preload+0x1c>
        return MINI_ERR_INVAL;
    1270:	57a9                	li	a5,-22
    1272:	a03d                	j	12a0 <hal_tim_enable_arr_preload+0x48>
    TIM_TypeDef* tim = (TIM_TypeDef*)pdev->host->tim_handle;
    1274:	fdc42783          	lw	a5,-36(s0)
    1278:	439c                	lw	a5,0(a5)
    127a:	439c                	lw	a5,0(a5)
    127c:	fef42623          	sw	a5,-20(s0)
    tim->CTLR1 |= (uint32_t)0x80U; /* ARPE */
    1280:	fec42783          	lw	a5,-20(s0)
    1284:	0007d783          	lhu	a5,0(a5)
    1288:	07c2                	slli	a5,a5,0x10
    128a:	83c1                	srli	a5,a5,0x10
    128c:	0807e793          	ori	a5,a5,128
    1290:	01079713          	slli	a4,a5,0x10
    1294:	8341                	srli	a4,a4,0x10
    1296:	fec42783          	lw	a5,-20(s0)
    129a:	00e79023          	sh	a4,0(a5)
    return MINI_OK;
    129e:	4781                	li	a5,0
}
    12a0:	853e                	mv	a0,a5
    12a2:	5432                	lw	s0,44(sp)
    12a4:	6145                	addi	sp,sp,48
    12a6:	8082                	ret

000012a8 <hal_tim_disable_arr_preload>:
 * @brief 关闭 ATRLR 预装载 (CTLR1.ARPE 清零)
 * @param[in] pdev TIM 设备指针 (已绑定 host)
 * @return 成功返回 MINI_OK, 参数无效返回 MINI_ERR_INVAL
 */
int hal_tim_disable_arr_preload(hal_tim_device* pdev)
{
    12a8:	7179                	addi	sp,sp,-48
    12aa:	d622                	sw	s0,44(sp)
    12ac:	1800                	addi	s0,sp,48
    12ae:	fca42e23          	sw	a0,-36(s0)
    if ((pdev == NULL) || (pdev->host == NULL))
    12b2:	fdc42783          	lw	a5,-36(s0)
    12b6:	c789                	beqz	a5,12c0 <hal_tim_disable_arr_preload+0x18>
    12b8:	fdc42783          	lw	a5,-36(s0)
    12bc:	439c                	lw	a5,0(a5)
    12be:	e399                	bnez	a5,12c4 <hal_tim_disable_arr_preload+0x1c>
        return MINI_ERR_INVAL;
    12c0:	57a9                	li	a5,-22
    12c2:	a03d                	j	12f0 <hal_tim_disable_arr_preload+0x48>
    TIM_TypeDef* tim = (TIM_TypeDef*)pdev->host->tim_handle;
    12c4:	fdc42783          	lw	a5,-36(s0)
    12c8:	439c                	lw	a5,0(a5)
    12ca:	439c                	lw	a5,0(a5)
    12cc:	fef42623          	sw	a5,-20(s0)
    tim->CTLR1 &= ~(uint32_t)0x80U;
    12d0:	fec42783          	lw	a5,-20(s0)
    12d4:	0007d783          	lhu	a5,0(a5)
    12d8:	07c2                	slli	a5,a5,0x10
    12da:	83c1                	srli	a5,a5,0x10
    12dc:	f7f7f793          	andi	a5,a5,-129
    12e0:	01079713          	slli	a4,a5,0x10
    12e4:	8341                	srli	a4,a4,0x10
    12e6:	fec42783          	lw	a5,-20(s0)
    12ea:	00e79023          	sh	a4,0(a5)
    return MINI_OK;
    12ee:	4781                	li	a5,0
}
    12f0:	853e                	mv	a0,a5
    12f2:	5432                	lw	s0,44(sp)
    12f4:	6145                	addi	sp,sp,48
    12f6:	8082                	ret

000012f8 <hal_tim_base_start>:
 * @brief 启动计数器 (TIM_Cmd ENABLE)
 * @param[in] pdev TIM 设备指针 (已绑定 host)
 * @return 成功返回 MINI_OK, 参数无效返回 MINI_ERR_INVAL
 */
int hal_tim_base_start(hal_tim_device* pdev)
{
    12f8:	1101                	addi	sp,sp,-32
    12fa:	ce06                	sw	ra,28(sp)
    12fc:	cc22                	sw	s0,24(sp)
    12fe:	1000                	addi	s0,sp,32
    1300:	fea42623          	sw	a0,-20(s0)
    if ((pdev == NULL) || (pdev->host == NULL))
    1304:	fec42783          	lw	a5,-20(s0)
    1308:	c789                	beqz	a5,1312 <hal_tim_base_start+0x1a>
    130a:	fec42783          	lw	a5,-20(s0)
    130e:	439c                	lw	a5,0(a5)
    1310:	e399                	bnez	a5,1316 <hal_tim_base_start+0x1e>
        return MINI_ERR_INVAL;
    1312:	57a9                	li	a5,-22
    1314:	a811                	j	1328 <hal_tim_base_start+0x30>
    TIM_Cmd((TIM_TypeDef*)pdev->host->tim_handle, ENABLE);
    1316:	fec42783          	lw	a5,-20(s0)
    131a:	439c                	lw	a5,0(a5)
    131c:	439c                	lw	a5,0(a5)
    131e:	4585                	li	a1,1
    1320:	853e                	mv	a0,a5
    1322:	6a2050ef          	jal	ra,69c4 <TIM_Cmd>
    return MINI_OK;
    1326:	4781                	li	a5,0
}
    1328:	853e                	mv	a0,a5
    132a:	40f2                	lw	ra,28(sp)
    132c:	4462                	lw	s0,24(sp)
    132e:	6105                	addi	sp,sp,32
    1330:	8082                	ret

00001332 <hal_tim_base_stop>:
 * @brief 停止计数器 (TIM_Cmd DISABLE)
 * @param[in] pdev TIM 设备指针 (已绑定 host)
 * @return 成功返回 MINI_OK, 参数无效返回 MINI_ERR_INVAL
 */
int hal_tim_base_stop(hal_tim_device* pdev)
{
    1332:	1101                	addi	sp,sp,-32
    1334:	ce06                	sw	ra,28(sp)
    1336:	cc22                	sw	s0,24(sp)
    1338:	1000                	addi	s0,sp,32
    133a:	fea42623          	sw	a0,-20(s0)
    if ((pdev == NULL) || (pdev->host == NULL))
    133e:	fec42783          	lw	a5,-20(s0)
    1342:	c789                	beqz	a5,134c <hal_tim_base_stop+0x1a>
    1344:	fec42783          	lw	a5,-20(s0)
    1348:	439c                	lw	a5,0(a5)
    134a:	e399                	bnez	a5,1350 <hal_tim_base_stop+0x1e>
        return MINI_ERR_INVAL;
    134c:	57a9                	li	a5,-22
    134e:	a811                	j	1362 <hal_tim_base_stop+0x30>
    TIM_Cmd((TIM_TypeDef*)pdev->host->tim_handle, DISABLE);
    1350:	fec42783          	lw	a5,-20(s0)
    1354:	439c                	lw	a5,0(a5)
    1356:	439c                	lw	a5,0(a5)
    1358:	4581                	li	a1,0
    135a:	853e                	mv	a0,a5
    135c:	668050ef          	jal	ra,69c4 <TIM_Cmd>
    return MINI_OK;
    1360:	4781                	li	a5,0
}
    1362:	853e                	mv	a0,a5
    1364:	40f2                	lw	ra,28(sp)
    1366:	4462                	lw	s0,24(sp)
    1368:	6105                	addi	sp,sp,32
    136a:	8082                	ret

0000136c <hal_tim_clear_update_flag>:
 * @brief 清除 update 标志 (无标志可清时返回 IO 错误, 防 spurious IRQ)
 * @param[in] pdev TIM 设备指针 (已绑定 host)
 * @return 成功返回 MINI_OK, 无标志返回 MINI_ERR_IO, 参数无效返回 MINI_ERR_INVAL
 */
int hal_tim_clear_update_flag(hal_tim_device* pdev)
{
    136c:	7179                	addi	sp,sp,-48
    136e:	d606                	sw	ra,44(sp)
    1370:	d422                	sw	s0,40(sp)
    1372:	1800                	addi	s0,sp,48
    1374:	fca42e23          	sw	a0,-36(s0)
    if ((pdev == NULL) || (pdev->host == NULL))
    1378:	fdc42783          	lw	a5,-36(s0)
    137c:	c789                	beqz	a5,1386 <hal_tim_clear_update_flag+0x1a>
    137e:	fdc42783          	lw	a5,-36(s0)
    1382:	439c                	lw	a5,0(a5)
    1384:	e399                	bnez	a5,138a <hal_tim_clear_update_flag+0x1e>
        return MINI_ERR_INVAL;
    1386:	57a9                	li	a5,-22
    1388:	a03d                	j	13b6 <hal_tim_clear_update_flag+0x4a>
    TIM_TypeDef* tim = (TIM_TypeDef*)pdev->host->tim_handle;
    138a:	fdc42783          	lw	a5,-36(s0)
    138e:	439c                	lw	a5,0(a5)
    1390:	439c                	lw	a5,0(a5)
    1392:	fef42623          	sw	a5,-20(s0)
    if ((tim->INTFR & (uint32_t)TIM_FLAG_Update) == 0U)
    1396:	fec42783          	lw	a5,-20(s0)
    139a:	0107d783          	lhu	a5,16(a5)
    139e:	07c2                	slli	a5,a5,0x10
    13a0:	83c1                	srli	a5,a5,0x10
    13a2:	8b85                	andi	a5,a5,1
    13a4:	e399                	bnez	a5,13aa <hal_tim_clear_update_flag+0x3e>
    {
        /* spurious IRQ: 无 update 标志可清 */
        return MINI_ERR_IO;
    13a6:	57ed                	li	a5,-5
    13a8:	a039                	j	13b6 <hal_tim_clear_update_flag+0x4a>
    }
    TIM_ClearFlag(tim, TIM_FLAG_Update);
    13aa:	4585                	li	a1,1
    13ac:	fec42503          	lw	a0,-20(s0)
    13b0:	635050ef          	jal	ra,71e4 <TIM_ClearFlag>
    return MINI_OK;
    13b4:	4781                	li	a5,0
}
    13b6:	853e                	mv	a0,a5
    13b8:	50b2                	lw	ra,44(sp)
    13ba:	5422                	lw	s0,40(sp)
    13bc:	6145                	addi	sp,sp,48
    13be:	8082                	ret

000013c0 <SetSysClockTo96_HSE>:
 * @brief   Sets System clock frequency to 96MHz and configure HCLK, PCLK2 and PCLK1 prescalers.
 *
 * @return  none
 */
static void SetSysClockTo96_HSE(void)
{
    13c0:	1141                	addi	sp,sp,-16
  __IO uint32_t StartUpCounter = 0, HSEStatus = 0;
    13c2:	c602                	sw	zero,12(sp)
    13c4:	c402                	sw	zero,8(sp)

  RCC->CTLR |= ((uint32_t)RCC_HSEON);
    13c6:	40021737          	lui	a4,0x40021
    13ca:	431c                	lw	a5,0(a4)
    13cc:	66c1                	lui	a3,0x10
    13ce:	8fd5                	or	a5,a5,a3
    13d0:	c31c                	sw	a5,0(a4)

  /* Wait till HSE is ready and if Time out is reached exit */
  do
  {
    HSEStatus = RCC->CTLR & RCC_HSERDY;
    13d2:	400217b7          	lui	a5,0x40021
    13d6:	439c                	lw	a5,0(a5)
    13d8:	00020737          	lui	a4,0x20
    13dc:	8ff9                	and	a5,a5,a4
    13de:	c43e                	sw	a5,8(sp)
    StartUpCounter++;
    13e0:	47b2                	lw	a5,12(sp)
    13e2:	0785                	addi	a5,a5,1 # 40021001 <_eusrstack+0x20019001>
    13e4:	c63e                	sw	a5,12(sp)
  } while((HSEStatus == 0) && (StartUpCounter != HSE_STARTUP_TIMEOUT));
    13e6:	47a2                	lw	a5,8(sp)
    13e8:	e789                	bnez	a5,13f2 <SetSysClockTo96_HSE+0x32>
    13ea:	4732                	lw	a4,12(sp)
    13ec:	6785                	lui	a5,0x1
    13ee:	fef712e3          	bne	a4,a5,13d2 <SetSysClockTo96_HSE+0x12>

  if ((RCC->CTLR & RCC_HSERDY) != RESET)
    13f2:	400217b7          	lui	a5,0x40021
    13f6:	439c                	lw	a5,0(a5)
    13f8:	00020737          	lui	a4,0x20
    13fc:	8ff9                	and	a5,a5,a4
    13fe:	cb89                	beqz	a5,1410 <SetSysClockTo96_HSE+0x50>
  {
    HSEStatus = (uint32_t)0x01;
    1400:	4785                	li	a5,1
    1402:	c43e                	sw	a5,8(sp)
  else
  {
    HSEStatus = (uint32_t)0x00;
  }

  if (HSEStatus == (uint32_t)0x01)
    1404:	4722                	lw	a4,8(sp)
    1406:	4785                	li	a5,1
    1408:	00f70663          	beq	a4,a5,1414 <SetSysClockTo96_HSE+0x54>
        /*
         * If HSE fails to start-up, the application will have wrong clock
     * configuration. User can add here some code to deal with this error
         */
  }
}
    140c:	0141                	addi	sp,sp,16
    140e:	8082                	ret
    HSEStatus = (uint32_t)0x00;
    1410:	c402                	sw	zero,8(sp)
    1412:	bfcd                	j	1404 <SetSysClockTo96_HSE+0x44>
    RCC->CFGR0 |= (uint32_t)RCC_HPRE_DIV1;
    1414:	400217b7          	lui	a5,0x40021
    1418:	43d8                	lw	a4,4(a5)
    141a:	c3d8                	sw	a4,4(a5)
    RCC->CFGR0 |= (uint32_t)RCC_PPRE2_DIV1;
    141c:	43d8                	lw	a4,4(a5)
    141e:	c3d8                	sw	a4,4(a5)
    RCC->CFGR0 |= (uint32_t)RCC_PPRE1_DIV2;
    1420:	43d8                	lw	a4,4(a5)
    1422:	40076713          	ori	a4,a4,1024
    1426:	c3d8                	sw	a4,4(a5)
    RCC->CFGR0 &= (uint32_t)((uint32_t)~(RCC_PLLSRC | RCC_PLLXTPRE |
    1428:	43d8                	lw	a4,4(a5)
    142a:	ffc106b7          	lui	a3,0xffc10
    142e:	16fd                	addi	a3,a3,-1 # ffc0ffff <ERR_SECTION_BASE+0xffc10fff>
    1430:	8f75                	and	a4,a4,a3
    1432:	c3d8                	sw	a4,4(a5)
        RCC->CFGR0 |= (uint32_t)(RCC_PLLSRC_HSE | RCC_PLLXTPRE_HSE | RCC_PLLMULL12_EXTEN);
    1434:	43d8                	lw	a4,4(a5)
    1436:	002906b7          	lui	a3,0x290
    143a:	8f55                	or	a4,a4,a3
    143c:	c3d8                	sw	a4,4(a5)
    RCC->CTLR |= RCC_PLLON;
    143e:	4398                	lw	a4,0(a5)
    1440:	010006b7          	lui	a3,0x1000
    1444:	8f55                	or	a4,a4,a3
    1446:	c398                	sw	a4,0(a5)
    while((RCC->CTLR & RCC_PLLRDY) == 0)
    1448:	400217b7          	lui	a5,0x40021
    144c:	439c                	lw	a5,0(a5)
    144e:	02000737          	lui	a4,0x2000
    1452:	8ff9                	and	a5,a5,a4
    1454:	dbf5                	beqz	a5,1448 <SetSysClockTo96_HSE+0x88>
    RCC->CFGR0 &= (uint32_t)((uint32_t)~(RCC_SW));
    1456:	400217b7          	lui	a5,0x40021
    145a:	43d8                	lw	a4,4(a5)
    145c:	9b71                	andi	a4,a4,-4
    145e:	c3d8                	sw	a4,4(a5)
    RCC->CFGR0 |= (uint32_t)RCC_SW_PLL;
    1460:	43d8                	lw	a4,4(a5)
    1462:	00276713          	ori	a4,a4,2
    1466:	c3d8                	sw	a4,4(a5)
    while ((RCC->CFGR0 & (uint32_t)RCC_SWS) != (uint32_t)0x08)
    1468:	400217b7          	lui	a5,0x40021
    146c:	43dc                	lw	a5,4(a5)
    146e:	8bb1                	andi	a5,a5,12
    1470:	4721                	li	a4,8
    1472:	fee79be3          	bne	a5,a4,1468 <SetSysClockTo96_HSE+0xa8>
    1476:	bf59                	j	140c <SetSysClockTo96_HSE+0x4c>

00001478 <SetSysClock>:
{
    1478:	1141                	addi	sp,sp,-16
    147a:	c606                	sw	ra,12(sp)
    SetSysClockTo96_HSE();
    147c:	3791                	jal	13c0 <SetSysClockTo96_HSE>
}
    147e:	40b2                	lw	ra,12(sp)
    1480:	0141                	addi	sp,sp,16
    1482:	8082                	ret

00001484 <SystemInit>:
{
    1484:	1141                	addi	sp,sp,-16
    1486:	c606                	sw	ra,12(sp)
  RCC->CTLR |= (uint32_t)0x00000001;
    1488:	400217b7          	lui	a5,0x40021
    148c:	4398                	lw	a4,0(a5)
    148e:	00176713          	ori	a4,a4,1
    1492:	c398                	sw	a4,0(a5)
  RCC->CFGR0 &= (uint32_t)0xF8FF0000;
    1494:	43d8                	lw	a4,4(a5)
    1496:	f8ff06b7          	lui	a3,0xf8ff0
    149a:	8f75                	and	a4,a4,a3
    149c:	c3d8                	sw	a4,4(a5)
  RCC->CTLR &= (uint32_t)0xFEF6FFFF;
    149e:	4398                	lw	a4,0(a5)
    14a0:	fef706b7          	lui	a3,0xfef70
    14a4:	16fd                	addi	a3,a3,-1 # fef6ffff <ERR_SECTION_BASE+0xfef70fff>
    14a6:	8f75                	and	a4,a4,a3
    14a8:	c398                	sw	a4,0(a5)
  RCC->CTLR &= (uint32_t)0xFFFBFFFF;
    14aa:	4398                	lw	a4,0(a5)
    14ac:	fffc06b7          	lui	a3,0xfffc0
    14b0:	16fd                	addi	a3,a3,-1 # fffbffff <ERR_SECTION_BASE+0xfffc0fff>
    14b2:	8f75                	and	a4,a4,a3
    14b4:	c398                	sw	a4,0(a5)
  RCC->CFGR0 &= (uint32_t)0xFF80FFFF;
    14b6:	43d8                	lw	a4,4(a5)
    14b8:	ff8106b7          	lui	a3,0xff810
    14bc:	16fd                	addi	a3,a3,-1 # ff80ffff <ERR_SECTION_BASE+0xff810fff>
    14be:	8f75                	and	a4,a4,a3
    14c0:	c3d8                	sw	a4,4(a5)
  RCC->CTLR &= (uint32_t)0xEBFFFFFF;
    14c2:	4398                	lw	a4,0(a5)
    14c4:	ec0006b7          	lui	a3,0xec000
    14c8:	16fd                	addi	a3,a3,-1 # ebffffff <ERR_SECTION_BASE+0xec000fff>
    14ca:	8f75                	and	a4,a4,a3
    14cc:	c398                	sw	a4,0(a5)
  RCC->INTR = 0x00FF0000;
    14ce:	00ff0737          	lui	a4,0xff0
    14d2:	c798                	sw	a4,8(a5)
  RCC->CFGR2 = 0x00000000;
    14d4:	0207a623          	sw	zero,44(a5) # 4002102c <_eusrstack+0x2001902c>
  SetSysClock();
    14d8:	3745                	jal	1478 <SetSysClock>
}
    14da:	40b2                	lw	ra,12(sp)
    14dc:	0141                	addi	sp,sp,16
    14de:	8082                	ret

000014e0 <SystemCoreClockUpdate>:
  tmp = RCC->CFGR0 & RCC_SWS;
    14e0:	400217b7          	lui	a5,0x40021
    14e4:	43dc                	lw	a5,4(a5)
    14e6:	8bb1                	andi	a5,a5,12
  switch (tmp)
    14e8:	4711                	li	a4,4
    14ea:	04e78c63          	beq	a5,a4,1542 <SystemCoreClockUpdate+0x62>
    14ee:	4721                	li	a4,8
    14f0:	06e78263          	beq	a5,a4,1554 <SystemCoreClockUpdate+0x74>
    14f4:	cb91                	beqz	a5,1508 <SystemCoreClockUpdate+0x28>
      SystemCoreClock = HSI_VALUE;
    14f6:	007a17b7          	lui	a5,0x7a1
    14fa:	20078793          	addi	a5,a5,512 # 7a1200 <_data_lma+0x798128>
    14fe:	1ffff717          	auipc	a4,0x1ffff
    1502:	b8f72123          	sw	a5,-1150(a4) # 20000080 <SystemCoreClock>
      break;
    1506:	a809                	j	1518 <SystemCoreClockUpdate+0x38>
      SystemCoreClock = HSI_VALUE;
    1508:	007a17b7          	lui	a5,0x7a1
    150c:	20078793          	addi	a5,a5,512 # 7a1200 <_data_lma+0x798128>
    1510:	1ffff717          	auipc	a4,0x1ffff
    1514:	b6f72823          	sw	a5,-1168(a4) # 20000080 <SystemCoreClock>
  tmp = AHBPrescTable[((RCC->CFGR0 & RCC_HPRE) >> 4)];
    1518:	400217b7          	lui	a5,0x40021
    151c:	43dc                	lw	a5,4(a5)
    151e:	8391                	srli	a5,a5,0x4
    1520:	8bbd                	andi	a5,a5,15
    1522:	1ffff717          	auipc	a4,0x1ffff
    1526:	ade70713          	addi	a4,a4,-1314 # 20000000 <AHBPrescTable>
    152a:	97ba                	add	a5,a5,a4
    152c:	0007c683          	lbu	a3,0(a5) # 40021000 <_eusrstack+0x20019000>
  SystemCoreClock >>= tmp;  
    1530:	1ffff717          	auipc	a4,0x1ffff
    1534:	b5070713          	addi	a4,a4,-1200 # 20000080 <SystemCoreClock>
    1538:	431c                	lw	a5,0(a4)
    153a:	00d7d7b3          	srl	a5,a5,a3
    153e:	c31c                	sw	a5,0(a4)
}
    1540:	8082                	ret
      SystemCoreClock = HSE_VALUE;
    1542:	007a17b7          	lui	a5,0x7a1
    1546:	20078793          	addi	a5,a5,512 # 7a1200 <_data_lma+0x798128>
    154a:	1ffff717          	auipc	a4,0x1ffff
    154e:	b2f72b23          	sw	a5,-1226(a4) # 20000080 <SystemCoreClock>
      break;
    1552:	b7d9                	j	1518 <SystemCoreClockUpdate+0x38>
      pllmull = RCC->CFGR0 & RCC_PLLMULL;
    1554:	40021737          	lui	a4,0x40021
    1558:	435c                	lw	a5,4(a4)
      pllsource = RCC->CFGR0 & RCC_PLLSRC; 
    155a:	4358                	lw	a4,4(a4)
    155c:	66c1                	lui	a3,0x10
    155e:	8f75                	and	a4,a4,a3
      pllmull = ( pllmull >> 18) + 2;
    1560:	83c9                	srli	a5,a5,0x12
    1562:	8bbd                	andi	a5,a5,15
    1564:	0789                	addi	a5,a5,2
          if(pllmull == 2) pllmull = 18;
    1566:	4689                	li	a3,2
    1568:	04d78663          	beq	a5,a3,15b4 <SystemCoreClockUpdate+0xd4>
          if(pllmull == 15){
    156c:	46bd                	li	a3,15
    156e:	04d78563          	beq	a5,a3,15b8 <SystemCoreClockUpdate+0xd8>
          if(pllmull == 16) pllmull = 15;
    1572:	46c1                	li	a3,16
    1574:	04d78563          	beq	a5,a3,15be <SystemCoreClockUpdate+0xde>
    1578:	4681                	li	a3,0
          if(pllmull == 17) pllmull = 16;
    157a:	4645                	li	a2,17
    157c:	04c78463          	beq	a5,a2,15c4 <SystemCoreClockUpdate+0xe4>
      if (pllsource == 0x00)
    1580:	ef39                	bnez	a4,15de <SystemCoreClockUpdate+0xfe>
          if(EXTEN->EXTEN_CTR & EXTEN_PLL_HSI_PRE){
    1582:	40024737          	lui	a4,0x40024
    1586:	80072703          	lw	a4,-2048(a4) # 40023800 <_eusrstack+0x2001b800>
    158a:	8b41                	andi	a4,a4,16
    158c:	cf15                	beqz	a4,15c8 <SystemCoreClockUpdate+0xe8>
              SystemCoreClock = (HSI_VALUE) * pllmull;
    158e:	007a1737          	lui	a4,0x7a1
    1592:	20070713          	addi	a4,a4,512 # 7a1200 <_data_lma+0x798128>
    1596:	02e787b3          	mul	a5,a5,a4
    159a:	1ffff717          	auipc	a4,0x1ffff
    159e:	aef72323          	sw	a5,-1306(a4) # 20000080 <SystemCoreClock>
      if(Pll_6_5 == 1) SystemCoreClock = (SystemCoreClock / 2);
    15a2:	dabd                	beqz	a3,1518 <SystemCoreClockUpdate+0x38>
    15a4:	1ffff717          	auipc	a4,0x1ffff
    15a8:	adc70713          	addi	a4,a4,-1316 # 20000080 <SystemCoreClock>
    15ac:	431c                	lw	a5,0(a4)
    15ae:	8385                	srli	a5,a5,0x1
    15b0:	c31c                	sw	a5,0(a4)
    15b2:	b79d                	j	1518 <SystemCoreClockUpdate+0x38>
          if(pllmull == 2) pllmull = 18;
    15b4:	47c9                	li	a5,18
    15b6:	bf75                	j	1572 <SystemCoreClockUpdate+0x92>
              Pll_6_5 = 1;
    15b8:	4685                	li	a3,1
              pllmull = 13;  /* *6.5 */
    15ba:	47b5                	li	a5,13
    15bc:	bf7d                	j	157a <SystemCoreClockUpdate+0x9a>
    15be:	4681                	li	a3,0
          if(pllmull == 16) pllmull = 15;
    15c0:	47bd                	li	a5,15
    15c2:	bf7d                	j	1580 <SystemCoreClockUpdate+0xa0>
          if(pllmull == 17) pllmull = 16;
    15c4:	47c1                	li	a5,16
    15c6:	bf6d                	j	1580 <SystemCoreClockUpdate+0xa0>
              SystemCoreClock = (HSI_VALUE >>1) * pllmull;
    15c8:	003d1737          	lui	a4,0x3d1
    15cc:	90070713          	addi	a4,a4,-1792 # 3d0900 <_data_lma+0x3c7828>
    15d0:	02e787b3          	mul	a5,a5,a4
    15d4:	1ffff717          	auipc	a4,0x1ffff
    15d8:	aaf72623          	sw	a5,-1364(a4) # 20000080 <SystemCoreClock>
    15dc:	b7d9                	j	15a2 <SystemCoreClockUpdate+0xc2>
        if ((RCC->CFGR0 & RCC_PLLXTPRE) != (uint32_t)RESET)
    15de:	40021737          	lui	a4,0x40021
    15e2:	4358                	lw	a4,4(a4)
    15e4:	00020637          	lui	a2,0x20
    15e8:	8f71                	and	a4,a4,a2
    15ea:	cf01                	beqz	a4,1602 <SystemCoreClockUpdate+0x122>
          SystemCoreClock = (HSE_VALUE >> 1) * pllmull;
    15ec:	003d1737          	lui	a4,0x3d1
    15f0:	90070713          	addi	a4,a4,-1792 # 3d0900 <_data_lma+0x3c7828>
    15f4:	02e787b3          	mul	a5,a5,a4
    15f8:	1ffff717          	auipc	a4,0x1ffff
    15fc:	a8f72423          	sw	a5,-1400(a4) # 20000080 <SystemCoreClock>
    1600:	b74d                	j	15a2 <SystemCoreClockUpdate+0xc2>
          SystemCoreClock = HSE_VALUE * pllmull;
    1602:	007a1737          	lui	a4,0x7a1
    1606:	20070713          	addi	a4,a4,512 # 7a1200 <_data_lma+0x798128>
    160a:	02e787b3          	mul	a5,a5,a4
    160e:	1ffff717          	auipc	a4,0x1ffff
    1612:	a6f72923          	sw	a5,-1422(a4) # 20000080 <SystemCoreClock>
    1616:	b771                	j	15a2 <SystemCoreClockUpdate+0xc2>

00001618 <Delay_Init>:
 *
 * @return  none
 */
void Delay_Init(void)
{
    p_us = SystemCoreClock / 8000000;
    1618:	1ffff797          	auipc	a5,0x1ffff
    161c:	a687a783          	lw	a5,-1432(a5) # 20000080 <SystemCoreClock>
    1620:	007a1737          	lui	a4,0x7a1
    1624:	20070713          	addi	a4,a4,512 # 7a1200 <_data_lma+0x798128>
    1628:	02e7d7b3          	divu	a5,a5,a4
    162c:	0ff7f793          	zext.b	a5,a5
    1630:	84f18123          	sb	a5,-1982(gp) # 200000c2 <p_us>
    p_ms = (uint16_t)p_us * 1000;
    1634:	3e800713          	li	a4,1000
    1638:	02e787b3          	mul	a5,a5,a4
    163c:	1ffff717          	auipc	a4,0x1ffff
    1640:	a8f71223          	sh	a5,-1404(a4) # 200000c0 <p_ms>
}
    1644:	8082                	ret

00001646 <Delay_Us>:
 */
void Delay_Us(uint32_t n)
{
    uint32_t i;

    SysTick->SR &= ~(1 << 0);
    1646:	e000f7b7          	lui	a5,0xe000f
    164a:	43d8                	lw	a4,4(a5)
    164c:	9b79                	andi	a4,a4,-2
    164e:	c3d8                	sw	a4,4(a5)
    i = (uint32_t)n * p_us;
    1650:	8421c703          	lbu	a4,-1982(gp) # 200000c2 <p_us>

    SysTick->CMP = i;
    1654:	02a70633          	mul	a2,a4,a0
    1658:	4681                	li	a3,0
    165a:	cb90                	sw	a2,16(a5)
    165c:	cbd4                	sw	a3,20(a5)
    SysTick->CTLR |= (1 << 4);
    165e:	4398                	lw	a4,0(a5)
    1660:	01076713          	ori	a4,a4,16
    1664:	c398                	sw	a4,0(a5)
    SysTick->CTLR |= (1 << 5) | (1 << 0);
    1666:	4398                	lw	a4,0(a5)
    1668:	02176713          	ori	a4,a4,33
    166c:	c398                	sw	a4,0(a5)

    while((SysTick->SR & (1 << 0)) != (1 << 0))
    166e:	e000f7b7          	lui	a5,0xe000f
    1672:	43dc                	lw	a5,4(a5)
    1674:	8b85                	andi	a5,a5,1
    1676:	dfe5                	beqz	a5,166e <Delay_Us+0x28>
        ;
    SysTick->CTLR &= ~(1 << 0);
    1678:	e000f737          	lui	a4,0xe000f
    167c:	431c                	lw	a5,0(a4)
    167e:	9bf9                	andi	a5,a5,-2
    1680:	c31c                	sw	a5,0(a4)
}
    1682:	8082                	ret

00001684 <Delay_Ms>:
 */
void Delay_Ms(uint32_t n)
{
    uint32_t i;

    SysTick->SR &= ~(1 << 0);
    1684:	e000f7b7          	lui	a5,0xe000f
    1688:	43d8                	lw	a4,4(a5)
    168a:	9b79                	andi	a4,a4,-2
    168c:	c3d8                	sw	a4,4(a5)
    i = (uint32_t)n * p_ms;
    168e:	1ffff717          	auipc	a4,0x1ffff
    1692:	a3275703          	lhu	a4,-1486(a4) # 200000c0 <p_ms>

    SysTick->CMP = i;
    1696:	02a70633          	mul	a2,a4,a0
    169a:	4681                	li	a3,0
    169c:	cb90                	sw	a2,16(a5)
    169e:	cbd4                	sw	a3,20(a5)
    SysTick->CTLR |= (1 << 4);
    16a0:	4398                	lw	a4,0(a5)
    16a2:	01076713          	ori	a4,a4,16
    16a6:	c398                	sw	a4,0(a5)
    SysTick->CTLR |= (1 << 5) | (1 << 0);
    16a8:	4398                	lw	a4,0(a5)
    16aa:	02176713          	ori	a4,a4,33
    16ae:	c398                	sw	a4,0(a5)

    while((SysTick->SR & (1 << 0)) != (1 << 0))
    16b0:	e000f7b7          	lui	a5,0xe000f
    16b4:	43dc                	lw	a5,4(a5)
    16b6:	8b85                	andi	a5,a5,1
    16b8:	dfe5                	beqz	a5,16b0 <Delay_Ms+0x2c>
        ;
    SysTick->CTLR &= ~(1 << 0);
    16ba:	e000f737          	lui	a4,0xe000f
    16be:	431c                	lw	a5,0(a4)
    16c0:	9bf9                	andi	a5,a5,-2
    16c2:	c31c                	sw	a5,0(a4)
}
    16c4:	8082                	ret

000016c6 <USART_Printf_Init>:
 * @param   baudrate - USART communication baud rate.
 *
 * @return  None
 */
void USART_Printf_Init(uint32_t baudrate)
{
    16c6:	7179                	addi	sp,sp,-48
    16c8:	d606                	sw	ra,44(sp)
    16ca:	d422                	sw	s0,40(sp)
    16cc:	842a                	mv	s0,a0
    GPIO_InitTypeDef  GPIO_InitStructure;
    USART_InitTypeDef USART_InitStructure;

#if(DEBUG == DEBUG_UART1)
    RCC_APB2PeriphClockCmd(RCC_APB2Periph_USART1 | RCC_APB2Periph_GPIOA, ENABLE);
    16ce:	4585                	li	a1,1
    16d0:	6511                	lui	a0,0x4
    16d2:	0511                	addi	a0,a0,4 # 4004 <device_write+0xc>
    16d4:	39a040ef          	jal	ra,5a6e <RCC_APB2PeriphClockCmd>

    GPIO_InitStructure.GPIO_Pin = GPIO_Pin_9;
    16d8:	20000793          	li	a5,512
    16dc:	00f11a23          	sh	a5,20(sp)
    GPIO_InitStructure.GPIO_Speed = GPIO_Speed_50MHz;
    16e0:	478d                	li	a5,3
    16e2:	cc3e                	sw	a5,24(sp)
    GPIO_InitStructure.GPIO_Mode = GPIO_Mode_AF_PP;
    16e4:	47e1                	li	a5,24
    16e6:	ce3e                	sw	a5,28(sp)
    GPIO_Init(GPIOA, &GPIO_InitStructure);
    16e8:	084c                	addi	a1,sp,20
    16ea:	40011537          	lui	a0,0x40011
    16ee:	80050513          	addi	a0,a0,-2048 # 40010800 <_eusrstack+0x20008800>
    16f2:	245030ef          	jal	ra,5136 <GPIO_Init>
    GPIO_InitStructure.GPIO_Mode = GPIO_Mode_AF_PP;
    GPIO_Init(GPIOB, &GPIO_InitStructure);

#endif

    USART_InitStructure.USART_BaudRate = baudrate;
    16f6:	c222                	sw	s0,4(sp)
    USART_InitStructure.USART_WordLength = USART_WordLength_8b;
    16f8:	00011423          	sh	zero,8(sp)
    USART_InitStructure.USART_StopBits = USART_StopBits_1;
    16fc:	00011523          	sh	zero,10(sp)
    USART_InitStructure.USART_Parity = USART_Parity_No;
    1700:	00011623          	sh	zero,12(sp)
    USART_InitStructure.USART_HardwareFlowControl = USART_HardwareFlowControl_None;
    1704:	00011823          	sh	zero,16(sp)
    USART_InitStructure.USART_Mode = USART_Mode_Tx;
    1708:	47a1                	li	a5,8
    170a:	00f11723          	sh	a5,14(sp)

#if(DEBUG == DEBUG_UART1)
    USART_Init(USART1, &USART_InitStructure);
    170e:	004c                	addi	a1,sp,4
    1710:	40014437          	lui	s0,0x40014
    1714:	80040513          	addi	a0,s0,-2048 # 40013800 <_eusrstack+0x2000b800>
    1718:	7b4040ef          	jal	ra,5ecc <USART_Init>
    USART_Cmd(USART1, ENABLE);
    171c:	4585                	li	a1,1
    171e:	80040513          	addi	a0,s0,-2048
    1722:	0d5040ef          	jal	ra,5ff6 <USART_Cmd>
#elif(DEBUG == DEBUG_UART3)
    USART_Init(USART3, &USART_InitStructure);
    USART_Cmd(USART3, ENABLE);

#endif
}
    1726:	50b2                	lw	ra,44(sp)
    1728:	5422                	lw	s0,40(sp)
    172a:	6145                	addi	sp,sp,48
    172c:	8082                	ret

0000172e <SDI_Printf_Enable>:
 * @param   None
 *
 * @return  None
 */
void SDI_Printf_Enable(void)
{
    172e:	1141                	addi	sp,sp,-16
    1730:	c606                	sw	ra,12(sp)
    *(DEBUG_DATA0_ADDRESS) = 0;
    1732:	e00007b7          	lui	a5,0xe0000
    1736:	3807a023          	sw	zero,896(a5) # e0000380 <ERR_SECTION_BASE+0xe0001380>
    Delay_Init();
    173a:	3df9                	jal	1618 <Delay_Init>
    Delay_Ms(1);
    173c:	4505                	li	a0,1
    173e:	3799                	jal	1684 <Delay_Ms>
}
    1740:	40b2                	lw	ra,12(sp)
    1742:	0141                	addi	sp,sp,16
    1744:	8082                	ret

00001746 <_write>:
 *          size - Data length
 *
 * @return  size: Data length
 */
__attribute__((used)) int _write(int fd, char *buf, int size)
{
    1746:	1101                	addi	sp,sp,-32
    1748:	ce06                	sw	ra,28(sp)
    174a:	cc22                	sw	s0,24(sp)
    174c:	ca26                	sw	s1,20(sp)
    174e:	c84a                	sw	s2,16(sp)
    1750:	c64e                	sw	s3,12(sp)
    1752:	842e                	mv	s0,a1
    1754:	89b2                	mv	s3,a2

    } while (writeSize);


#else
    for(i = 0; i < size; i++)
    1756:	4481                	li	s1,0
    1758:	a035                	j	1784 <_write+0x3e>
    {
#if(DEBUG == DEBUG_UART1)
        while(USART_GetFlagStatus(USART1, USART_FLAG_TC) == RESET);
    175a:	04000593          	li	a1,64
    175e:	40014537          	lui	a0,0x40014
    1762:	80050513          	addi	a0,a0,-2048 # 40013800 <_eusrstack+0x2000b800>
    1766:	2b7040ef          	jal	ra,621c <USART_GetFlagStatus>
    176a:	d965                	beqz	a0,175a <_write+0x14>
        USART_SendData(USART1, *buf++);
    176c:	00140913          	addi	s2,s0,1
    1770:	00044583          	lbu	a1,0(s0)
    1774:	40014537          	lui	a0,0x40014
    1778:	80050513          	addi	a0,a0,-2048 # 40013800 <_eusrstack+0x2000b800>
    177c:	195040ef          	jal	ra,6110 <USART_SendData>
    for(i = 0; i < size; i++)
    1780:	0485                	addi	s1,s1,1
        USART_SendData(USART1, *buf++);
    1782:	844a                	mv	s0,s2
    for(i = 0; i < size; i++)
    1784:	fd34cbe3          	blt	s1,s3,175a <_write+0x14>
        USART_SendData(USART3, *buf++);
#endif
    }
#endif
    return size;
}
    1788:	854e                	mv	a0,s3
    178a:	40f2                	lw	ra,28(sp)
    178c:	4462                	lw	s0,24(sp)
    178e:	44d2                	lw	s1,20(sp)
    1790:	4942                	lw	s2,16(sp)
    1792:	49b2                	lw	s3,12(sp)
    1794:	6105                	addi	sp,sp,32
    1796:	8082                	ret

00001798 <_sbrk>:
 * @brief   Change the spatial position of data segment.
 *
 * @return  size: Data length
 */
__attribute__((used)) void *_sbrk(ptrdiff_t incr)
{
    1798:	87aa                	mv	a5,a0
    extern char _end[];
    extern char _heap_end[];
    static char *curbrk = _end;

    if ((curbrk + incr < _end) || (curbrk + incr > _heap_end))
    179a:	1ffff517          	auipc	a0,0x1ffff
    179e:	8ea52503          	lw	a0,-1814(a0) # 20000084 <curbrk.0>
    17a2:	97aa                	add	a5,a5,a0
    17a4:	20000717          	auipc	a4,0x20000
    17a8:	e3870713          	addi	a4,a4,-456 # 200015dc <_ebss>
    17ac:	00e7ed63          	bltu	a5,a4,17c6 <_sbrk+0x2e>
    17b0:	20006717          	auipc	a4,0x20006
    17b4:	45070713          	addi	a4,a4,1104 # 20007c00 <_heap_end>
    17b8:	00f76963          	bltu	a4,a5,17ca <_sbrk+0x32>
    return NULL - 1;

    curbrk += incr;
    17bc:	1ffff717          	auipc	a4,0x1ffff
    17c0:	8cf72423          	sw	a5,-1848(a4) # 20000084 <curbrk.0>
    return curbrk - incr;
    17c4:	8082                	ret
    return NULL - 1;
    17c6:	557d                	li	a0,-1
    17c8:	8082                	ret
    17ca:	557d                	li	a0,-1
}
    17cc:	8082                	ret

000017ce <NMI_Handler>:
 *
 * @return  none
 */
void NMI_Handler(void)
{
}
    17ce:	30200073          	mret

000017d2 <HardFault_Handler>:
 *
 * @return  none
 */
void HardFault_Handler(void)
{
  while (1)
    17d2:	a001                	j	17d2 <HardFault_Handler>

000017d4 <ch307_node_main>:
/**
 * @brief 应用入口 (由 startup 经 mret 跳入, 不返回)
 * @return 正常不返回
 */
extern "C" __attribute__((used)) int ch307_node_main(void)
{
    17d4:	1141                	addi	sp,sp,-16
    17d6:	c606                	sw	ra,12(sp)
    /* mini_tree 两段式点火 (时钟由 startup SystemInit 完成) */
    mini_tree_pre_os_init();
    17d8:	2e1000ef          	jal	ra,22b8 <mini_tree_pre_os_init>
    board_register_all_drivers();
    17dc:	2691                	jal	1b20 <board_register_all_drivers>
    mini_tree_start_tasks();
    17de:	2e7000ef          	jal	ra,22c4 <mini_tree_start_tasks>

    /* xtask 抢占式调度器启动 (绑定 SysTick), 随后释放全局中断 */
    xscheduler_start();
    17e2:	18a010ef          	jal	ra,296c <xscheduler_start>
    system_init_complete();
    17e6:	2cd000ef          	jal	ra,22b2 <system_init_complete>

    /* 裸机 super-loop: 轮询框架任务与时间片调度 */
    for (;;)
    {
        mini_tree_system_loop();
    17ea:	2e7000ef          	jal	ra,22d0 <mini_tree_system_loop>
    for (;;)
    17ee:	bff5                	j	17ea <ch307_node_main+0x16>

000017f0 <__atomic_exchange_1>:
/* 关/开全局中断 (mstatus.MIE, 对齐 core_riscv.h __disable_irq/__enable_irq 的 0x88 掩码) */
#define ATOMIC_IRQ_DISABLE() __asm volatile("csrc 0x800, %0" : : "r"(0x88))
#define ATOMIC_IRQ_ENABLE() __asm volatile("csrs 0x800, %0" : : "r"(0x88))

unsigned char __atomic_exchange_1(volatile void* ptr, unsigned char val, int memorder)
{
    17f0:	87aa                	mv	a5,a0
    (void)memorder;
    uint8_t* p = (uint8_t*)ptr;
    ATOMIC_IRQ_DISABLE();
    17f2:	08800713          	li	a4,136
    17f6:	80073073          	csrc	0x800,a4
    uint8_t old = *p;
    17fa:	00054503          	lbu	a0,0(a0)
    *p = val;
    17fe:	00b78023          	sb	a1,0(a5)
    ATOMIC_IRQ_ENABLE();
    1802:	80072073          	csrs	0x800,a4
    return old;
}
    1806:	8082                	ret

00001808 <__atomic_compare_exchange_1>:
{
    (void)weak;
    (void)success_memorder;
    (void)failure_memorder;
    uint8_t* p = (uint8_t*)ptr;
    uint8_t exp = *(uint8_t*)expected;
    1808:	0005c703          	lbu	a4,0(a1)
    ATOMIC_IRQ_DISABLE();
    180c:	08800793          	li	a5,136
    1810:	8007b073          	csrc	0x800,a5
    uint8_t old = *p;
    1814:	00054783          	lbu	a5,0(a0)
    if (old == exp)
    1818:	00f70a63          	beq	a4,a5,182c <__atomic_compare_exchange_1+0x24>
    {
        *p = desired;
        ATOMIC_IRQ_ENABLE();
        return 1;
    }
    ATOMIC_IRQ_ENABLE();
    181c:	08800713          	li	a4,136
    1820:	80072073          	csrs	0x800,a4
    *(uint8_t*)expected = old;
    1824:	00f58023          	sb	a5,0(a1)
    return 0;
    1828:	4501                	li	a0,0
}
    182a:	8082                	ret
        *p = desired;
    182c:	00c50023          	sb	a2,0(a0)
        ATOMIC_IRQ_ENABLE();
    1830:	08800793          	li	a5,136
    1834:	8007a073          	csrs	0x800,a5
        return 1;
    1838:	4505                	li	a0,1
    183a:	8082                	ret

0000183c <device_dependency_not_ready>:
/**
 * @brief 判断指针为 NULL 或 ERR_PTR 编码的错误指针
 * @param[in] ptr 待判断指针
 * @return NULL 或错误指针返回 true
 */
COMPAT_STATIC_INLINE bool IS_ERR_OR_NULL(const void* ptr) { return (ptr == NULL) || IS_ERR(ptr); }
    183c:	c12d                	beqz	a0,189e <device_dependency_not_ready+0x62>
 * @brief 检查设备依赖是否不可用或已出错
 * @param[in] pdev 待检查 device 指针
 * @return 1 表示存在缺失/ERROR/REMOVED 依赖, 0 表示依赖均可用
 */
static int device_dependency_not_ready(const struct device* pdev)
{
    183e:	1141                	addi	sp,sp,-16
    1840:	c606                	sw	ra,12(sp)
    1842:	c422                	sw	s0,8(sp)
    1844:	c226                	sw	s1,4(sp)
    1846:	c04a                	sw	s2,0(sp)
    1848:	842a                	mv	s0,a0
COMPAT_STATIC_INLINE bool IS_ERR(const void* ptr) { return (uintptr_t)ptr >= ERR_BASE; }
    184a:	ffffd497          	auipc	s1,0xffffd
    184e:	7b648493          	addi	s1,s1,1974 # fffff000 <ERR_SECTION_BASE+0x0>
COMPAT_STATIC_INLINE bool IS_ERR_OR_NULL(const void* ptr) { return (ptr == NULL) || IS_ERR(ptr); }
    1852:	04957863          	bgeu	a0,s1,18a2 <device_dependency_not_ready+0x66>
    if (IS_ERR_OR_NULL(pdev) || !pdev->node || !pdev->node->deps)
    1856:	411c                	lw	a5,0(a0)
    1858:	cfa1                	beqz	a5,18b0 <device_dependency_not_ready+0x74>
    185a:	4bdc                	lw	a5,20(a5)
    185c:	cfa1                	beqz	a5,18b4 <device_dependency_not_ready+0x78>
        return 0;

    for (int loop_index = 0; loop_index < pdev->node->dep_count; loop_index++)
    185e:	4901                	li	s2,0
    1860:	401c                	lw	a5,0(s0)
    1862:	0247c703          	lbu	a4,36(a5)
    1866:	02e95a63          	bge	s2,a4,189a <device_dependency_not_ready+0x5e>
    {
        struct device* dep = board_dev_get(pdev->node->deps[loop_index]);
    186a:	4bdc                	lw	a5,20(a5)
    186c:	00291713          	slli	a4,s2,0x2
    1870:	97ba                	add	a5,a5,a4
    1872:	4388                	lw	a0,0(a5)
    1874:	142020ef          	jal	ra,39b6 <board_dev_get>
    1878:	c121                	beqz	a0,18b8 <device_dependency_not_ready+0x7c>
    187a:	04957163          	bgeu	a0,s1,18bc <device_dependency_not_ready+0x80>
        if (IS_ERR_OR_NULL(dep))
            return 1;

        /* DIRECT 设备不参与 VFS 生命周期, 视为始终就绪 */
        if (dep->node && (dep->node->flags & DEVICE_FLAG_DIRECT))
    187e:	411c                	lw	a5,0(a0)
    1880:	c789                	beqz	a5,188a <device_dependency_not_ready+0x4e>
    1882:	0227c783          	lbu	a5,34(a5)
    1886:	8b85                	andi	a5,a5,1
    1888:	e799                	bnez	a5,1896 <device_dependency_not_ready+0x5a>
            continue;

        enum device_status status = device_get_status(dep);
    188a:	504020ef          	jal	ra,3d8e <device_get_status>
        if (status == DEVICE_STATUS_ERROR || status == DEVICE_STATUS_REMOVED)
    188e:	1569                	addi	a0,a0,-6
    1890:	4785                	li	a5,1
    1892:	02a7f763          	bgeu	a5,a0,18c0 <device_dependency_not_ready+0x84>
    for (int loop_index = 0; loop_index < pdev->node->dep_count; loop_index++)
    1896:	0905                	addi	s2,s2,1
    1898:	b7e1                	j	1860 <device_dependency_not_ready+0x24>
            return 1;
    }
    return 0;
    189a:	4501                	li	a0,0
    189c:	a021                	j	18a4 <device_dependency_not_ready+0x68>
        return 0;
    189e:	4501                	li	a0,0
}
    18a0:	8082                	ret
        return 0;
    18a2:	4501                	li	a0,0
}
    18a4:	40b2                	lw	ra,12(sp)
    18a6:	4422                	lw	s0,8(sp)
    18a8:	4492                	lw	s1,4(sp)
    18aa:	4902                	lw	s2,0(sp)
    18ac:	0141                	addi	sp,sp,16
    18ae:	8082                	ret
        return 0;
    18b0:	4501                	li	a0,0
    18b2:	bfcd                	j	18a4 <device_dependency_not_ready+0x68>
    18b4:	4501                	li	a0,0
    18b6:	b7fd                	j	18a4 <device_dependency_not_ready+0x68>
            return 1;
    18b8:	4505                	li	a0,1
    18ba:	b7ed                	j	18a4 <device_dependency_not_ready+0x68>
    18bc:	4505                	li	a0,1
    18be:	b7dd                	j	18a4 <device_dependency_not_ready+0x68>
            return 1;
    18c0:	4505                	li	a0,1
    18c2:	b7cd                	j	18a4 <device_dependency_not_ready+0x68>

000018c4 <device_dependency_pending>:
    18c4:	c12d                	beqz	a0,1926 <device_dependency_pending+0x62>
 * @brief 检查设备依赖是否尚未 probe 完成
 * @param[in] pdev 待检查 device 指针
 * @return 1 表示存在缺失或未 PROBED/RUNNING/SUSPENDED 的依赖, 0 表示依赖均已就绪
 */
static int device_dependency_pending(const struct device* pdev)
{
    18c6:	1141                	addi	sp,sp,-16
    18c8:	c606                	sw	ra,12(sp)
    18ca:	c422                	sw	s0,8(sp)
    18cc:	c226                	sw	s1,4(sp)
    18ce:	c04a                	sw	s2,0(sp)
    18d0:	842a                	mv	s0,a0
COMPAT_STATIC_INLINE bool IS_ERR(const void* ptr) { return (uintptr_t)ptr >= ERR_BASE; }
    18d2:	ffffd497          	auipc	s1,0xffffd
    18d6:	72e48493          	addi	s1,s1,1838 # fffff000 <ERR_SECTION_BASE+0x0>
COMPAT_STATIC_INLINE bool IS_ERR_OR_NULL(const void* ptr) { return (ptr == NULL) || IS_ERR(ptr); }
    18da:	04957863          	bgeu	a0,s1,192a <device_dependency_pending+0x66>
    if (IS_ERR_OR_NULL(pdev) || !pdev->node || !pdev->node->deps)
    18de:	411c                	lw	a5,0(a0)
    18e0:	cfa1                	beqz	a5,1938 <device_dependency_pending+0x74>
    18e2:	4bdc                	lw	a5,20(a5)
    18e4:	cfa1                	beqz	a5,193c <device_dependency_pending+0x78>
        return 0;

    for (int loop_index = 0; loop_index < pdev->node->dep_count; loop_index++)
    18e6:	4901                	li	s2,0
    18e8:	401c                	lw	a5,0(s0)
    18ea:	0247c703          	lbu	a4,36(a5)
    18ee:	02e95a63          	bge	s2,a4,1922 <device_dependency_pending+0x5e>
    {
        struct device* dep = board_dev_get(pdev->node->deps[loop_index]);
    18f2:	4bdc                	lw	a5,20(a5)
    18f4:	00291713          	slli	a4,s2,0x2
    18f8:	97ba                	add	a5,a5,a4
    18fa:	4388                	lw	a0,0(a5)
    18fc:	0ba020ef          	jal	ra,39b6 <board_dev_get>
    1900:	c121                	beqz	a0,1940 <device_dependency_pending+0x7c>
    1902:	04957163          	bgeu	a0,s1,1944 <device_dependency_pending+0x80>
        if (IS_ERR_OR_NULL(dep))
            return 1;

        /* DIRECT 设备始终就绪 */
        if (dep->node && (dep->node->flags & DEVICE_FLAG_DIRECT))
    1906:	411c                	lw	a5,0(a0)
    1908:	c789                	beqz	a5,1912 <device_dependency_pending+0x4e>
    190a:	0227c783          	lbu	a5,34(a5)
    190e:	8b85                	andi	a5,a5,1
    1910:	e799                	bnez	a5,191e <device_dependency_pending+0x5a>
            continue;

        enum device_status status = device_get_status(dep);
    1912:	47c020ef          	jal	ra,3d8e <device_get_status>
        if (status != DEVICE_STATUS_PROBED && status != DEVICE_STATUS_RUNNING &&
    1916:	1575                	addi	a0,a0,-3
    1918:	4789                	li	a5,2
    191a:	02a7e763          	bltu	a5,a0,1948 <device_dependency_pending+0x84>
    for (int loop_index = 0; loop_index < pdev->node->dep_count; loop_index++)
    191e:	0905                	addi	s2,s2,1
    1920:	b7e1                	j	18e8 <device_dependency_pending+0x24>
            status != DEVICE_STATUS_SUSPENDED)
            return 1;
    }
    return 0;
    1922:	4501                	li	a0,0
    1924:	a021                	j	192c <device_dependency_pending+0x68>
        return 0;
    1926:	4501                	li	a0,0
}
    1928:	8082                	ret
        return 0;
    192a:	4501                	li	a0,0
}
    192c:	40b2                	lw	ra,12(sp)
    192e:	4422                	lw	s0,8(sp)
    1930:	4492                	lw	s1,4(sp)
    1932:	4902                	lw	s2,0(sp)
    1934:	0141                	addi	sp,sp,16
    1936:	8082                	ret
        return 0;
    1938:	4501                	li	a0,0
    193a:	bfcd                	j	192c <device_dependency_pending+0x68>
    193c:	4501                	li	a0,0
    193e:	b7fd                	j	192c <device_dependency_pending+0x68>
            return 1;
    1940:	4505                	li	a0,1
    1942:	b7ed                	j	192c <device_dependency_pending+0x68>
    1944:	4505                	li	a0,1
    1946:	b7dd                	j	192c <device_dependency_pending+0x68>
            return 1;
    1948:	4505                	li	a0,1
    194a:	b7cd                	j	192c <device_dependency_pending+0x68>

0000194c <disable_dependents>:
/**
 * @brief 级联禁用依赖失败设备的所有子设备
 * @param[in] failed_id probe 失败的设备 ID
 */
static void disable_dependents(device_id_t failed_id)
{
    194c:	7179                	addi	sp,sp,-48
    194e:	d606                	sw	ra,44(sp)
    1950:	d422                	sw	s0,40(sp)
    1952:	d226                	sw	s1,36(sp)
    1954:	d04a                	sw	s2,32(sp)
    1956:	ce4e                	sw	s3,28(sp)
    1958:	cc52                	sw	s4,24(sp)
    195a:	89aa                	mv	s3,a0
    int count = 0;
    195c:	c602                	sw	zero,12(sp)
    const device_id_t* list = board_cascade_get(failed_id, &count);
    195e:	006c                	addi	a1,sp,12
    1960:	7dc000ef          	jal	ra,213c <board_cascade_get>
    if (!list || count == 0)
    1964:	cd59                	beqz	a0,1a02 <disable_dependents+0xb6>
    1966:	892a                	mv	s2,a0
    1968:	47b2                	lw	a5,12(sp)
    196a:	cfc1                	beqz	a5,1a02 <disable_dependents+0xb6>
        return;

    for (int loop_index = 0; loop_index < count; loop_index++)
    196c:	4481                	li	s1,0
    196e:	a011                	j	1972 <disable_dependents+0x26>
    1970:	0485                	addi	s1,s1,1
    1972:	47b2                	lw	a5,12(sp)
    1974:	08f4d763          	bge	s1,a5,1a02 <disable_dependents+0xb6>
    {
        struct device* child = board_dev_get(list[loop_index]);
    1978:	00249793          	slli	a5,s1,0x2
    197c:	97ca                	add	a5,a5,s2
    197e:	4388                	lw	a0,0(a5)
    1980:	036020ef          	jal	ra,39b6 <board_dev_get>
    1984:	842a                	mv	s0,a0
    1986:	d56d                	beqz	a0,1970 <disable_dependents+0x24>
COMPAT_STATIC_INLINE bool IS_ERR(const void* ptr) { return (uintptr_t)ptr >= ERR_BASE; }
    1988:	ffffd797          	auipc	a5,0xffffd
    198c:	67878793          	addi	a5,a5,1656 # fffff000 <ERR_SECTION_BASE+0x0>
COMPAT_STATIC_INLINE bool IS_ERR_OR_NULL(const void* ptr) { return (ptr == NULL) || IS_ERR(ptr); }
    1990:	fef570e3          	bgeu	a0,a5,1970 <disable_dependents+0x24>
        if (IS_ERR_OR_NULL(child))
            continue;
        enum device_status st = device_get_status(child);
    1994:	3fa020ef          	jal	ra,3d8e <device_get_status>
        if (st == DEVICE_STATUS_DISABLED || st == DEVICE_STATUS_REMOVED)
    1998:	dd61                	beqz	a0,1970 <disable_dependents+0x24>
    199a:	479d                	li	a5,7
    199c:	fcf50ae3          	beq	a0,a5,1970 <disable_dependents+0x24>
            continue;
        COMPAT_IGNORE_RESULT(device_set_status(child, DEVICE_STATUS_DISABLED));
    19a0:	4581                	li	a1,0
    19a2:	8522                	mv	a0,s0
    19a4:	428020ef          	jal	ra,3dcc <device_set_status>
        DRV_LOGW(k_tag, "cascade: '%s' disabled (dependency '%s' failed)", device_get_name(child),
    19a8:	8522                	mv	a0,s0
    19aa:	3b0020ef          	jal	ra,3d5a <device_get_name>
    19ae:	8a2a                	mv	s4,a0
    19b0:	854e                	mv	a0,s3
    19b2:	004020ef          	jal	ra,39b6 <board_dev_get>
    19b6:	3a4020ef          	jal	ra,3d5a <device_get_name>
    19ba:	872a                	mv	a4,a0
    19bc:	86d2                	mv	a3,s4
    19be:	00007617          	auipc	a2,0x7
    19c2:	c9260613          	addi	a2,a2,-878 # 8650 <s_nodes+0x48>
    19c6:	00007597          	auipc	a1,0x7
    19ca:	cba58593          	addi	a1,a1,-838 # 8680 <s_nodes+0x78>
    19ce:	4505                	li	a0,1
    19d0:	487010ef          	jal	ra,3656 <osal_log>
    19d4:	8522                	mv	a0,s0
    19d6:	384020ef          	jal	ra,3d5a <device_get_name>
    19da:	842a                	mv	s0,a0
    19dc:	854e                	mv	a0,s3
    19de:	7d9010ef          	jal	ra,39b6 <board_dev_get>
    19e2:	378020ef          	jal	ra,3d5a <device_get_name>
    19e6:	872a                	mv	a4,a0
    19e8:	86a2                	mv	a3,s0
    19ea:	00007617          	auipc	a2,0x7
    19ee:	c6660613          	addi	a2,a2,-922 # 8650 <s_nodes+0x48>
    19f2:	00007597          	auipc	a1,0x7
    19f6:	c8e58593          	addi	a1,a1,-882 # 8680 <s_nodes+0x78>
    19fa:	4505                	li	a0,1
    19fc:	766000ef          	jal	ra,2162 <production_log_push_fmt>
    1a00:	bf85                	j	1970 <disable_dependents+0x24>
                 device_get_name(board_dev_get(failed_id)));
    }
}
    1a02:	50b2                	lw	ra,44(sp)
    1a04:	5422                	lw	s0,40(sp)
    1a06:	5492                	lw	s1,36(sp)
    1a08:	5902                	lw	s2,32(sp)
    1a0a:	49f2                	lw	s3,28(sp)
    1a0c:	4a62                	lw	s4,24(sp)
    1a0e:	6145                	addi	sp,sp,48
    1a10:	8082                	ret

00001a12 <board_probe_order_at>:

/**
 * @brief 按索引取 probe 顺序中的 device_id (独立函数, 返回值走 a2)
 */
static device_id_t board_probe_order_at(int index)
{
    1a12:	1141                	addi	sp,sp,-16
    1a14:	c606                	sw	ra,12(sp)
    1a16:	c422                	sw	s0,8(sp)
    1a18:	c226                	sw	s1,4(sp)
    1a1a:	842a                	mv	s0,a0
    const device_id_t* order = board_probe_order();
    1a1c:	716000ef          	jal	ra,2132 <board_probe_order>
    1a20:	84aa                	mv	s1,a0
    int count = board_probe_order_count();
    1a22:	716000ef          	jal	ra,2138 <board_probe_order_count>
    if (!order || index < 0 || index >= count)
    1a26:	cc89                	beqz	s1,1a40 <board_probe_order_at+0x2e>
    1a28:	00044e63          	bltz	s0,1a44 <board_probe_order_at+0x32>
    1a2c:	00a45e63          	bge	s0,a0,1a48 <board_probe_order_at+0x36>
        return (device_id_t)DEV_ID_COUNT;
    return order[index];
    1a30:	040a                	slli	s0,s0,0x2
    1a32:	94a2                	add	s1,s1,s0
    1a34:	4088                	lw	a0,0(s1)
}
    1a36:	40b2                	lw	ra,12(sp)
    1a38:	4422                	lw	s0,8(sp)
    1a3a:	4492                	lw	s1,4(sp)
    1a3c:	0141                	addi	sp,sp,16
    1a3e:	8082                	ret
        return (device_id_t)DEV_ID_COUNT;
    1a40:	4505                	li	a0,1
    1a42:	bfd5                	j	1a36 <board_probe_order_at+0x24>
    1a44:	4505                	li	a0,1
    1a46:	bfc5                	j	1a36 <board_probe_order_at+0x24>
    1a48:	4505                	li	a0,1
    1a4a:	b7f5                	j	1a36 <board_probe_order_at+0x24>

00001a4c <board_safety_add_pin>:
}
    1a4c:	8082                	ret

00001a4e <board_safety_register_shutdown>:
void board_safety_register_shutdown(safety_shutdown_fn_t fn) { COMPAT_UNUSED_PARAM(fn); }
    1a4e:	8082                	ret

00001a50 <system_safety_hardware_shutdown>:
    if (__sync_val_compare_and_swap(&s_shutdown_entered, 0, 1) != 0)
    1a50:	84418793          	addi	a5,gp,-1980 # 200000c4 <s_shutdown_entered>
    1a54:	4685                	li	a3,1
    1a56:	0f50000f          	fence	iorw,ow
    1a5a:	1407a72f          	lr.w.aq	a4,(a5)
    1a5e:	e701                	bnez	a4,1a66 <system_safety_hardware_shutdown+0x16>
    1a60:	1cd7a62f          	sc.w.aq	a2,a3,(a5)
    1a64:	fa7d                	bnez	a2,1a5a <system_safety_hardware_shutdown+0xa>
    1a66:	e311                	bnez	a4,1a6a <system_safety_hardware_shutdown+0x1a>
    while (1)
    1a68:	a001                	j	1a68 <system_safety_hardware_shutdown+0x18>
}
    1a6a:	8082                	ret

00001a6c <handle_probe_failure>:
{
    1a6c:	1141                	addi	sp,sp,-16
    1a6e:	c606                	sw	ra,12(sp)
    1a70:	c422                	sw	s0,8(sp)
    1a72:	842a                	mv	s0,a0
    enum device_criticality crit = device_get_criticality(pdev);
    1a74:	334020ef          	jal	ra,3da8 <device_get_criticality>
    switch (crit)
    1a78:	c145                	beqz	a0,1b18 <handle_probe_failure+0xac>
    1a7a:	4789                	li	a5,2
    1a7c:	06f51063          	bne	a0,a5,1adc <handle_probe_failure+0x70>
        DRV_LOGE(k_tag, "FATAL: '%s' probe failed — initiating safe shutdown",
    1a80:	8522                	mv	a0,s0
    1a82:	2d8020ef          	jal	ra,3d5a <device_get_name>
    1a86:	86aa                	mv	a3,a0
    1a88:	00007617          	auipc	a2,0x7
    1a8c:	c0460613          	addi	a2,a2,-1020 # 868c <s_nodes+0x84>
    1a90:	00007597          	auipc	a1,0x7
    1a94:	bf058593          	addi	a1,a1,-1040 # 8680 <s_nodes+0x78>
    1a98:	4501                	li	a0,0
    1a9a:	3bd010ef          	jal	ra,3656 <osal_log>
    1a9e:	8522                	mv	a0,s0
    1aa0:	2ba020ef          	jal	ra,3d5a <device_get_name>
    1aa4:	86aa                	mv	a3,a0
    1aa6:	00007617          	auipc	a2,0x7
    1aaa:	be660613          	addi	a2,a2,-1050 # 868c <s_nodes+0x84>
    1aae:	00007597          	auipc	a1,0x7
    1ab2:	bd258593          	addi	a1,a1,-1070 # 8680 <s_nodes+0x78>
    1ab6:	4501                	li	a0,0
    1ab8:	6aa000ef          	jal	ra,2162 <production_log_push_fmt>
        OSAL_PANIC("FATAL device '%s' probe failed", device_get_name(pdev));
    1abc:	8522                	mv	a0,s0
    1abe:	29c020ef          	jal	ra,3d5a <device_get_name>
    1ac2:	85aa                	mv	a1,a0
    1ac4:	00007517          	auipc	a0,0x7
    1ac8:	c0050513          	addi	a0,a0,-1024 # 86c4 <s_nodes+0xbc>
    1acc:	3e1010ef          	jal	ra,36ac <osal_log_fatal>
    1ad0:	00007517          	auipc	a0,0x7
    1ad4:	c1450513          	addi	a0,a0,-1004 # 86e4 <s_nodes+0xdc>
    1ad8:	3fa5                	jal	1a50 <system_safety_hardware_shutdown>
    1ada:	a001                	j	1ada <handle_probe_failure+0x6e>
        DRV_LOGW(k_tag, "non-fatal probe failure for '%s'", device_get_name(pdev));
    1adc:	8522                	mv	a0,s0
    1ade:	27c020ef          	jal	ra,3d5a <device_get_name>
    1ae2:	86aa                	mv	a3,a0
    1ae4:	00007617          	auipc	a2,0x7
    1ae8:	c0c60613          	addi	a2,a2,-1012 # 86f0 <s_nodes+0xe8>
    1aec:	00007597          	auipc	a1,0x7
    1af0:	b9458593          	addi	a1,a1,-1132 # 8680 <s_nodes+0x78>
    1af4:	4505                	li	a0,1
    1af6:	361010ef          	jal	ra,3656 <osal_log>
    1afa:	8522                	mv	a0,s0
    1afc:	25e020ef          	jal	ra,3d5a <device_get_name>
    1b00:	86aa                	mv	a3,a0
    1b02:	00007617          	auipc	a2,0x7
    1b06:	bee60613          	addi	a2,a2,-1042 # 86f0 <s_nodes+0xe8>
    1b0a:	00007597          	auipc	a1,0x7
    1b0e:	b7658593          	addi	a1,a1,-1162 # 8680 <s_nodes+0x78>
    1b12:	4505                	li	a0,1
    1b14:	64e000ef          	jal	ra,2162 <production_log_push_fmt>
}
    1b18:	40b2                	lw	ra,12(sp)
    1b1a:	4422                	lw	s0,8(sp)
    1b1c:	0141                	addi	sp,sp,16
    1b1e:	8082                	ret

00001b20 <board_register_all_drivers>:
void board_register_all_drivers(void) {}
    1b20:	8082                	ret

00001b22 <board_driver_probe_all>:
 * @note Xtensa windowed ABI: call8 被调方写 a10-a15 即覆盖调用方 a2-a7.
 *       循环状态必须落在栈上 (volatile), 否则 handle_probe_failure 等
 *       日志路径会打坏 count/i/order, 表现为只 probe 第一个设备后提前结束.
 */
int board_driver_probe_all(void)
{
    1b22:	7139                	addi	sp,sp,-64
    1b24:	de06                	sw	ra,60(sp)
    1b26:	dc22                	sw	s0,56(sp)
    1b28:	da26                	sw	s1,52(sp)
    1b2a:	d84a                	sw	s2,48(sp)
    1b2c:	d64e                	sw	s3,44(sp)
#ifdef CONFIG_PRODUCTION_LOG
    production_log_init();
#endif

    DRV_LOGI(k_tag, "probing all devices from compile-time DTS table ...");
    1b2e:	00007617          	auipc	a2,0x7
    1b32:	be660613          	addi	a2,a2,-1050 # 8714 <s_nodes+0x10c>
    1b36:	00007597          	auipc	a1,0x7
    1b3a:	b4a58593          	addi	a1,a1,-1206 # 8680 <s_nodes+0x78>
    1b3e:	4509                	li	a0,2
    1b40:	317010ef          	jal	ra,3656 <osal_log>
    volatile uint8_t ok = 0;
    1b44:	00010fa3          	sb	zero,31(sp)
    volatile uint8_t fail = 0;
    1b48:	00010f23          	sb	zero,30(sp)
    volatile int count = board_probe_order_count();
    1b4c:	23f5                	jal	2138 <board_probe_order_count>
    1b4e:	cc2a                	sw	a0,24(sp)
    volatile int deferred_prev = 0;
    1b50:	ca02                	sw	zero,20(sp)

    for (volatile int pass = 0; pass < 3; pass++)
    1b52:	c202                	sw	zero,4(sp)
    1b54:	a4fd                	j	1e42 <board_driver_probe_all+0x320>
            if (IS_ERR_OR_NULL(pdev) || device_get_status(pdev) == DEVICE_STATUS_DISABLED)
                continue;
            /* DIRECT 设备不经过 VFS probe, 跳过 */
            if (pdev->node && (pdev->node->flags & DEVICE_FLAG_DIRECT))
            {
                DRV_LOGV(k_tag, "skip probe: '%s' (direct)", device_get_name(pdev));
    1b56:	8526                	mv	a0,s1
    1b58:	202020ef          	jal	ra,3d5a <device_get_name>
    1b5c:	86aa                	mv	a3,a0
    1b5e:	00007617          	auipc	a2,0x7
    1b62:	bea60613          	addi	a2,a2,-1046 # 8748 <s_nodes+0x140>
    1b66:	00007597          	auipc	a1,0x7
    1b6a:	b1a58593          	addi	a1,a1,-1254 # 8680 <s_nodes+0x78>
    1b6e:	450d                	li	a0,3
    1b70:	2e7010ef          	jal	ra,3656 <osal_log>
        for (volatile int loop_index = 0; loop_index < count; loop_index++)
    1b74:	47b2                	lw	a5,12(sp)
    1b76:	0785                	addi	a5,a5,1
    1b78:	c63e                	sw	a5,12(sp)
    1b7a:	4732                	lw	a4,12(sp)
    1b7c:	47e2                	lw	a5,24(sp)
    1b7e:	28f75863          	bge	a4,a5,1e0e <board_driver_probe_all+0x2ec>
            device_id_t id = board_probe_order_at(loop_index);
    1b82:	4532                	lw	a0,12(sp)
    1b84:	3579                	jal	1a12 <board_probe_order_at>
    1b86:	842a                	mv	s0,a0
            struct device* pdev = board_dev_get(id);
    1b88:	62f010ef          	jal	ra,39b6 <board_dev_get>
    1b8c:	84aa                	mv	s1,a0
            probe_fn_t probe = board_probe_get_fn(id);
    1b8e:	8522                	mv	a0,s0
    1b90:	2b69                	jal	212a <board_probe_get_fn>
    1b92:	892a                	mv	s2,a0
            if ((int)id < 0 || (int)id >= board_dev_count())
    1b94:	fe0440e3          	bltz	s0,1b74 <board_driver_probe_all+0x52>
    1b98:	215d                	jal	203e <board_dev_count>
    1b9a:	fca45de3          	bge	s0,a0,1b74 <board_driver_probe_all+0x52>
    1b9e:	d8f9                	beqz	s1,1b74 <board_driver_probe_all+0x52>
COMPAT_STATIC_INLINE bool IS_ERR(const void* ptr) { return (uintptr_t)ptr >= ERR_BASE; }
    1ba0:	ffffd797          	auipc	a5,0xffffd
    1ba4:	46078793          	addi	a5,a5,1120 # fffff000 <ERR_SECTION_BASE+0x0>
COMPAT_STATIC_INLINE bool IS_ERR_OR_NULL(const void* ptr) { return (ptr == NULL) || IS_ERR(ptr); }
    1ba8:	fcf4f6e3          	bgeu	s1,a5,1b74 <board_driver_probe_all+0x52>
            if (IS_ERR_OR_NULL(pdev) || device_get_status(pdev) == DEVICE_STATUS_DISABLED)
    1bac:	8526                	mv	a0,s1
    1bae:	1e0020ef          	jal	ra,3d8e <device_get_status>
    1bb2:	d169                	beqz	a0,1b74 <board_driver_probe_all+0x52>
            if (pdev->node && (pdev->node->flags & DEVICE_FLAG_DIRECT))
    1bb4:	409c                	lw	a5,0(s1)
    1bb6:	c789                	beqz	a5,1bc0 <board_driver_probe_all+0x9e>
    1bb8:	0227c783          	lbu	a5,34(a5)
    1bbc:	8b85                	andi	a5,a5,1
    1bbe:	ffc1                	bnez	a5,1b56 <board_driver_probe_all+0x34>
                continue;
            }
            if (device_get_status(pdev) == DEVICE_STATUS_PROBED ||
    1bc0:	8526                	mv	a0,s1
    1bc2:	1cc020ef          	jal	ra,3d8e <device_get_status>
    1bc6:	478d                	li	a5,3
    1bc8:	faf506e3          	beq	a0,a5,1b74 <board_driver_probe_all+0x52>
                device_get_status(pdev) == DEVICE_STATUS_RUNNING)
    1bcc:	8526                	mv	a0,s1
    1bce:	1c0020ef          	jal	ra,3d8e <device_get_status>
            if (device_get_status(pdev) == DEVICE_STATUS_PROBED ||
    1bd2:	4791                	li	a5,4
    1bd4:	faf500e3          	beq	a0,a5,1b74 <board_driver_probe_all+0x52>
                continue;

            if (device_dependency_not_ready(pdev))
    1bd8:	8526                	mv	a0,s1
    1bda:	318d                	jal	183c <device_dependency_not_ready>
    1bdc:	e145                	bnez	a0,1c7c <board_driver_probe_all+0x15a>
                DRV_LOGW(k_tag, "skip '%s': dependency permanently unavailable",
                         device_get_name(pdev));
                continue;
            }

            if (!probe)
    1bde:	0e090f63          	beqz	s2,1cdc <board_driver_probe_all+0x1ba>
                disable_dependents(id);
                fail++;
                continue;
            }

            DRV_LOGI(k_tag, "probing '%s' (%s) ...", device_get_name(pdev),
    1be2:	8526                	mv	a0,s1
    1be4:	176020ef          	jal	ra,3d5a <device_get_name>
    1be8:	89aa                	mv	s3,a0
    1bea:	8526                	mv	a0,s1
    1bec:	188020ef          	jal	ra,3d74 <device_get_compatible>
    1bf0:	872a                	mv	a4,a0
    1bf2:	86ce                	mv	a3,s3
    1bf4:	00007617          	auipc	a2,0x7
    1bf8:	bc860613          	addi	a2,a2,-1080 # 87bc <s_nodes+0x1b4>
    1bfc:	00007597          	auipc	a1,0x7
    1c00:	a8458593          	addi	a1,a1,-1404 # 8680 <s_nodes+0x78>
    1c04:	4509                	li	a0,2
    1c06:	251010ef          	jal	ra,3656 <osal_log>
                     device_get_compatible(pdev));
            int ret = probe(pdev);
    1c0a:	8526                	mv	a0,s1
    1c0c:	9902                	jalr	s2
    1c0e:	892a                	mv	s2,a0
            if (ret == MINI_OK)
    1c10:	14050363          	beqz	a0,1d56 <board_driver_probe_all+0x234>
                    fail++;
                    continue;
                }
                ok++;
            }
            else if (ret == MINI_ERR_DEFER)
    1c14:	f7400793          	li	a5,-140
    1c18:	1cf50863          	beq	a0,a5,1de8 <board_driver_probe_all+0x2c6>
                         device_get_name(pdev));
                deferred++;
            }
            else
            {
                COMPAT_IGNORE_RESULT(device_set_status(pdev, DEVICE_STATUS_ERROR));
    1c1c:	4599                	li	a1,6
    1c1e:	8526                	mv	a0,s1
    1c20:	1ac020ef          	jal	ra,3dcc <device_set_status>
                DRV_LOGE(k_tag, "probe FAILED: %s (ret=%d)", device_get_name(pdev), ret);
    1c24:	8526                	mv	a0,s1
    1c26:	134020ef          	jal	ra,3d5a <device_get_name>
    1c2a:	86aa                	mv	a3,a0
    1c2c:	874a                	mv	a4,s2
    1c2e:	00007617          	auipc	a2,0x7
    1c32:	bf660613          	addi	a2,a2,-1034 # 8824 <s_nodes+0x21c>
    1c36:	00007597          	auipc	a1,0x7
    1c3a:	a4a58593          	addi	a1,a1,-1462 # 8680 <s_nodes+0x78>
    1c3e:	4501                	li	a0,0
    1c40:	217010ef          	jal	ra,3656 <osal_log>
    1c44:	8526                	mv	a0,s1
    1c46:	114020ef          	jal	ra,3d5a <device_get_name>
    1c4a:	86aa                	mv	a3,a0
    1c4c:	874a                	mv	a4,s2
    1c4e:	00007617          	auipc	a2,0x7
    1c52:	bd660613          	addi	a2,a2,-1066 # 8824 <s_nodes+0x21c>
    1c56:	00007597          	auipc	a1,0x7
    1c5a:	a2a58593          	addi	a1,a1,-1494 # 8680 <s_nodes+0x78>
    1c5e:	4501                	li	a0,0
    1c60:	2309                	jal	2162 <production_log_push_fmt>
                handle_probe_failure(pdev, id);
    1c62:	85a2                	mv	a1,s0
    1c64:	8526                	mv	a0,s1
    1c66:	3519                	jal	1a6c <handle_probe_failure>
                disable_dependents(id);
    1c68:	8522                	mv	a0,s0
    1c6a:	31cd                	jal	194c <disable_dependents>
                fail++;
    1c6c:	01e14783          	lbu	a5,30(sp)
    1c70:	0785                	addi	a5,a5,1
    1c72:	0ff7f793          	zext.b	a5,a5
    1c76:	00f10f23          	sb	a5,30(sp)
    1c7a:	bded                	j	1b74 <board_driver_probe_all+0x52>
                if (device_dependency_pending(pdev))
    1c7c:	8526                	mv	a0,s1
    1c7e:	3199                	jal	18c4 <device_dependency_pending>
    1c80:	c509                	beqz	a0,1c8a <board_driver_probe_all+0x168>
                    deferred++;
    1c82:	47a2                	lw	a5,8(sp)
    1c84:	0785                	addi	a5,a5,1
    1c86:	c43e                	sw	a5,8(sp)
                    continue;
    1c88:	b5f5                	j	1b74 <board_driver_probe_all+0x52>
                COMPAT_IGNORE_RESULT(device_set_status(pdev, DEVICE_STATUS_DISABLED));
    1c8a:	4581                	li	a1,0
    1c8c:	8526                	mv	a0,s1
    1c8e:	13e020ef          	jal	ra,3dcc <device_set_status>
                fail++;
    1c92:	01e14783          	lbu	a5,30(sp)
    1c96:	0785                	addi	a5,a5,1
    1c98:	0ff7f793          	zext.b	a5,a5
    1c9c:	00f10f23          	sb	a5,30(sp)
                DRV_LOGW(k_tag, "skip '%s': dependency permanently unavailable",
    1ca0:	8526                	mv	a0,s1
    1ca2:	0b8020ef          	jal	ra,3d5a <device_get_name>
    1ca6:	86aa                	mv	a3,a0
    1ca8:	00007617          	auipc	a2,0x7
    1cac:	abc60613          	addi	a2,a2,-1348 # 8764 <s_nodes+0x15c>
    1cb0:	00007597          	auipc	a1,0x7
    1cb4:	9d058593          	addi	a1,a1,-1584 # 8680 <s_nodes+0x78>
    1cb8:	4505                	li	a0,1
    1cba:	19d010ef          	jal	ra,3656 <osal_log>
    1cbe:	8526                	mv	a0,s1
    1cc0:	09a020ef          	jal	ra,3d5a <device_get_name>
    1cc4:	86aa                	mv	a3,a0
    1cc6:	00007617          	auipc	a2,0x7
    1cca:	a9e60613          	addi	a2,a2,-1378 # 8764 <s_nodes+0x15c>
    1cce:	00007597          	auipc	a1,0x7
    1cd2:	9b258593          	addi	a1,a1,-1614 # 8680 <s_nodes+0x78>
    1cd6:	4505                	li	a0,1
    1cd8:	2169                	jal	2162 <production_log_push_fmt>
                continue;
    1cda:	bd69                	j	1b74 <board_driver_probe_all+0x52>
                const char* name = device_get_name(pdev);
    1cdc:	8526                	mv	a0,s1
    1cde:	07c020ef          	jal	ra,3d5a <device_get_name>
    1ce2:	892a                	mv	s2,a0
                if (!name || !name[0])
    1ce4:	c501                	beqz	a0,1cec <board_driver_probe_all+0x1ca>
    1ce6:	00054783          	lbu	a5,0(a0)
    1cea:	e791                	bnez	a5,1cf6 <board_driver_probe_all+0x1d4>
                    COMPAT_IGNORE_RESULT(device_set_status(pdev, DEVICE_STATUS_DISABLED));
    1cec:	4581                	li	a1,0
    1cee:	8526                	mv	a0,s1
    1cf0:	0dc020ef          	jal	ra,3dcc <device_set_status>
                    continue;
    1cf4:	b541                	j	1b74 <board_driver_probe_all+0x52>
                DRV_LOGW(k_tag, "no generated probe for '%s' (compat=%s)", name,
    1cf6:	8526                	mv	a0,s1
    1cf8:	07c020ef          	jal	ra,3d74 <device_get_compatible>
    1cfc:	872a                	mv	a4,a0
    1cfe:	86ca                	mv	a3,s2
    1d00:	00007617          	auipc	a2,0x7
    1d04:	a9460613          	addi	a2,a2,-1388 # 8794 <s_nodes+0x18c>
    1d08:	00007597          	auipc	a1,0x7
    1d0c:	97858593          	addi	a1,a1,-1672 # 8680 <s_nodes+0x78>
    1d10:	4505                	li	a0,1
    1d12:	145010ef          	jal	ra,3656 <osal_log>
    1d16:	8526                	mv	a0,s1
    1d18:	05c020ef          	jal	ra,3d74 <device_get_compatible>
    1d1c:	872a                	mv	a4,a0
    1d1e:	86ca                	mv	a3,s2
    1d20:	00007617          	auipc	a2,0x7
    1d24:	a7460613          	addi	a2,a2,-1420 # 8794 <s_nodes+0x18c>
    1d28:	00007597          	auipc	a1,0x7
    1d2c:	95858593          	addi	a1,a1,-1704 # 8680 <s_nodes+0x78>
    1d30:	4505                	li	a0,1
    1d32:	2905                	jal	2162 <production_log_push_fmt>
                COMPAT_IGNORE_RESULT(device_set_status(pdev, DEVICE_STATUS_DISABLED));
    1d34:	4581                	li	a1,0
    1d36:	8526                	mv	a0,s1
    1d38:	094020ef          	jal	ra,3dcc <device_set_status>
                handle_probe_failure(pdev, id);
    1d3c:	85a2                	mv	a1,s0
    1d3e:	8526                	mv	a0,s1
    1d40:	3335                	jal	1a6c <handle_probe_failure>
                disable_dependents(id);
    1d42:	8522                	mv	a0,s0
    1d44:	3121                	jal	194c <disable_dependents>
                fail++;
    1d46:	01e14783          	lbu	a5,30(sp)
    1d4a:	0785                	addi	a5,a5,1
    1d4c:	0ff7f793          	zext.b	a5,a5
    1d50:	00f10f23          	sb	a5,30(sp)
                continue;
    1d54:	b505                	j	1b74 <board_driver_probe_all+0x52>
                COMPAT_IGNORE_RESULT(device_set_status(pdev, DEVICE_STATUS_PROBED));
    1d56:	458d                	li	a1,3
    1d58:	8526                	mv	a0,s1
    1d5a:	072020ef          	jal	ra,3dcc <device_set_status>
                if (pdev->ops && (pdev->ops->open || pdev->ops->init))
    1d5e:	44dc                	lw	a5,12(s1)
    1d60:	cb89                	beqz	a5,1d72 <board_driver_probe_all+0x250>
    1d62:	43d8                	lw	a4,4(a5)
    1d64:	cf19                	beqz	a4,1d82 <board_driver_probe_all+0x260>
                    open_ret = device_open(pdev, NULL);
    1d66:	4581                	li	a1,0
    1d68:	8526                	mv	a0,s1
    1d6a:	1b6020ef          	jal	ra,3f20 <device_open>
    1d6e:	892a                	mv	s2,a0
                if (open_ret != MINI_OK)
    1d70:	ed01                	bnez	a0,1d88 <board_driver_probe_all+0x266>
                ok++;
    1d72:	01f14783          	lbu	a5,31(sp)
    1d76:	0785                	addi	a5,a5,1
    1d78:	0ff7f793          	zext.b	a5,a5
    1d7c:	00f10fa3          	sb	a5,31(sp)
    1d80:	bbd5                	j	1b74 <board_driver_probe_all+0x52>
                if (pdev->ops && (pdev->ops->open || pdev->ops->init))
    1d82:	439c                	lw	a5,0(a5)
    1d84:	f3ed                	bnez	a5,1d66 <board_driver_probe_all+0x244>
    1d86:	b7f5                	j	1d72 <board_driver_probe_all+0x250>
                    COMPAT_IGNORE_RESULT(device_set_status(pdev, DEVICE_STATUS_ERROR));
    1d88:	4599                	li	a1,6
    1d8a:	8526                	mv	a0,s1
    1d8c:	040020ef          	jal	ra,3dcc <device_set_status>
                    DRV_LOGE(k_tag, "device_open FAILED: %s (ret=%d)", device_get_name(pdev),
    1d90:	8526                	mv	a0,s1
    1d92:	7c9010ef          	jal	ra,3d5a <device_get_name>
    1d96:	86aa                	mv	a3,a0
    1d98:	874a                	mv	a4,s2
    1d9a:	00007617          	auipc	a2,0x7
    1d9e:	a3a60613          	addi	a2,a2,-1478 # 87d4 <s_nodes+0x1cc>
    1da2:	00007597          	auipc	a1,0x7
    1da6:	8de58593          	addi	a1,a1,-1826 # 8680 <s_nodes+0x78>
    1daa:	4501                	li	a0,0
    1dac:	0ab010ef          	jal	ra,3656 <osal_log>
    1db0:	8526                	mv	a0,s1
    1db2:	7a9010ef          	jal	ra,3d5a <device_get_name>
    1db6:	86aa                	mv	a3,a0
    1db8:	874a                	mv	a4,s2
    1dba:	00007617          	auipc	a2,0x7
    1dbe:	a1a60613          	addi	a2,a2,-1510 # 87d4 <s_nodes+0x1cc>
    1dc2:	00007597          	auipc	a1,0x7
    1dc6:	8be58593          	addi	a1,a1,-1858 # 8680 <s_nodes+0x78>
    1dca:	4501                	li	a0,0
    1dcc:	2e59                	jal	2162 <production_log_push_fmt>
                    handle_probe_failure(pdev, id);
    1dce:	85a2                	mv	a1,s0
    1dd0:	8526                	mv	a0,s1
    1dd2:	3969                	jal	1a6c <handle_probe_failure>
                    disable_dependents(id);
    1dd4:	8522                	mv	a0,s0
    1dd6:	3e9d                	jal	194c <disable_dependents>
                    fail++;
    1dd8:	01e14783          	lbu	a5,30(sp)
    1ddc:	0785                	addi	a5,a5,1
    1dde:	0ff7f793          	zext.b	a5,a5
    1de2:	00f10f23          	sb	a5,30(sp)
                    continue;
    1de6:	b379                	j	1b74 <board_driver_probe_all+0x52>
                DRV_LOGI(k_tag, "DEFER '%s': phandle dependency not yet probed",
    1de8:	8526                	mv	a0,s1
    1dea:	771010ef          	jal	ra,3d5a <device_get_name>
    1dee:	86aa                	mv	a3,a0
    1df0:	00007617          	auipc	a2,0x7
    1df4:	a0460613          	addi	a2,a2,-1532 # 87f4 <s_nodes+0x1ec>
    1df8:	00007597          	auipc	a1,0x7
    1dfc:	88858593          	addi	a1,a1,-1912 # 8680 <s_nodes+0x78>
    1e00:	4509                	li	a0,2
    1e02:	055010ef          	jal	ra,3656 <osal_log>
                deferred++;
    1e06:	47a2                	lw	a5,8(sp)
    1e08:	0785                	addi	a5,a5,1
    1e0a:	c43e                	sw	a5,8(sp)
    1e0c:	b3a5                	j	1b74 <board_driver_probe_all+0x52>
            }
        }

        if (deferred == 0)
    1e0e:	47a2                	lw	a5,8(sp)
    1e10:	10078e63          	beqz	a5,1f2c <board_driver_probe_all+0x40a>
            break;
        if (deferred == deferred_prev)
    1e14:	4722                	lw	a4,8(sp)
    1e16:	47d2                	lw	a5,20(sp)
    1e18:	02f70c63          	beq	a4,a5,1e50 <board_driver_probe_all+0x32e>
                             device_get_name(pdev));
                }
            }
            break;
        }
        deferred_prev = deferred;
    1e1c:	47a2                	lw	a5,8(sp)
    1e1e:	ca3e                	sw	a5,20(sp)
        DRV_LOGI(k_tag, "pass %d: %d deferred, retrying ...", (int)pass + 1, (int)deferred);
    1e20:	4692                	lw	a3,4(sp)
    1e22:	4722                	lw	a4,8(sp)
    1e24:	0685                	addi	a3,a3,1 # 10001 <_data_lma+0x6f29>
    1e26:	00007617          	auipc	a2,0x7
    1e2a:	a7a60613          	addi	a2,a2,-1414 # 88a0 <s_nodes+0x298>
    1e2e:	00007597          	auipc	a1,0x7
    1e32:	85258593          	addi	a1,a1,-1966 # 8680 <s_nodes+0x78>
    1e36:	4509                	li	a0,2
    1e38:	01f010ef          	jal	ra,3656 <osal_log>
    for (volatile int pass = 0; pass < 3; pass++)
    1e3c:	4792                	lw	a5,4(sp)
    1e3e:	0785                	addi	a5,a5,1
    1e40:	c23e                	sw	a5,4(sp)
    1e42:	4712                	lw	a4,4(sp)
    1e44:	4789                	li	a5,2
    1e46:	0ee7c363          	blt	a5,a4,1f2c <board_driver_probe_all+0x40a>
        volatile int deferred = 0;
    1e4a:	c402                	sw	zero,8(sp)
        for (volatile int loop_index = 0; loop_index < count; loop_index++)
    1e4c:	c602                	sw	zero,12(sp)
    1e4e:	b335                	j	1b7a <board_driver_probe_all+0x58>
            DRV_LOGE(k_tag, "EPROBE_DEFER stall: %d devices stuck after %d passes", (int)deferred,
    1e50:	46a2                	lw	a3,8(sp)
    1e52:	4712                	lw	a4,4(sp)
    1e54:	0705                	addi	a4,a4,1
    1e56:	00007617          	auipc	a2,0x7
    1e5a:	9ea60613          	addi	a2,a2,-1558 # 8840 <s_nodes+0x238>
    1e5e:	00007597          	auipc	a1,0x7
    1e62:	82258593          	addi	a1,a1,-2014 # 8680 <s_nodes+0x78>
    1e66:	4501                	li	a0,0
    1e68:	7ee010ef          	jal	ra,3656 <osal_log>
    1e6c:	46a2                	lw	a3,8(sp)
    1e6e:	4712                	lw	a4,4(sp)
    1e70:	0705                	addi	a4,a4,1
    1e72:	00007617          	auipc	a2,0x7
    1e76:	9ce60613          	addi	a2,a2,-1586 # 8840 <s_nodes+0x238>
    1e7a:	00007597          	auipc	a1,0x7
    1e7e:	80658593          	addi	a1,a1,-2042 # 8680 <s_nodes+0x78>
    1e82:	4501                	li	a0,0
    1e84:	2cf9                	jal	2162 <production_log_push_fmt>
            for (volatile int loop_index = 0; loop_index < count; loop_index++)
    1e86:	c802                	sw	zero,16(sp)
    1e88:	a801                	j	1e98 <board_driver_probe_all+0x376>
    1e8a:	4785                	li	a5,1
    1e8c:	a011                	j	1e90 <board_driver_probe_all+0x36e>
    1e8e:	4785                	li	a5,1
                if (!IS_ERR_OR_NULL(pdev) && device_get_status(pdev) != DEVICE_STATUS_PROBED &&
    1e90:	c795                	beqz	a5,1ebc <board_driver_probe_all+0x39a>
            for (volatile int loop_index = 0; loop_index < count; loop_index++)
    1e92:	47c2                	lw	a5,16(sp)
    1e94:	0785                	addi	a5,a5,1
    1e96:	c83e                	sw	a5,16(sp)
    1e98:	4742                	lw	a4,16(sp)
    1e9a:	47e2                	lw	a5,24(sp)
    1e9c:	08f75863          	bge	a4,a5,1f2c <board_driver_probe_all+0x40a>
                device_id_t id = board_probe_order_at(loop_index);
    1ea0:	4542                	lw	a0,16(sp)
    1ea2:	3e85                	jal	1a12 <board_probe_order_at>
                struct device* pdev = board_dev_get(id);
    1ea4:	313010ef          	jal	ra,39b6 <board_dev_get>
    1ea8:	842a                	mv	s0,a0
    1eaa:	d165                	beqz	a0,1e8a <board_driver_probe_all+0x368>
COMPAT_STATIC_INLINE bool IS_ERR(const void* ptr) { return (uintptr_t)ptr >= ERR_BASE; }
    1eac:	ffffd797          	auipc	a5,0xffffd
    1eb0:	15478793          	addi	a5,a5,340 # fffff000 <ERR_SECTION_BASE+0x0>
COMPAT_STATIC_INLINE bool IS_ERR_OR_NULL(const void* ptr) { return (ptr == NULL) || IS_ERR(ptr); }
    1eb4:	fcf57de3          	bgeu	a0,a5,1e8e <board_driver_probe_all+0x36c>
    1eb8:	4781                	li	a5,0
    1eba:	bfd9                	j	1e90 <board_driver_probe_all+0x36e>
                if (!IS_ERR_OR_NULL(pdev) && device_get_status(pdev) != DEVICE_STATUS_PROBED &&
    1ebc:	8522                	mv	a0,s0
    1ebe:	6d1010ef          	jal	ra,3d8e <device_get_status>
    1ec2:	478d                	li	a5,3
    1ec4:	fcf507e3          	beq	a0,a5,1e92 <board_driver_probe_all+0x370>
                    device_get_status(pdev) != DEVICE_STATUS_RUNNING &&
    1ec8:	8522                	mv	a0,s0
    1eca:	6c5010ef          	jal	ra,3d8e <device_get_status>
                if (!IS_ERR_OR_NULL(pdev) && device_get_status(pdev) != DEVICE_STATUS_PROBED &&
    1ece:	4791                	li	a5,4
    1ed0:	fcf501e3          	beq	a0,a5,1e92 <board_driver_probe_all+0x370>
                    device_dependency_pending(pdev))
    1ed4:	8522                	mv	a0,s0
    1ed6:	32fd                	jal	18c4 <device_dependency_pending>
                    device_get_status(pdev) != DEVICE_STATUS_RUNNING &&
    1ed8:	dd4d                	beqz	a0,1e92 <board_driver_probe_all+0x370>
                    COMPAT_IGNORE_RESULT(device_set_status(pdev, DEVICE_STATUS_DISABLED));
    1eda:	4581                	li	a1,0
    1edc:	8522                	mv	a0,s0
    1ede:	6ef010ef          	jal	ra,3dcc <device_set_status>
                    fail++;
    1ee2:	01e14783          	lbu	a5,30(sp)
    1ee6:	0785                	addi	a5,a5,1
    1ee8:	0ff7f793          	zext.b	a5,a5
    1eec:	00f10f23          	sb	a5,30(sp)
                    DRV_LOGE(k_tag, "DEFER stall: '%s' permanently disabled",
    1ef0:	8522                	mv	a0,s0
    1ef2:	669010ef          	jal	ra,3d5a <device_get_name>
    1ef6:	86aa                	mv	a3,a0
    1ef8:	00007617          	auipc	a2,0x7
    1efc:	98060613          	addi	a2,a2,-1664 # 8878 <s_nodes+0x270>
    1f00:	00006597          	auipc	a1,0x6
    1f04:	78058593          	addi	a1,a1,1920 # 8680 <s_nodes+0x78>
    1f08:	4501                	li	a0,0
    1f0a:	74c010ef          	jal	ra,3656 <osal_log>
    1f0e:	8522                	mv	a0,s0
    1f10:	64b010ef          	jal	ra,3d5a <device_get_name>
    1f14:	86aa                	mv	a3,a0
    1f16:	00007617          	auipc	a2,0x7
    1f1a:	96260613          	addi	a2,a2,-1694 # 8878 <s_nodes+0x270>
    1f1e:	00006597          	auipc	a1,0x6
    1f22:	76258593          	addi	a1,a1,1890 # 8680 <s_nodes+0x78>
    1f26:	4501                	li	a0,0
    1f28:	2c2d                	jal	2162 <production_log_push_fmt>
    1f2a:	b7a5                	j	1e92 <board_driver_probe_all+0x370>
    }

    DRV_LOGI(k_tag, "probe complete: %d ok, %d fail", (int)ok, (int)fail);
    1f2c:	01f14683          	lbu	a3,31(sp)
    1f30:	01e14703          	lbu	a4,30(sp)
    1f34:	00007617          	auipc	a2,0x7
    1f38:	99060613          	addi	a2,a2,-1648 # 88c4 <s_nodes+0x2bc>
    1f3c:	00006597          	auipc	a1,0x6
    1f40:	74458593          	addi	a1,a1,1860 # 8680 <s_nodes+0x78>
    1f44:	4509                	li	a0,2
    1f46:	710010ef          	jal	ra,3656 <osal_log>
    return (int)fail;
    1f4a:	01e14503          	lbu	a0,30(sp)
}
    1f4e:	50f2                	lw	ra,60(sp)
    1f50:	5462                	lw	s0,56(sp)
    1f52:	54d2                	lw	s1,52(sp)
    1f54:	5942                	lw	s2,48(sp)
    1f56:	59b2                	lw	s3,44(sp)
    1f58:	6121                	addi	sp,sp,64
    1f5a:	8082                	ret

00001f5c <board_driver_remove_all>:
/**
 * @brief 按逆 probe 顺序卸载所有设备
 * @return 成功返回 MINI_OK
 */
int board_driver_remove_all(void)
{
    1f5c:	1141                	addi	sp,sp,-16
    1f5e:	c606                	sw	ra,12(sp)
    1f60:	c422                	sw	s0,8(sp)
    1f62:	c226                	sw	s1,4(sp)
    1f64:	c04a                	sw	s2,0(sp)
    DRV_LOGI(k_tag, "removing all devices (reverse probe order) ...");
    1f66:	00007617          	auipc	a2,0x7
    1f6a:	97e60613          	addi	a2,a2,-1666 # 88e4 <s_nodes+0x2dc>
    1f6e:	00006597          	auipc	a1,0x6
    1f72:	71258593          	addi	a1,a1,1810 # 8680 <s_nodes+0x78>
    1f76:	4509                	li	a0,2
    1f78:	6de010ef          	jal	ra,3656 <osal_log>

    int count = board_probe_order_count();
    1f7c:	2a75                	jal	2138 <board_probe_order_count>

    for (int loop_index = count - 1; loop_index >= 0; loop_index--)
    1f7e:	fff50913          	addi	s2,a0,-1
    1f82:	a031                	j	1f8e <board_driver_remove_all+0x32>
                         device_get_name(pdev), ret);
                COMPAT_IGNORE_RESULT(device_set_status(pdev, DEVICE_STATUS_ERROR));
                continue;
            }
        }
        COMPAT_IGNORE_RESULT(device_set_status(pdev, DEVICE_STATUS_READY));
    1f84:	4589                	li	a1,2
    1f86:	8522                	mv	a0,s0
    1f88:	645010ef          	jal	ra,3dcc <device_set_status>
    for (int loop_index = count - 1; loop_index >= 0; loop_index--)
    1f8c:	197d                	addi	s2,s2,-1
    1f8e:	08094463          	bltz	s2,2016 <board_driver_remove_all+0xba>
        device_id_t id = board_probe_order()[loop_index];
    1f92:	2245                	jal	2132 <board_probe_order>
    1f94:	00291793          	slli	a5,s2,0x2
    1f98:	953e                	add	a0,a0,a5
    1f9a:	4104                	lw	s1,0(a0)
        struct device* pdev = board_dev_get(id);
    1f9c:	8526                	mv	a0,s1
    1f9e:	219010ef          	jal	ra,39b6 <board_dev_get>
    1fa2:	842a                	mv	s0,a0
    1fa4:	d565                	beqz	a0,1f8c <board_driver_remove_all+0x30>
COMPAT_STATIC_INLINE bool IS_ERR(const void* ptr) { return (uintptr_t)ptr >= ERR_BASE; }
    1fa6:	ffffd797          	auipc	a5,0xffffd
    1faa:	05a78793          	addi	a5,a5,90 # fffff000 <ERR_SECTION_BASE+0x0>
COMPAT_STATIC_INLINE bool IS_ERR_OR_NULL(const void* ptr) { return (ptr == NULL) || IS_ERR(ptr); }
    1fae:	fcf57fe3          	bgeu	a0,a5,1f8c <board_driver_remove_all+0x30>
        enum device_status status = device_get_status(pdev);
    1fb2:	5dd010ef          	jal	ra,3d8e <device_get_status>
        if (status != DEVICE_STATUS_PROBED && status != DEVICE_STATUS_RUNNING &&
    1fb6:	1575                	addi	a0,a0,-3
    1fb8:	4789                	li	a5,2
    1fba:	fca7e9e3          	bltu	a5,a0,1f8c <board_driver_remove_all+0x30>
        remove_fn_t remove_fn = board_remove_get_fn(id);
    1fbe:	8526                	mv	a0,s1
    1fc0:	22bd                	jal	212e <board_remove_get_fn>
    1fc2:	87aa                	mv	a5,a0
        if (remove_fn)
    1fc4:	d161                	beqz	a0,1f84 <board_driver_remove_all+0x28>
            int ret = remove_fn(pdev);
    1fc6:	8522                	mv	a0,s0
    1fc8:	9782                	jalr	a5
    1fca:	84aa                	mv	s1,a0
            if (ret != MINI_OK)
    1fcc:	dd45                	beqz	a0,1f84 <board_driver_remove_all+0x28>
                DRV_LOGE(k_tag, "remove FAILED: %s (ret=%d) — keeping ERROR state",
    1fce:	8522                	mv	a0,s0
    1fd0:	58b010ef          	jal	ra,3d5a <device_get_name>
    1fd4:	86aa                	mv	a3,a0
    1fd6:	8726                	mv	a4,s1
    1fd8:	00007617          	auipc	a2,0x7
    1fdc:	93c60613          	addi	a2,a2,-1732 # 8914 <s_nodes+0x30c>
    1fe0:	00006597          	auipc	a1,0x6
    1fe4:	6a058593          	addi	a1,a1,1696 # 8680 <s_nodes+0x78>
    1fe8:	4501                	li	a0,0
    1fea:	66c010ef          	jal	ra,3656 <osal_log>
    1fee:	8522                	mv	a0,s0
    1ff0:	56b010ef          	jal	ra,3d5a <device_get_name>
    1ff4:	86aa                	mv	a3,a0
    1ff6:	8726                	mv	a4,s1
    1ff8:	00007617          	auipc	a2,0x7
    1ffc:	91c60613          	addi	a2,a2,-1764 # 8914 <s_nodes+0x30c>
    2000:	00006597          	auipc	a1,0x6
    2004:	68058593          	addi	a1,a1,1664 # 8680 <s_nodes+0x78>
    2008:	4501                	li	a0,0
    200a:	2aa1                	jal	2162 <production_log_push_fmt>
                COMPAT_IGNORE_RESULT(device_set_status(pdev, DEVICE_STATUS_ERROR));
    200c:	4599                	li	a1,6
    200e:	8522                	mv	a0,s0
    2010:	5bd010ef          	jal	ra,3dcc <device_set_status>
                continue;
    2014:	bfa5                	j	1f8c <board_driver_remove_all+0x30>
    }
    return MINI_OK;
    2016:	4501                	li	a0,0
    2018:	40b2                	lw	ra,12(sp)
    201a:	4422                	lw	s0,8(sp)
    201c:	4492                	lw	s1,4(sp)
    201e:	4902                	lw	s2,0(sp)
    2020:	0141                	addi	sp,sp,16
    2022:	8082                	ret

00002024 <board_node_get>:
        .irqs       = (const struct device_irq*)NULL,
    },
};

const struct device_node* board_node_get(device_id_t id) {
    if ((int)id < 0 || (int)id >= DEV_ID_COUNT) return NULL;
    2024:	e919                	bnez	a0,203a <board_node_get+0x16>
    return &s_nodes[id];
    2026:	00251793          	slli	a5,a0,0x2
    202a:	97aa                	add	a5,a5,a0
    202c:	078e                	slli	a5,a5,0x3
    202e:	00006517          	auipc	a0,0x6
    2032:	5da50513          	addi	a0,a0,1498 # 8608 <s_nodes>
    2036:	953e                	add	a0,a0,a5
    2038:	8082                	ret
    if ((int)id < 0 || (int)id >= DEV_ID_COUNT) return NULL;
    203a:	4501                	li	a0,0
}
    203c:	8082                	ret

0000203e <board_dev_count>:

int board_dev_count(void) { return DEV_ID_COUNT; }
    203e:	4505                	li	a0,1
    2040:	8082                	ret

00002042 <board_dev_find>:

device_id_t board_dev_find(const char* name) {
    if (!name) return -1;
    2042:	e119                	bnez	a0,2048 <board_dev_find+0x6>
    2044:	557d                	li	a0,-1
    for (int i = 0; i < DEV_ID_COUNT; i++) {
        if (strcmp(s_nodes[i].name, name) == 0)
            return (device_id_t)i;
    }
    return -1;
}
    2046:	8082                	ret
device_id_t board_dev_find(const char* name) {
    2048:	1141                	addi	sp,sp,-16
    204a:	c606                	sw	ra,12(sp)
    204c:	c422                	sw	s0,8(sp)
    204e:	c226                	sw	s1,4(sp)
    2050:	842a                	mv	s0,a0
    for (int i = 0; i < DEV_ID_COUNT; i++) {
    2052:	4481                	li	s1,0
    2054:	00905863          	blez	s1,2064 <board_dev_find+0x22>
    return -1;
    2058:	557d                	li	a0,-1
}
    205a:	40b2                	lw	ra,12(sp)
    205c:	4422                	lw	s0,8(sp)
    205e:	4492                	lw	s1,4(sp)
    2060:	0141                	addi	sp,sp,16
    2062:	8082                	ret
        if (strcmp(s_nodes[i].name, name) == 0)
    2064:	00249793          	slli	a5,s1,0x2
    2068:	97a6                	add	a5,a5,s1
    206a:	078e                	slli	a5,a5,0x3
    206c:	00006717          	auipc	a4,0x6
    2070:	59c70713          	addi	a4,a4,1436 # 8608 <s_nodes>
    2074:	97ba                	add	a5,a5,a4
    2076:	85a2                	mv	a1,s0
    2078:	4388                	lw	a0,0(a5)
    207a:	1c8050ef          	jal	ra,7242 <strcmp>
    207e:	c119                	beqz	a0,2084 <board_dev_find+0x42>
    for (int i = 0; i < DEV_ID_COUNT; i++) {
    2080:	0485                	addi	s1,s1,1
    2082:	bfc9                	j	2054 <board_dev_find+0x12>
            return (device_id_t)i;
    2084:	8526                	mv	a0,s1
    2086:	bfd1                	j	205a <board_dev_find+0x18>

00002088 <board_dev_find_by_compat>:

device_id_t board_dev_find_by_compat(const char* compatible) {
    if (!compatible) return -1;
    2088:	e119                	bnez	a0,208e <board_dev_find_by_compat+0x6>
    208a:	557d                	li	a0,-1
        if (s_nodes[i].compatible[0] &&
            strcmp(s_nodes[i].compatible, compatible) == 0)
            return (device_id_t)i;
    }
    return -1;
}
    208c:	8082                	ret
device_id_t board_dev_find_by_compat(const char* compatible) {
    208e:	1141                	addi	sp,sp,-16
    2090:	c606                	sw	ra,12(sp)
    2092:	c422                	sw	s0,8(sp)
    2094:	c226                	sw	s1,4(sp)
    2096:	84aa                	mv	s1,a0
    for (int i = 0; i < DEV_ID_COUNT; i++) {
    2098:	4401                	li	s0,0
    209a:	00805863          	blez	s0,20aa <board_dev_find_by_compat+0x22>
    return -1;
    209e:	557d                	li	a0,-1
}
    20a0:	40b2                	lw	ra,12(sp)
    20a2:	4422                	lw	s0,8(sp)
    20a4:	4492                	lw	s1,4(sp)
    20a6:	0141                	addi	sp,sp,16
    20a8:	8082                	ret
        if (s_nodes[i].compatible[0] &&
    20aa:	00241793          	slli	a5,s0,0x2
    20ae:	97a2                	add	a5,a5,s0
    20b0:	078e                	slli	a5,a5,0x3
    20b2:	00006717          	auipc	a4,0x6
    20b6:	55670713          	addi	a4,a4,1366 # 8608 <s_nodes>
    20ba:	97ba                	add	a5,a5,a4
    20bc:	4788                	lw	a0,8(a5)
    20be:	00054783          	lbu	a5,0(a0)
    20c2:	c789                	beqz	a5,20cc <board_dev_find_by_compat+0x44>
            strcmp(s_nodes[i].compatible, compatible) == 0)
    20c4:	85a6                	mv	a1,s1
    20c6:	17c050ef          	jal	ra,7242 <strcmp>
        if (s_nodes[i].compatible[0] &&
    20ca:	c119                	beqz	a0,20d0 <board_dev_find_by_compat+0x48>
    for (int i = 0; i < DEV_ID_COUNT; i++) {
    20cc:	0405                	addi	s0,s0,1
    20ce:	b7f1                	j	209a <board_dev_find_by_compat+0x12>
            return (device_id_t)i;
    20d0:	8522                	mv	a0,s0
    20d2:	b7f9                	j	20a0 <board_dev_find_by_compat+0x18>

000020d4 <board_dev_find_by_label>:

device_id_t board_dev_find_by_label(const char* label) {
    if (!label || !label[0]) return -1;
    20d4:	c929                	beqz	a0,2126 <board_dev_find_by_label+0x52>
device_id_t board_dev_find_by_label(const char* label) {
    20d6:	1141                	addi	sp,sp,-16
    20d8:	c606                	sw	ra,12(sp)
    20da:	c422                	sw	s0,8(sp)
    20dc:	c226                	sw	s1,4(sp)
    20de:	842a                	mv	s0,a0
    if (!label || !label[0]) return -1;
    20e0:	00054783          	lbu	a5,0(a0)
    20e4:	e799                	bnez	a5,20f2 <board_dev_find_by_label+0x1e>
    20e6:	557d                	li	a0,-1
        if (s_nodes[i].label[0] &&
            strcmp(s_nodes[i].label, label) == 0)
            return (device_id_t)i;
    }
    return -1;
}
    20e8:	40b2                	lw	ra,12(sp)
    20ea:	4422                	lw	s0,8(sp)
    20ec:	4492                	lw	s1,4(sp)
    20ee:	0141                	addi	sp,sp,16
    20f0:	8082                	ret
    for (int i = 0; i < DEV_ID_COUNT; i++) {
    20f2:	4481                	li	s1,0
    20f4:	00905463          	blez	s1,20fc <board_dev_find_by_label+0x28>
    return -1;
    20f8:	557d                	li	a0,-1
    20fa:	b7fd                	j	20e8 <board_dev_find_by_label+0x14>
        if (s_nodes[i].label[0] &&
    20fc:	00249793          	slli	a5,s1,0x2
    2100:	97a6                	add	a5,a5,s1
    2102:	078e                	slli	a5,a5,0x3
    2104:	00006717          	auipc	a4,0x6
    2108:	50470713          	addi	a4,a4,1284 # 8608 <s_nodes>
    210c:	97ba                	add	a5,a5,a4
    210e:	43c8                	lw	a0,4(a5)
    2110:	00054783          	lbu	a5,0(a0)
    2114:	c789                	beqz	a5,211e <board_dev_find_by_label+0x4a>
            strcmp(s_nodes[i].label, label) == 0)
    2116:	85a2                	mv	a1,s0
    2118:	12a050ef          	jal	ra,7242 <strcmp>
        if (s_nodes[i].label[0] &&
    211c:	c119                	beqz	a0,2122 <board_dev_find_by_label+0x4e>
    for (int i = 0; i < DEV_ID_COUNT; i++) {
    211e:	0485                	addi	s1,s1,1
    2120:	bfd1                	j	20f4 <board_dev_find_by_label+0x20>
            return (device_id_t)i;
    2122:	8526                	mv	a0,s1
    2124:	b7d1                	j	20e8 <board_dev_find_by_label+0x14>
    if (!label || !label[0]) return -1;
    2126:	557d                	li	a0,-1
}
    2128:	8082                	ret

0000212a <board_probe_get_fn>:
};

probe_fn_t board_probe_get_fn(device_id_t id) {
    if ((int)id < 0 || (int)id >= DEV_ID_COUNT) return NULL;
    return s_probe_fns[id];
}
    212a:	4501                	li	a0,0
    212c:	8082                	ret

0000212e <board_remove_get_fn>:

remove_fn_t board_remove_get_fn(device_id_t id) {
    if ((int)id < 0 || (int)id >= DEV_ID_COUNT) return NULL;
    return s_remove_fns[id];
}
    212e:	4501                	li	a0,0
    2130:	8082                	ret

00002132 <board_probe_order>:

const device_id_t* board_probe_order(void) {
    return s_probe_order;
}
    2132:	81018513          	addi	a0,gp,-2032 # 20000090 <s_probe_order>
    2136:	8082                	ret

00002138 <board_probe_order_count>:

int board_probe_order_count(void) {
    return DEV_ID_COUNT;
}
    2138:	4505                	li	a0,1
    213a:	8082                	ret

0000213c <board_cascade_get>:
static const uint16_t s_cascade_offset[DEV_ID_COUNT] = {
    [DEV_ID_] = 0,
};

const device_id_t* board_cascade_get(device_id_t id, int* count) {
    if ((int)id < 0 || (int)id >= DEV_ID_COUNT) { *count = 0; return NULL; }
    213c:	e509                	bnez	a0,2146 <board_cascade_get+0xa>
    *count = s_cascade_counts[id];
    213e:	0005a023          	sw	zero,0(a1)
    return *count ? &s_cascade_data[s_cascade_offset[id]] : NULL;
}
    2142:	4501                	li	a0,0
    2144:	8082                	ret
    if ((int)id < 0 || (int)id >= DEV_ID_COUNT) { *count = 0; return NULL; }
    2146:	0005a023          	sw	zero,0(a1)
    214a:	bfe5                	j	2142 <board_cascade_get+0x6>

0000214c <board_children_get>:
static const uint16_t s_children_offset[DEV_ID_COUNT] = {
    [DEV_ID_] = 0,
};

const device_id_t* board_children_get(device_id_t id, int* count) {
    if ((int)id < 0 || (int)id >= DEV_ID_COUNT) { *count = 0; return NULL; }
    214c:	e509                	bnez	a0,2156 <board_children_get+0xa>
    *count = s_children_counts[id];
    214e:	0005a023          	sw	zero,0(a1)
    return *count ? &s_children_data[s_children_offset[id]] : NULL;
}
    2152:	4501                	li	a0,0
    2154:	8082                	ret
    if ((int)id < 0 || (int)id >= DEV_ID_COUNT) { *count = 0; return NULL; }
    2156:	0005a023          	sw	zero,0(a1)
    215a:	bfe5                	j	2152 <board_children_get+0x6>

0000215c <production_log_init>:

/**
 * @brief CONFIG 关闭时的空 init
 * @return 0
 */
int production_log_init(void) { return 0; }
    215c:	4501                	li	a0,0
    215e:	8082                	ret

00002160 <production_log_push>:
void production_log_push(prod_log_level_t level, const char* tag, const char* msg)
{
    COMPAT_UNUSED_PARAM(level);
    COMPAT_UNUSED_PARAM(tag);
    COMPAT_UNUSED_PARAM(msg);
}
    2160:	8082                	ret

00002162 <production_log_push_fmt>:
 * @param[in] tag 标签 (忽略)
 * @param[in] fmt 格式 (忽略)
 * @param ... 参数 (忽略)
 */
void production_log_push_fmt(prod_log_level_t level, const char* tag, const char* fmt, ...)
{
    2162:	1101                	addi	sp,sp,-32
    2164:	c636                	sw	a3,12(sp)
    2166:	c83a                	sw	a4,16(sp)
    2168:	ca3e                	sw	a5,20(sp)
    216a:	cc42                	sw	a6,24(sp)
    216c:	ce46                	sw	a7,28(sp)
    COMPAT_UNUSED_PARAM(level);
    COMPAT_UNUSED_PARAM(tag);
    COMPAT_UNUSED_PARAM(fmt);
}
    216e:	6105                	addi	sp,sp,32
    2170:	8082                	ret

00002172 <production_log_count>:

/**
 * @brief stub: 无日志条目
 * @return 0
 */
int production_log_count(void) { return 0; }
    2172:	4501                	li	a0,0
    2174:	8082                	ret

00002176 <production_log_get>:
 */
const struct prod_log_entry* production_log_get(int index)
{
    COMPAT_UNUSED_PARAM(index);
    return NULL;
}
    2176:	4501                	li	a0,0
    2178:	8082                	ret

0000217a <production_log_dump>:
 * @brief stub: 输出占位行
 * @param[in] sink 行回调
 */
void production_log_dump(void (*sink)(const char* line))
{
    if (sink)
    217a:	cd01                	beqz	a0,2192 <production_log_dump+0x18>
{
    217c:	1141                	addi	sp,sp,-16
    217e:	c606                	sw	ra,12(sp)
    2180:	87aa                	mv	a5,a0
        sink("=== PRODUCTION LOG DUMP (stub) ===");
    2182:	00006517          	auipc	a0,0x6
    2186:	7de50513          	addi	a0,a0,2014 # 8960 <s_nodes+0x358>
    218a:	9782                	jalr	a5
}
    218c:	40b2                	lw	ra,12(sp)
    218e:	0141                	addi	sp,sp,16
    2190:	8082                	ret
    2192:	8082                	ret

00002194 <_ZN9mini_tree18system_pre_os_initEv>:
/*  */
/* 不创建任务、启动服务或探测驱动 — */
/* 这些属于阶段 2, 在用户注册其 HAL 之后进行. */
/* -------------------------------------------------------------------------- */
void mini_tree::system_pre_os_init(void)
{
    2194:	1141                	addi	sp,sp,-16
    2196:	c606                	sw	ra,12(sp)
    IRQ_DISABLE(); /* 关全局中断 — ISR 不得在框架就绪前触发 */
    2198:	30047073          	csrci	mstatus,8
    SYS_LOGI(k_tag, "=== mini_tree Phase 1: Pre-OS Init ===");
    219c:	00006617          	auipc	a2,0x6
    21a0:	7e860613          	addi	a2,a2,2024 # 8984 <s_nodes+0x37c>
    21a4:	00007597          	auipc	a1,0x7
    21a8:	80858593          	addi	a1,a1,-2040 # 89ac <s_nodes+0x3a4>
    21ac:	4509                	li	a0,2
    21ae:	4a8010ef          	jal	ra,3656 <osal_log>

    /* 启动循环保护: >= 5 次连续崩溃 → 永久安全锁死 */
    if (!safe_state_check_bootloop())
    21b2:	2e6d                	jal	256c <safe_state_check_bootloop>
    21b4:	c121                	beqz	a0,21f4 <_ZN9mini_tree18system_pre_os_initEv+0x60>
        return;
    }

    /* RTC 硬件看门狗: 独立时钟, 在 CPU 总线停滞时仍存活 */
#ifdef CONFIG_SYSTEM_WDT
    COMPAT_IGNORE_RESULT(system_wdt_init_iwdg(8000));
    21b6:	6509                	lui	a0,0x2
    21b8:	f4050513          	addi	a0,a0,-192 # 1f40 <board_driver_probe_all+0x41e>
    21bc:	2225                	jal	22e4 <system_wdt_init_iwdg>
#endif

    /* 设备树初始化 (编译时生成的节点表) */
    if (device_tree_init() != MINI_OK)
    21be:	06a020ef          	jal	ra,4228 <device_tree_init>
    21c2:	e521                	bnez	a0,220a <_ZN9mini_tree18system_pre_os_initEv+0x76>
        SYS_LOGW(k_tag, "device_tree_init failed (non-fatal)");

    /* 事件总线两阶段初始化 (SIOF 防御) */
#ifdef CONFIG_EVENT_BUS
    if (event_bus_init() != MINI_OK)
    21c4:	56e020ef          	jal	ra,4732 <event_bus_init>
    21c8:	ed29                	bnez	a0,2222 <_ZN9mini_tree18system_pre_os_initEv+0x8e>
    {
        SYS_LOGE(k_tag, "EventBus init failed — entering safe state");
        enter_safe_state("EventBus init failed");
        return;
    }
    COMPAT_IGNORE_RESULT(event_bus_post(EVENT_SYS_BOOT, 0));
    21ca:	4581                	li	a1,0
    21cc:	4501                	li	a0,0
    21ce:	6ec020ef          	jal	ra,48ba <event_bus_post>
#endif

    /* SIOF 防御就绪: 此后 EventBus post/subscribe 可正常通行 */
    g_system_os_initialized = true;
    21d2:	4785                	li	a5,1
    21d4:	84f18423          	sb	a5,-1976(gp) # 200000c8 <g_system_os_initialized>
     *   MyApp::AudioService::getInstance().init();
     *   MyApp::UiService::getInstance().init();
     *   mini_tree::system_start_tasks();
     */

    SYS_LOGI(k_tag, "=== mini_tree Phase 1 complete ===");
    21d8:	00007617          	auipc	a2,0x7
    21dc:	87860613          	addi	a2,a2,-1928 # 8a50 <s_nodes+0x448>
    21e0:	00006597          	auipc	a1,0x6
    21e4:	7cc58593          	addi	a1,a1,1996 # 89ac <s_nodes+0x3a4>
    21e8:	4509                	li	a0,2
    21ea:	46c010ef          	jal	ra,3656 <osal_log>
}
    21ee:	40b2                	lw	ra,12(sp)
    21f0:	0141                	addi	sp,sp,16
    21f2:	8082                	ret
        SYS_LOGE(k_tag, "bootloop protection triggered — system halted");
    21f4:	00006617          	auipc	a2,0x6
    21f8:	7c060613          	addi	a2,a2,1984 # 89b4 <s_nodes+0x3ac>
    21fc:	00006597          	auipc	a1,0x6
    2200:	7b058593          	addi	a1,a1,1968 # 89ac <s_nodes+0x3a4>
    2204:	452010ef          	jal	ra,3656 <osal_log>
        return;
    2208:	b7dd                	j	21ee <_ZN9mini_tree18system_pre_os_initEv+0x5a>
        SYS_LOGW(k_tag, "device_tree_init failed (non-fatal)");
    220a:	00006617          	auipc	a2,0x6
    220e:	7da60613          	addi	a2,a2,2010 # 89e4 <s_nodes+0x3dc>
    2212:	00006597          	auipc	a1,0x6
    2216:	79a58593          	addi	a1,a1,1946 # 89ac <s_nodes+0x3a4>
    221a:	4505                	li	a0,1
    221c:	43a010ef          	jal	ra,3656 <osal_log>
    2220:	b755                	j	21c4 <_ZN9mini_tree18system_pre_os_initEv+0x30>
        SYS_LOGE(k_tag, "EventBus init failed — entering safe state");
    2222:	00006617          	auipc	a2,0x6
    2226:	7e660613          	addi	a2,a2,2022 # 8a08 <s_nodes+0x400>
    222a:	00006597          	auipc	a1,0x6
    222e:	78258593          	addi	a1,a1,1922 # 89ac <s_nodes+0x3a4>
    2232:	4501                	li	a0,0
    2234:	422010ef          	jal	ra,3656 <osal_log>
        enter_safe_state("EventBus init failed");
    2238:	00007517          	auipc	a0,0x7
    223c:	80050513          	addi	a0,a0,-2048 # 8a38 <s_nodes+0x430>
    2240:	2e21                	jal	2558 <enter_safe_state>

00002242 <_ZN9mini_tree18system_start_tasksEv>:
/*  */
/* 用户工程在 mini_tree::system_start_tasks() 之后、 */
/* vTaskStartScheduler() 之前创建自身的业务任务 (UI、云、音频等). */
/* -------------------------------------------------------------------------- */
void mini_tree::system_start_tasks(void)
{
    2242:	1141                	addi	sp,sp,-16
    2244:	c606                	sw	ra,12(sp)
    SYS_LOGI(k_tag, "=== mini_tree Phase 2: Start Tasks ===");
    2246:	00007617          	auipc	a2,0x7
    224a:	82e60613          	addi	a2,a2,-2002 # 8a74 <s_nodes+0x46c>
    224e:	00006597          	auipc	a1,0x6
    2252:	75e58593          	addi	a1,a1,1886 # 89ac <s_nodes+0x3a4>
    2256:	4509                	li	a0,2
    2258:	3fe010ef          	jal	ra,3656 <osal_log>

#ifdef CONFIG_EVENT_BUS
    event_bus_start();
    225c:	6a2020ef          	jal	ra,48fe <event_bus_start>
#endif

    /* 驱动探测 (用户驱动在阶段 1 和阶段 2 之间注册) */
    int probe_fail = board_driver_probe_all();
    2260:	8c3ff0ef          	jal	ra,1b22 <board_driver_probe_all>
    if (probe_fail != 0)
    2264:	e915                	bnez	a0,2298 <_ZN9mini_tree18system_start_tasksEv+0x56>
        SYS_LOGW(k_tag, "board_driver_probe_all: %d device(s) failed", probe_fail);

    /* TWDT 初始化 */
#ifdef CONFIG_SYSTEM_WDT
    COMPAT_IGNORE_RESULT(system_wdt_init(3000));
    2266:	6505                	lui	a0,0x1
    2268:	bb850513          	addi	a0,a0,-1096 # bb8 <hal_tim_close+0x48>
    226c:	2469                	jal	24f6 <system_wdt_init>
    COMPAT_IGNORE_RESULT(system_scrubber_init());
    COMPAT_IGNORE_RESULT(system_scrubber_start());
#endif

    /* 启动循环计数器清除 */
    safe_state_clear_bootloop();
    226e:	24d5                	jal	2552 <safe_state_clear_bootloop>

#ifdef CONFIG_EVENT_BUS
    COMPAT_IGNORE_RESULT(event_bus_post(EVENT_SYS_READY, 0));
    2270:	4581                	li	a1,0
    2272:	4505                	li	a0,1
    2274:	646020ef          	jal	ra,48ba <event_bus_post>

    /* 封表: 此后 subscribe() 全部失败, ISR 中 post() 遍历只读静态表 */
    event_bus_seal();
    2278:	7a2020ef          	jal	ra,4a1a <event_bus_seal>
     * ─── 用户任务创建钩子点 ───
     * 在 system_start_tasks() 之后、启动调度器之前:
     *   osal_task_create_handle(...);   // 统一走 OSAL, 勿直接调内核 API
     */

    SYS_LOGI(k_tag, "=== mini_tree Phase 2 complete ===");
    227c:	00007617          	auipc	a2,0x7
    2280:	84c60613          	addi	a2,a2,-1972 # 8ac8 <s_nodes+0x4c0>
    2284:	00006597          	auipc	a1,0x6
    2288:	72858593          	addi	a1,a1,1832 # 89ac <s_nodes+0x3a4>
    228c:	4509                	li	a0,2
    228e:	3c8010ef          	jal	ra,3656 <osal_log>
}
    2292:	40b2                	lw	ra,12(sp)
    2294:	0141                	addi	sp,sp,16
    2296:	8082                	ret
        SYS_LOGW(k_tag, "board_driver_probe_all: %d device(s) failed", probe_fail);
    2298:	86aa                	mv	a3,a0
    229a:	00007617          	auipc	a2,0x7
    229e:	80260613          	addi	a2,a2,-2046 # 8a9c <s_nodes+0x494>
    22a2:	00006597          	auipc	a1,0x6
    22a6:	70a58593          	addi	a1,a1,1802 # 89ac <s_nodes+0x3a4>
    22aa:	4505                	li	a0,1
    22ac:	3aa010ef          	jal	ra,3656 <osal_log>
    22b0:	bf5d                	j	2266 <_ZN9mini_tree18system_start_tasksEv+0x24>

000022b2 <system_init_complete>:

/* -------------------------------------------------------------------------- */
/* 初始化完成 — 释放全局中断 (进入裸机 while / OS 调度器启动前) */
/* -------------------------------------------------------------------------- */
extern "C" void system_init_complete(void) { IRQ_ENABLE(); }
    22b2:	30046073          	csrsi	mstatus,8
    22b6:	8082                	ret

000022b8 <mini_tree_pre_os_init>:

extern "C" void mini_tree_pre_os_init(void) { mini_tree::system_pre_os_init(); }
    22b8:	1141                	addi	sp,sp,-16
    22ba:	c606                	sw	ra,12(sp)
    22bc:	3de1                	jal	2194 <_ZN9mini_tree18system_pre_os_initEv>
    22be:	40b2                	lw	ra,12(sp)
    22c0:	0141                	addi	sp,sp,16
    22c2:	8082                	ret

000022c4 <mini_tree_start_tasks>:

extern "C" void mini_tree_start_tasks(void) { mini_tree::system_start_tasks(); }
    22c4:	1141                	addi	sp,sp,-16
    22c6:	c606                	sw	ra,12(sp)
    22c8:	3fad                	jal	2242 <_ZN9mini_tree18system_start_tasksEv>
    22ca:	40b2                	lw	ra,12(sp)
    22cc:	0141                	addi	sp,sp,16
    22ce:	8082                	ret

000022d0 <mini_tree_system_loop>:

extern "C" void mini_tree_system_loop(void)
{
    22d0:	1141                	addi	sp,sp,-16
    22d2:	c606                	sw	ra,12(sp)
#ifdef CONFIG_SYSTEM_WDT
    system_wdt_feed();
    22d4:	2cb5                	jal	2550 <system_wdt_feed>
    system_wdt_feed_iwdg();
    22d6:	28f1                	jal	23b2 <system_wdt_feed_iwdg>
#endif
#ifdef CONFIG_VIRQ
    interrupt_bottom_half_poll(); /**< 执行下半部队列 */
    22d8:	21e1                	jal	27a0 <interrupt_bottom_half_poll>
#endif
#ifdef CONFIG_USB
    usb_bus_task(); /**< TinyUSB 事件轮询 (枚举 / CDC 收发推进) */
#endif
#ifdef CONFIG_OSAL_NULL
    x_scheduler_poll(); /**< 裸机调度器轮询 (coop/preempt 各实现同名函数) */
    22da:	111000ef          	jal	ra,2bea <x_scheduler_poll>
#endif
}
    22de:	40b2                	lw	ra,12(sp)
    22e0:	0141                	addi	sp,sp,16
    22e2:	8082                	ret

000022e4 <system_wdt_init_iwdg>:

static struct hal_iwdg_dev s_iwdg;
static bool s_iwdg_active = false;

int system_wdt_init_iwdg(uint32_t timeout_ms)
{
    22e4:	1101                	addi	sp,sp,-32
    22e6:	ce06                	sw	ra,28(sp)
    22e8:	cc22                	sw	s0,24(sp)
    22ea:	ca26                	sw	s1,20(sp)
    struct hal_iwdg_config cfg;

    if (s_iwdg_active)
    22ec:	8501c783          	lbu	a5,-1968(gp) # 200000d0 <_ZL13s_iwdg_active>
    22f0:	cb81                	beqz	a5,2300 <system_wdt_init_iwdg+0x1c>
        return MINI_OK;
    22f2:	4481                	li	s1,0
        return MINI_ERR_IO;

    s_iwdg_active = true;
    SYS_LOGI(k_tag, "IWDG started, timeout=%ums", (unsigned)timeout_ms);
    return MINI_OK;
}
    22f4:	8526                	mv	a0,s1
    22f6:	40f2                	lw	ra,28(sp)
    22f8:	4462                	lw	s0,24(sp)
    22fa:	44d2                	lw	s1,20(sp)
    22fc:	6105                	addi	sp,sp,32
    22fe:	8082                	ret
    2300:	842a                	mv	s0,a0
    cfg.timeout_ms = timeout_ms;
    2302:	c22a                	sw	a0,4(sp)
    cfg.prer = 0xFFFFFFFFU;
    2304:	57fd                	li	a5,-1
    2306:	c43e                	sw	a5,8(sp)
    cfg.rlr = 0xFFFFFFFFU;
    2308:	c63e                	sw	a5,12(sp)
    if (hal_iwdg_init(&s_iwdg, &cfg) != 0)
    230a:	004c                	addi	a1,sp,4
    230c:	8a018513          	addi	a0,gp,-1888 # 20000120 <_ZL6s_iwdg>
    2310:	444010ef          	jal	ra,3754 <hal_iwdg_init>
    2314:	e51d                	bnez	a0,2342 <system_wdt_init_iwdg+0x5e>
    if (hal_iwdg_start(&s_iwdg) != 0)
    2316:	8a018513          	addi	a0,gp,-1888 # 20000120 <_ZL6s_iwdg>
    231a:	440010ef          	jal	ra,375a <hal_iwdg_start>
    231e:	84aa                	mv	s1,a0
    2320:	e11d                	bnez	a0,2346 <system_wdt_init_iwdg+0x62>
    s_iwdg_active = true;
    2322:	4785                	li	a5,1
    2324:	84f18823          	sb	a5,-1968(gp) # 200000d0 <_ZL13s_iwdg_active>
    SYS_LOGI(k_tag, "IWDG started, timeout=%ums", (unsigned)timeout_ms);
    2328:	86a2                	mv	a3,s0
    232a:	00006617          	auipc	a2,0x6
    232e:	7c260613          	addi	a2,a2,1986 # 8aec <s_nodes+0x4e4>
    2332:	00006597          	auipc	a1,0x6
    2336:	7d658593          	addi	a1,a1,2006 # 8b08 <s_nodes+0x500>
    233a:	4509                	li	a0,2
    233c:	31a010ef          	jal	ra,3656 <osal_log>
    return MINI_OK;
    2340:	bf55                	j	22f4 <system_wdt_init_iwdg+0x10>
        return MINI_ERR_IO;
    2342:	54ed                	li	s1,-5
    2344:	bf45                	j	22f4 <system_wdt_init_iwdg+0x10>
        return MINI_ERR_IO;
    2346:	54ed                	li	s1,-5
    2348:	b775                	j	22f4 <system_wdt_init_iwdg+0x10>

0000234a <system_wdt_iwdg_set_long_timeout>:

void system_wdt_iwdg_set_long_timeout(void)
{
    if (!s_iwdg_active)
    234a:	8501c783          	lbu	a5,-1968(gp) # 200000d0 <_ZL13s_iwdg_active>
    234e:	e391                	bnez	a5,2352 <system_wdt_iwdg_set_long_timeout+0x8>
    2350:	8082                	ret
{
    2352:	1141                	addi	sp,sp,-16
    2354:	c606                	sw	ra,12(sp)
        return;
    COMPAT_IGNORE_RESULT(hal_iwdg_set_long_timeout(&s_iwdg));
    2356:	8a018513          	addi	a0,gp,-1888 # 20000120 <_ZL6s_iwdg>
    235a:	412010ef          	jal	ra,376c <hal_iwdg_set_long_timeout>
    SYS_LOGI(k_tag, "IWDG extended to hardware max (~32768ms) for OTA");
    235e:	00006617          	auipc	a2,0x6
    2362:	7b260613          	addi	a2,a2,1970 # 8b10 <s_nodes+0x508>
    2366:	00006597          	auipc	a1,0x6
    236a:	7a258593          	addi	a1,a1,1954 # 8b08 <s_nodes+0x500>
    236e:	4509                	li	a0,2
    2370:	2e6010ef          	jal	ra,3656 <osal_log>
}
    2374:	40b2                	lw	ra,12(sp)
    2376:	0141                	addi	sp,sp,16
    2378:	8082                	ret

0000237a <system_wdt_iwdg_restore_timeout>:

void system_wdt_iwdg_restore_timeout(void)
{
    if (!s_iwdg_active)
    237a:	8501c783          	lbu	a5,-1968(gp) # 200000d0 <_ZL13s_iwdg_active>
    237e:	e391                	bnez	a5,2382 <system_wdt_iwdg_restore_timeout+0x8>
    2380:	8082                	ret
{
    2382:	1141                	addi	sp,sp,-16
    2384:	c606                	sw	ra,12(sp)
    2386:	c422                	sw	s0,8(sp)
        return;
    COMPAT_IGNORE_RESULT(hal_iwdg_restore_timeout(&s_iwdg));
    2388:	8a018413          	addi	s0,gp,-1888 # 20000120 <_ZL6s_iwdg>
    238c:	8522                	mv	a0,s0
    238e:	3e4010ef          	jal	ra,3772 <hal_iwdg_restore_timeout>
    SYS_LOGI(k_tag, "IWDG restored to %ums", (unsigned)s_iwdg.normal_timeout_ms);
    2392:	4814                	lw	a3,16(s0)
    2394:	00006617          	auipc	a2,0x6
    2398:	7b060613          	addi	a2,a2,1968 # 8b44 <s_nodes+0x53c>
    239c:	00006597          	auipc	a1,0x6
    23a0:	76c58593          	addi	a1,a1,1900 # 8b08 <s_nodes+0x500>
    23a4:	4509                	li	a0,2
    23a6:	2b0010ef          	jal	ra,3656 <osal_log>
}
    23aa:	40b2                	lw	ra,12(sp)
    23ac:	4422                	lw	s0,8(sp)
    23ae:	0141                	addi	sp,sp,16
    23b0:	8082                	ret

000023b2 <system_wdt_feed_iwdg>:

void system_wdt_feed_iwdg(void)
{
    if (s_iwdg_active)
    23b2:	8501c783          	lbu	a5,-1968(gp) # 200000d0 <_ZL13s_iwdg_active>
    23b6:	e391                	bnez	a5,23ba <system_wdt_feed_iwdg+0x8>
    23b8:	8082                	ret
{
    23ba:	1141                	addi	sp,sp,-16
    23bc:	c606                	sw	ra,12(sp)
        COMPAT_IGNORE_RESULT(hal_iwdg_feed(&s_iwdg));
    23be:	8a018513          	addi	a0,gp,-1888 # 20000120 <_ZL6s_iwdg>
    23c2:	39e010ef          	jal	ra,3760 <hal_iwdg_feed>
}
    23c6:	40b2                	lw	ra,12(sp)
    23c8:	0141                	addi	sp,sp,16
    23ca:	8082                	ret

000023cc <system_wdt_stack_monitor_register>:
static StackMonitorEntry s_stack_entries[BOARD_STACK_MONITOR_MAX_TASKS];
static size_t s_stack_entry_count = 0;

int system_wdt_stack_monitor_register(osal_task_handle_t task, uint32_t alarm_threshold_bytes)
{
    if (task == nullptr || alarm_threshold_bytes == 0)
    23cc:	c529                	beqz	a0,2416 <system_wdt_stack_monitor_register+0x4a>
    23ce:	c5b1                	beqz	a1,241a <system_wdt_stack_monitor_register+0x4e>
        return MINI_ERR_INVAL;
    if (s_stack_entry_count >= BOARD_STACK_MONITOR_MAX_TASKS)
    23d0:	84c1a783          	lw	a5,-1972(gp) # 200000cc <_ZL19s_stack_entry_count>
    23d4:	471d                	li	a4,7
    23d6:	00f76e63          	bltu	a4,a5,23f2 <system_wdt_stack_monitor_register+0x26>
    {
        SYS_LOGE(k_tag, "stack monitor: max entries (%d) reached", BOARD_STACK_MONITOR_MAX_TASKS);
        return MINI_ERR_NOSPC;
    }

    s_stack_entries[s_stack_entry_count].task = task;
    23da:	00379693          	slli	a3,a5,0x3
    23de:	8a018713          	addi	a4,gp,-1888 # 20000120 <_ZL6s_iwdg>
    23e2:	9736                	add	a4,a4,a3
    23e4:	cb48                	sw	a0,20(a4)
    s_stack_entries[s_stack_entry_count].alarm_threshold_bytes = alarm_threshold_bytes;
    23e6:	cf0c                	sw	a1,24(a4)
    s_stack_entry_count++;
    23e8:	0785                	addi	a5,a5,1
    23ea:	84f1a623          	sw	a5,-1972(gp) # 200000cc <_ZL19s_stack_entry_count>
    return MINI_OK;
    23ee:	4501                	li	a0,0
    23f0:	8082                	ret
{
    23f2:	1141                	addi	sp,sp,-16
    23f4:	c606                	sw	ra,12(sp)
        SYS_LOGE(k_tag, "stack monitor: max entries (%d) reached", BOARD_STACK_MONITOR_MAX_TASKS);
    23f6:	46a1                	li	a3,8
    23f8:	00006617          	auipc	a2,0x6
    23fc:	76460613          	addi	a2,a2,1892 # 8b5c <s_nodes+0x554>
    2400:	00006597          	auipc	a1,0x6
    2404:	70858593          	addi	a1,a1,1800 # 8b08 <s_nodes+0x500>
    2408:	4501                	li	a0,0
    240a:	24c010ef          	jal	ra,3656 <osal_log>
        return MINI_ERR_NOSPC;
    240e:	5511                	li	a0,-28
}
    2410:	40b2                	lw	ra,12(sp)
    2412:	0141                	addi	sp,sp,16
    2414:	8082                	ret
        return MINI_ERR_INVAL;
    2416:	5529                	li	a0,-22
    2418:	8082                	ret
    241a:	5529                	li	a0,-22
}
    241c:	8082                	ret

0000241e <system_wdt_stack_check_all>:

void system_wdt_stack_check_all(void)
{
    241e:	1141                	addi	sp,sp,-16
    2420:	c606                	sw	ra,12(sp)
    2422:	c422                	sw	s0,8(sp)
    2424:	c226                	sw	s1,4(sp)
    2426:	c04a                	sw	s2,0(sp)
    for (size_t index = 0; index < s_stack_entry_count; index++)
    2428:	4401                	li	s0,0
    242a:	a8a9                	j	2484 <system_wdt_stack_check_all+0x66>

        uint32_t wm_bytes = osal_task_get_stack_watermark(entry.task);

        if (wm_bytes == 0)
        {
            SYS_LOGE(k_tag, "FAIL: task '%s' stack overflowed (wm=0)!",
    242c:	00341713          	slli	a4,s0,0x3
    2430:	8a018793          	addi	a5,gp,-1888 # 20000120 <_ZL6s_iwdg>
    2434:	97ba                	add	a5,a5,a4
    2436:	4bc8                	lw	a0,20(a5)
    2438:	593000ef          	jal	ra,31ca <osal_task_get_name>
    243c:	86aa                	mv	a3,a0
    243e:	00006617          	auipc	a2,0x6
    2442:	74660613          	addi	a2,a2,1862 # 8b84 <s_nodes+0x57c>
    2446:	00006597          	auipc	a1,0x6
    244a:	6c258593          	addi	a1,a1,1730 # 8b08 <s_nodes+0x500>
    244e:	4501                	li	a0,0
    2450:	206010ef          	jal	ra,3656 <osal_log>
                     osal_task_get_name(entry.task));
            continue;
    2454:	a03d                	j	2482 <system_wdt_stack_check_all+0x64>
        }

        if (wm_bytes < entry.alarm_threshold_bytes)
        {
            SYS_LOGE(k_tag, "STACK CRITICAL: '%s' watermark %u bytes < alarm %u",
    2456:	8a018913          	addi	s2,gp,-1888 # 20000120 <_ZL6s_iwdg>
    245a:	993a                	add	s2,s2,a4
    245c:	01492503          	lw	a0,20(s2)
    2460:	56b000ef          	jal	ra,31ca <osal_task_get_name>
    2464:	86aa                	mv	a3,a0
    2466:	01892783          	lw	a5,24(s2)
    246a:	8726                	mv	a4,s1
    246c:	00006617          	auipc	a2,0x6
    2470:	74460613          	addi	a2,a2,1860 # 8bb0 <s_nodes+0x5a8>
    2474:	00006597          	auipc	a1,0x6
    2478:	69458593          	addi	a1,a1,1684 # 8b08 <s_nodes+0x500>
    247c:	4501                	li	a0,0
    247e:	1d8010ef          	jal	ra,3656 <osal_log>
    for (size_t index = 0; index < s_stack_entry_count; index++)
    2482:	0405                	addi	s0,s0,1
    2484:	84c1a783          	lw	a5,-1972(gp) # 200000cc <_ZL19s_stack_entry_count>
    2488:	06f47163          	bgeu	s0,a5,24ea <system_wdt_stack_check_all+0xcc>
        if (entry.task == nullptr)
    248c:	00341713          	slli	a4,s0,0x3
    2490:	8a018793          	addi	a5,gp,-1888 # 20000120 <_ZL6s_iwdg>
    2494:	97ba                	add	a5,a5,a4
    2496:	4bc8                	lw	a0,20(a5)
    2498:	d56d                	beqz	a0,2482 <system_wdt_stack_check_all+0x64>
        uint32_t wm_bytes = osal_task_get_stack_watermark(entry.task);
    249a:	53b000ef          	jal	ra,31d4 <osal_task_get_stack_watermark>
    249e:	84aa                	mv	s1,a0
        if (wm_bytes == 0)
    24a0:	d551                	beqz	a0,242c <system_wdt_stack_check_all+0xe>
        if (wm_bytes < entry.alarm_threshold_bytes)
    24a2:	00341713          	slli	a4,s0,0x3
    24a6:	8a018793          	addi	a5,gp,-1888 # 20000120 <_ZL6s_iwdg>
    24aa:	97ba                	add	a5,a5,a4
    24ac:	4f9c                	lw	a5,24(a5)
    24ae:	faf564e3          	bltu	a0,a5,2456 <system_wdt_stack_check_all+0x38>
                     osal_task_get_name(entry.task), (unsigned)wm_bytes,
                     (unsigned)entry.alarm_threshold_bytes);
        }
        else if (wm_bytes < entry.alarm_threshold_bytes * 2)
    24b2:	0786                	slli	a5,a5,0x1
    24b4:	fcf577e3          	bgeu	a0,a5,2482 <system_wdt_stack_check_all+0x64>
        {
            SYS_LOGW(k_tag, "STACK WARN: '%s' watermark %u bytes (alarm=%u)",
    24b8:	00341793          	slli	a5,s0,0x3
    24bc:	8a018913          	addi	s2,gp,-1888 # 20000120 <_ZL6s_iwdg>
    24c0:	993e                	add	s2,s2,a5
    24c2:	01492503          	lw	a0,20(s2)
    24c6:	505000ef          	jal	ra,31ca <osal_task_get_name>
    24ca:	86aa                	mv	a3,a0
    24cc:	01892783          	lw	a5,24(s2)
    24d0:	8726                	mv	a4,s1
    24d2:	00006617          	auipc	a2,0x6
    24d6:	71260613          	addi	a2,a2,1810 # 8be4 <s_nodes+0x5dc>
    24da:	00006597          	auipc	a1,0x6
    24de:	62e58593          	addi	a1,a1,1582 # 8b08 <s_nodes+0x500>
    24e2:	4505                	li	a0,1
    24e4:	172010ef          	jal	ra,3656 <osal_log>
    24e8:	bf69                	j	2482 <system_wdt_stack_check_all+0x64>
                     osal_task_get_name(entry.task), (unsigned)wm_bytes,
                     (unsigned)entry.alarm_threshold_bytes);
        }
    }
}
    24ea:	40b2                	lw	ra,12(sp)
    24ec:	4422                	lw	s0,8(sp)
    24ee:	4492                	lw	s1,4(sp)
    24f0:	4902                	lw	s2,0(sp)
    24f2:	0141                	addi	sp,sp,16
    24f4:	8082                	ret

000024f6 <system_wdt_init>:

int system_wdt_init(uint32_t timeout_ms)
{
    (void)timeout_ms;
    if (s_initialized)
    24f6:	8511c783          	lbu	a5,-1967(gp) # 200000d1 <_ZL13s_initialized>
    24fa:	c399                	beqz	a5,2500 <system_wdt_init+0xa>
        return MINI_OK;
    s_initialized = true;
    SYS_LOGI(k_tag, "TWDT placeholder started");
    return MINI_OK;
}
    24fc:	4501                	li	a0,0
    24fe:	8082                	ret
{
    2500:	1141                	addi	sp,sp,-16
    2502:	c606                	sw	ra,12(sp)
    s_initialized = true;
    2504:	4785                	li	a5,1
    2506:	84f188a3          	sb	a5,-1967(gp) # 200000d1 <_ZL13s_initialized>
    SYS_LOGI(k_tag, "TWDT placeholder started");
    250a:	00006617          	auipc	a2,0x6
    250e:	70a60613          	addi	a2,a2,1802 # 8c14 <s_nodes+0x60c>
    2512:	00006597          	auipc	a1,0x6
    2516:	5f658593          	addi	a1,a1,1526 # 8b08 <s_nodes+0x500>
    251a:	4509                	li	a0,2
    251c:	13a010ef          	jal	ra,3656 <osal_log>
}
    2520:	4501                	li	a0,0
    2522:	40b2                	lw	ra,12(sp)
    2524:	0141                	addi	sp,sp,16
    2526:	8082                	ret

00002528 <system_wdt_subscribe>:

int system_wdt_subscribe(osal_task_handle_t task)
{
    if (task == nullptr)
    2528:	c511                	beqz	a0,2534 <system_wdt_subscribe+0xc>
        return MINI_ERR_INVAL;
    if (!s_initialized)
    252a:	8511c783          	lbu	a5,-1967(gp) # 200000d1 <_ZL13s_initialized>
    252e:	c789                	beqz	a5,2538 <system_wdt_subscribe+0x10>
        return MINI_ERR_AGAIN;
    return MINI_OK;
    2530:	4501                	li	a0,0
    2532:	8082                	ret
        return MINI_ERR_INVAL;
    2534:	5529                	li	a0,-22
    2536:	8082                	ret
        return MINI_ERR_AGAIN;
    2538:	5555                	li	a0,-11
}
    253a:	8082                	ret

0000253c <system_wdt_unsubscribe>:

int system_wdt_unsubscribe(osal_task_handle_t task)
{
    if (task == nullptr)
    253c:	c511                	beqz	a0,2548 <system_wdt_unsubscribe+0xc>
        return MINI_ERR_INVAL;
    if (!s_initialized)
    253e:	8511c783          	lbu	a5,-1967(gp) # 200000d1 <_ZL13s_initialized>
    2542:	c789                	beqz	a5,254c <system_wdt_unsubscribe+0x10>
        return MINI_ERR_AGAIN;
    return MINI_OK;
    2544:	4501                	li	a0,0
    2546:	8082                	ret
        return MINI_ERR_INVAL;
    2548:	5529                	li	a0,-22
    254a:	8082                	ret
        return MINI_ERR_AGAIN;
    254c:	5555                	li	a0,-11
}
    254e:	8082                	ret

00002550 <system_wdt_feed>:

void system_wdt_feed(void) {}
    2550:	8082                	ret

00002552 <safe_state_clear_bootloop>:
}

/**
 * @brief 清零计数
 */
void safe_state_clear_bootloop(void) { s_panic_counter = 0; }
    2552:	8401aa23          	sw	zero,-1964(gp) # 200000d4 <s_panic_counter>
    2556:	8082                	ret

00002558 <enter_safe_state>:
/**
 * @brief 进入不可恢复的安全状态 (硬件闭锁 → 冻结调度 → 关中断 → 死循环)
 * @param[in] reason 触发原因描述 (当前忽略, 预留日志)
 */
void enter_safe_state(const char* reason)
{
    2558:	1141                	addi	sp,sp,-16
    255a:	c606                	sw	ra,12(sp)
    (void)reason;

    /* 平台具体硬件闭锁 (PWM/I2S/SPI 停止, LED, 蜂鸣器) */
    COMPAT_IGNORE_RESULT(hal_platform_critical_hardware_lock());
    255c:	21c010ef          	jal	ra,3778 <hal_platform_critical_hardware_lock>

    /* 冻结 OS (单向不可恢复) */
    osal_sched_freeze();
    2560:	0e2010ef          	jal	ra,3642 <osal_sched_freeze>
    osal_int_freeze();
    2564:	0e8010ef          	jal	ra,364c <osal_int_freeze>

    while (1)
        __asm__ volatile("nop");
    2568:	0001                	nop
    while (1)
    256a:	bffd                	j	2568 <enter_safe_state+0x10>

0000256c <safe_state_check_bootloop>:
    if (s_panic_counter >= BOOTLOOP_THRESHOLD)
    256c:	8541a703          	lw	a4,-1964(gp) # 200000d4 <s_panic_counter>
    2570:	4791                	li	a5,4
    2572:	00e7e963          	bltu	a5,a4,2584 <safe_state_check_bootloop+0x18>
    s_panic_counter++;
    2576:	85418713          	addi	a4,gp,-1964 # 200000d4 <s_panic_counter>
    257a:	431c                	lw	a5,0(a4)
    257c:	0785                	addi	a5,a5,1
    257e:	c31c                	sw	a5,0(a4)
}
    2580:	4505                	li	a0,1
    2582:	8082                	ret
{
    2584:	1141                	addi	sp,sp,-16
    2586:	c606                	sw	ra,12(sp)
        enter_safe_state("BOOTLOOP DETECTED > 5 — SYSTEM FROZEN");
    2588:	00006517          	auipc	a0,0x6
    258c:	6a850513          	addi	a0,a0,1704 # 8c30 <s_nodes+0x628>
    2590:	37e1                	jal	2558 <enter_safe_state>

00002592 <safe_state_nmi_emergency_stamp>:
}

/**
 * @brief NMI 紧急标记 (委托平台 IRAM 安全实现)
 */
void safe_state_nmi_emergency_stamp(void) { hal_platform_nmi_emergency_stamp(); }
    2592:	1141                	addi	sp,sp,-16
    2594:	c606                	sw	ra,12(sp)
    2596:	1ea010ef          	jal	ra,3780 <hal_platform_nmi_emergency_stamp>
    259a:	40b2                	lw	ra,12(sp)
    259c:	0141                	addi	sp,sp,16
    259e:	8082                	ret

000025a0 <interrupt_virtual_register>:
struct bottom_half_work g_i2s_bottom_half_work;

void interrupt_virtual_register(uint16_t virq_num, interrupt_top_half_t top_half,
                                struct bottom_half_work* work, void* arg)
{
    if (virq_num >= VIRTUAL_IRQ_MAX_BASE)
    25a0:	04700793          	li	a5,71
    25a4:	00a7eb63          	bltu	a5,a0,25ba <interrupt_virtual_register+0x1a>
        return;
    interrupt_virtual_top_half[virq_num] = top_half;
    25a8:	050a                	slli	a0,a0,0x2
    25aa:	90018793          	addi	a5,gp,-1792 # 20000180 <interrupt_virtual_top_half>
    25ae:	97aa                	add	a5,a5,a0
    25b0:	c38c                	sw	a1,0(a5)
    interrupt_virtual_bottom_half_work[virq_num] = work;
    25b2:	12c7a023          	sw	a2,288(a5)
    interrupt_virtual_arg[virq_num] = arg;
    25b6:	24d7a023          	sw	a3,576(a5)
}
    25ba:	8082                	ret

000025bc <interrupt_hw_enable>:
/* -------------------------------------------------------------------------- */
COMPAT_WEAK void interrupt_hw_enable(int irqn, uint32_t priority)
{
    COMPAT_UNUSED_PARAM(irqn);
    COMPAT_UNUSED_PARAM(priority);
}
    25bc:	8082                	ret

000025be <interrupt_hw_disable>:

COMPAT_WEAK void interrupt_hw_disable(int irqn) { COMPAT_UNUSED_PARAM(irqn); }
    25be:	8082                	ret

000025c0 <hal_virtual_adc_irq_callback>:
COMPAT_WEAK int hal_virtual_adc_irq_callback(void* arg, uint16_t irq_num)
{
    COMPAT_UNUSED_PARAM(arg);
    COMPAT_UNUSED_PARAM(irq_num);
    return MINI_IRQ_ENTRY_NOBOTTOM;
}
    25c0:	4501                	li	a0,0
    25c2:	8082                	ret

000025c4 <hal_virtual_i2s_irq_callback>:
COMPAT_WEAK int hal_virtual_i2s_irq_callback(void* arg, uint16_t irq_num)
{
    COMPAT_UNUSED_PARAM(arg);
    COMPAT_UNUSED_PARAM(irq_num);
    return MINI_IRQ_ENTRY_NOBOTTOM;
}
    25c4:	4501                	li	a0,0
    25c6:	8082                	ret

000025c8 <hal_virtual_spi_irq_callback>:
COMPAT_WEAK int hal_virtual_spi_irq_callback(void* arg, uint16_t irq_num)
{
    COMPAT_UNUSED_PARAM(arg);
    COMPAT_UNUSED_PARAM(irq_num);
    return MINI_IRQ_ENTRY_NOBOTTOM;
}
    25c8:	4501                	li	a0,0
    25ca:	8082                	ret

000025cc <hal_virtual_can_irq_callback>:
COMPAT_WEAK int hal_virtual_can_irq_callback(void* arg, uint16_t irq_num)
{
    COMPAT_UNUSED_PARAM(arg);
    COMPAT_UNUSED_PARAM(irq_num);
    return MINI_IRQ_ENTRY_NOBOTTOM;
}
    25cc:	4501                	li	a0,0
    25ce:	8082                	ret

000025d0 <hal_virtual_dac_irq_callback>:
COMPAT_WEAK int hal_virtual_dac_irq_callback(void* arg, uint16_t irq_num)
{
    COMPAT_UNUSED_PARAM(arg);
    COMPAT_UNUSED_PARAM(irq_num);
    return MINI_IRQ_ENTRY_NOBOTTOM;
}
    25d0:	4501                	li	a0,0
    25d2:	8082                	ret

000025d4 <hal_virtual_tim_irq_callback>:
COMPAT_WEAK int hal_virtual_tim_irq_callback(void* arg, uint16_t irq_num)
{
    COMPAT_UNUSED_PARAM(arg);
    COMPAT_UNUSED_PARAM(irq_num);
    return MINI_IRQ_ENTRY_NOBOTTOM;
}
    25d4:	4501                	li	a0,0
    25d6:	8082                	ret

000025d8 <hal_virtual_uart_irq_callback>:
COMPAT_WEAK int hal_virtual_uart_irq_callback(void* arg, uint16_t irq_num)
{
    COMPAT_UNUSED_PARAM(arg);
    COMPAT_UNUSED_PARAM(irq_num);
    return MINI_IRQ_ENTRY_NOBOTTOM;
}
    25d8:	4501                	li	a0,0
    25da:	8082                	ret

000025dc <hal_adc_dma_bottom_half_handler>:

COMPAT_WEAK void hal_adc_dma_bottom_half_handler(void* arg) { COMPAT_UNUSED_PARAM(arg); }
    25dc:	8082                	ret

000025de <hal_i2s_dma_bottom_half_handler>:

COMPAT_WEAK void hal_i2s_dma_bottom_half_handler(void* arg) { COMPAT_UNUSED_PARAM(arg); }
    25de:	8082                	ret

000025e0 <bottom_half_run_pending>:
/* -------------------------------------------------------------------------- */
/*                              下半部核心非 inline 实现 */
/* -------------------------------------------------------------------------- */
void bottom_half_run_pending(struct fifo_spsc* fifo)
{
    if (!fifo || bottom_half_in_isr())
    25e0:	c545                	beqz	a0,2688 <bottom_half_run_pending+0xa8>
{
    25e2:	7179                	addi	sp,sp,-48
    25e4:	d606                	sw	ra,44(sp)
    25e6:	d422                	sw	s0,40(sp)
    25e8:	d226                	sw	s1,36(sp)
    25ea:	d04a                	sw	s2,32(sp)
    25ec:	ce4e                	sw	s3,28(sp)
    25ee:	84aa                	mv	s1,a0
                         "BOTTOM_HALF_QUEUE_DEPTH must be a power of two >= 2");

    /**
     * @brief 判断当前是否在中断上下文
     */
    COMPAT_STATIC_INLINE bool bottom_half_in_isr(void) { return osal_in_isr() != 0; }
    25f0:	77e000ef          	jal	ra,2d6e <osal_in_isr>
    if (!fifo || bottom_half_in_isr())
    25f4:	e159                	bnez	a0,267a <bottom_half_run_pending+0x9a>
        return;

    fifo_data_type elem;
    while (fifo_read_data(fifo, &elem) == BUFF_OK)
    25f6:	006c                	addi	a1,sp,12
    25f8:	8526                	mv	a0,s1
    25fa:	58e020ef          	jal	ra,4b88 <fifo_read_data>
    25fe:	ed35                	bnez	a0,267a <bottom_half_run_pending+0x9a>
    {
        struct bottom_half_work* work = (struct bottom_half_work*)(uintptr_t)elem;
    2600:	4432                	lw	s0,12(sp)

        COMPAT_ATOMIC_STORE(&work->executing, true, COMPAT_MO_RELEASE);
    2602:	00940993          	addi	s3,s0,9
    2606:	0ff0000f          	fence
    260a:	4785                	li	a5,1
    260c:	00f404a3          	sb	a5,9(s0)
        work->fn(work->arg);
    2610:	401c                	lw	a5,0(s0)
    2612:	4048                	lw	a0,4(s0)
    2614:	9782                	jalr	a5
        COMPAT_ATOMIC_STORE(&work->executing, false, COMPAT_MO_RELEASE);
    2616:	0ff0000f          	fence
    261a:	000404a3          	sb	zero,9(s0)

        COMPAT_ATOMIC_STORE(&work->pending, false, COMPAT_MO_RELEASE);
    261e:	00840913          	addi	s2,s0,8
    2622:	0ff0000f          	fence
    2626:	00040423          	sb	zero,8(s0)

        while (COMPAT_ATOMIC_EXCHANGE(&work->rerun, false, COMPAT_MO_ACQ_REL))
    262a:	4611                	li	a2,4
    262c:	4581                	li	a1,0
    262e:	00a40513          	addi	a0,s0,10
    2632:	9beff0ef          	jal	ra,17f0 <__atomic_exchange_1>
    2636:	d161                	beqz	a0,25f6 <bottom_half_run_pending+0x16>
     * @return MINI_OK 成功; MINI_ERR_NOSPC 队列满
     */
    COMPAT_STATIC_INLINE int bottom_half_submit_rerun(struct fifo_spsc* fifo,
                                                      struct bottom_half_work* work)
    {
        bool expected = false;
    2638:	000105a3          	sb	zero,11(sp)

        if (!COMPAT_ATOMIC_CAS(&work->pending, &expected, true, COMPAT_MO_ACQ_REL,
    263c:	4701                	li	a4,0
    263e:	4691                	li	a3,4
    2640:	4605                	li	a2,1
    2642:	00b10593          	addi	a1,sp,11
    2646:	854a                	mv	a0,s2
    2648:	9c0ff0ef          	jal	ra,1808 <__atomic_compare_exchange_1>
    264c:	d54d                	beqz	a0,25f6 <bottom_half_run_pending+0x16>
                               COMPAT_MO_RELAXED))
            return MINI_OK;

        if (fifo_write_data(fifo, (fifo_data_type)(uintptr_t)work) == BUFF_OK)
    264e:	85a2                	mv	a1,s0
    2650:	8526                	mv	a0,s1
    2652:	412020ef          	jal	ra,4a64 <fifo_write_data>
    2656:	d145                	beqz	a0,25f6 <bottom_half_run_pending+0x16>
            return MINI_OK;

        COMPAT_ATOMIC_STORE(&work->pending, false, COMPAT_MO_RELEASE);
    2658:	0ff0000f          	fence
    265c:	00090023          	sb	zero,0(s2)
        {
            if (bottom_half_submit_rerun(fifo, work) == MINI_OK)
                break;
            COMPAT_ATOMIC_STORE(&work->executing, true, COMPAT_MO_RELEASE);
    2660:	0ff0000f          	fence
    2664:	4785                	li	a5,1
    2666:	00f98023          	sb	a5,0(s3)
            work->fn(work->arg);
    266a:	401c                	lw	a5,0(s0)
    266c:	4048                	lw	a0,4(s0)
    266e:	9782                	jalr	a5
            COMPAT_ATOMIC_STORE(&work->executing, false, COMPAT_MO_RELEASE);
    2670:	0ff0000f          	fence
    2674:	00098023          	sb	zero,0(s3)
    2678:	bf4d                	j	262a <bottom_half_run_pending+0x4a>
        }
    }
}
    267a:	50b2                	lw	ra,44(sp)
    267c:	5422                	lw	s0,40(sp)
    267e:	5492                	lw	s1,36(sp)
    2680:	5902                	lw	s2,32(sp)
    2682:	49f2                	lw	s3,28(sp)
    2684:	6145                	addi	sp,sp,48
    2686:	8082                	ret
    2688:	8082                	ret

0000268a <bottom_half_poller_run>:

void bottom_half_poller_run(struct bottom_half_poller* poller)
{
    if (!poller || !poller->pending_drain || bottom_half_in_isr())
    268a:	c515                	beqz	a0,26b6 <bottom_half_poller_run+0x2c>
{
    268c:	1141                	addi	sp,sp,-16
    268e:	c606                	sw	ra,12(sp)
    2690:	c422                	sw	s0,8(sp)
    2692:	842a                	mv	s0,a0
    if (!poller || !poller->pending_drain || bottom_half_in_isr())
    2694:	10054783          	lbu	a5,256(a0)
    2698:	0ff7f793          	zext.b	a5,a5
    269c:	e789                	bnez	a5,26a6 <bottom_half_poller_run+0x1c>
        return;

    poller->pending_drain = false;
    bottom_half_run_pending(&poller->fifo);
}
    269e:	40b2                	lw	ra,12(sp)
    26a0:	4422                	lw	s0,8(sp)
    26a2:	0141                	addi	sp,sp,16
    26a4:	8082                	ret
    COMPAT_STATIC_INLINE bool bottom_half_in_isr(void) { return osal_in_isr() != 0; }
    26a6:	6c8000ef          	jal	ra,2d6e <osal_in_isr>
    if (!poller || !poller->pending_drain || bottom_half_in_isr())
    26aa:	f975                	bnez	a0,269e <bottom_half_poller_run+0x14>
    poller->pending_drain = false;
    26ac:	10040023          	sb	zero,256(s0)
    bottom_half_run_pending(&poller->fifo);
    26b0:	8522                	mv	a0,s0
    26b2:	373d                	jal	25e0 <bottom_half_run_pending>
    26b4:	b7ed                	j	269e <bottom_half_poller_run+0x14>
    26b6:	8082                	ret

000026b8 <interrupt_bottom_half_pool_init>:
/* -------------------------------------------------------------------------- */
static struct bottom_half_poller s_global_poller;

/** 全局下半部轮询器初始化 (pre_execution 阶段) */
pre_execution(PRE_EXEC_PRIO_IRQ_BOTTOM) static void interrupt_bottom_half_pool_init(void)
{
    26b8:	1141                	addi	sp,sp,-16
    26ba:	c606                	sw	ra,12(sp)
     */
    COMPAT_STATIC_INLINE void bottom_half_poller_init(struct bottom_half_poller* poller)
    {
        if (!poller)
            return;
        COMPAT_IGNORE_RESULT(fifo_init(&poller->fifo, poller->ring, BOTTOM_HALF_QUEUE_DEPTH));
    26bc:	4641                	li	a2,16
    26be:	d4018593          	addi	a1,gp,-704 # 200005c0 <s_global_poller+0xc0>
    26c2:	c8018513          	addi	a0,gp,-896 # 20000500 <s_global_poller>
    26c6:	360020ef          	jal	ra,4a26 <fifo_init>
        poller->pending_drain = false;
    26ca:	d8018023          	sb	zero,-640(gp) # 20000600 <s_global_poller+0x100>
    bottom_half_poller_init(&s_global_poller);
}
    26ce:	40b2                	lw	ra,12(sp)
    26d0:	0141                	addi	sp,sp,16
    26d2:	8082                	ret

000026d4 <interrupt_bottom_half_init>:

void interrupt_bottom_half_init(void) { bottom_half_poller_init(&s_global_poller); }
    26d4:	1141                	addi	sp,sp,-16
    26d6:	c606                	sw	ra,12(sp)
        COMPAT_IGNORE_RESULT(fifo_init(&poller->fifo, poller->ring, BOTTOM_HALF_QUEUE_DEPTH));
    26d8:	4641                	li	a2,16
    26da:	d4018593          	addi	a1,gp,-704 # 200005c0 <s_global_poller+0xc0>
    26de:	c8018513          	addi	a0,gp,-896 # 20000500 <s_global_poller>
    26e2:	344020ef          	jal	ra,4a26 <fifo_init>
        poller->pending_drain = false;
    26e6:	d8018023          	sb	zero,-640(gp) # 20000600 <s_global_poller+0x100>
    26ea:	40b2                	lw	ra,12(sp)
    26ec:	0141                	addi	sp,sp,16
    26ee:	8082                	ret

000026f0 <interrupt_bottom_half_submit>:

int interrupt_bottom_half_submit(struct bottom_half_work* work)
{
    26f0:	1101                	addi	sp,sp,-32
    26f2:	ce06                	sw	ra,28(sp)
    26f4:	cc22                	sw	s0,24(sp)
        bool expected = false;
    26f6:	000107a3          	sb	zero,15(sp)
        if (!fifo || !work || !work->fn)
    26fa:	c125                	beqz	a0,275a <interrupt_bottom_half_submit+0x6a>
    26fc:	842a                	mv	s0,a0
    26fe:	411c                	lw	a5,0(a0)
    2700:	cbb9                	beqz	a5,2756 <interrupt_bottom_half_submit+0x66>
        if (!COMPAT_ATOMIC_CAS(&work->pending, &expected, true, COMPAT_MO_ACQ_REL,
    2702:	4701                	li	a4,0
    2704:	4691                	li	a3,4
    2706:	4605                	li	a2,1
    2708:	00f10593          	addi	a1,sp,15
    270c:	0521                	addi	a0,a0,8
    270e:	8faff0ef          	jal	ra,1808 <__atomic_compare_exchange_1>
    2712:	cd19                	beqz	a0,2730 <interrupt_bottom_half_submit+0x40>
        if (fifo_write_data(fifo, (fifo_data_type)(uintptr_t)work) != BUFF_OK)
    2714:	85a2                	mv	a1,s0
    2716:	c8018513          	addi	a0,gp,-896 # 20000500 <s_global_poller>
    271a:	34a020ef          	jal	ra,4a64 <fifo_write_data>
    271e:	e515                	bnez	a0,274a <interrupt_bottom_half_submit+0x5a>
        if (!poller)
            return MINI_ERR_INVAL;

        int ret = bottom_half_submit_from_isr(&poller->fifo, work);
        if (ret == MINI_OK)
            poller->pending_drain = true;
    2720:	4785                	li	a5,1
    2722:	d8f18023          	sb	a5,-640(gp) # 20000600 <s_global_poller+0x100>
    2726:	4501                	li	a0,0
    return bottom_half_poller_submit(&s_global_poller, work);
}
    2728:	40f2                	lw	ra,28(sp)
    272a:	4462                	lw	s0,24(sp)
    272c:	6105                	addi	sp,sp,32
    272e:	8082                	ret
            if (COMPAT_ATOMIC_LOAD(&work->executing, COMPAT_MO_ACQUIRE))
    2730:	00944783          	lbu	a5,9(s0)
    2734:	0ff0000f          	fence
    2738:	0ff7f793          	zext.b	a5,a5
    273c:	d3f5                	beqz	a5,2720 <interrupt_bottom_half_submit+0x30>
                COMPAT_ATOMIC_STORE(&work->rerun, true, COMPAT_MO_RELEASE);
    273e:	0ff0000f          	fence
    2742:	4785                	li	a5,1
    2744:	00f40523          	sb	a5,10(s0)
        if (ret == MINI_OK)
    2748:	bfe1                	j	2720 <interrupt_bottom_half_submit+0x30>
            COMPAT_ATOMIC_STORE(&work->pending, false, COMPAT_MO_RELEASE);
    274a:	0ff0000f          	fence
    274e:	00040423          	sb	zero,8(s0)
            return MINI_ERR_NOSPC;
    2752:	5511                	li	a0,-28
    2754:	bfd1                	j	2728 <interrupt_bottom_half_submit+0x38>
            return MINI_ERR_INVAL;
    2756:	5529                	li	a0,-22
    2758:	bfc1                	j	2728 <interrupt_bottom_half_submit+0x38>
    275a:	5529                	li	a0,-22
    275c:	b7f1                	j	2728 <interrupt_bottom_half_submit+0x38>

0000275e <interrupt_virtual_dispatch>:
    if (virq_num >= VIRTUAL_IRQ_MAX_BASE)
    275e:	04700793          	li	a5,71
    2762:	02a7ee63          	bltu	a5,a0,279e <interrupt_virtual_dispatch+0x40>
{
    2766:	1141                	addi	sp,sp,-16
    2768:	c606                	sw	ra,12(sp)
    276a:	c422                	sw	s0,8(sp)
    276c:	85aa                	mv	a1,a0
    interrupt_top_half_t top = interrupt_virtual_top_half[virq_num];
    276e:	00251713          	slli	a4,a0,0x2
    2772:	90018793          	addi	a5,gp,-1792 # 20000180 <interrupt_virtual_top_half>
    2776:	97ba                	add	a5,a5,a4
    2778:	4398                	lw	a4,0(a5)
    struct bottom_half_work* work = interrupt_virtual_bottom_half_work[virq_num];
    277a:	1207a403          	lw	s0,288(a5)
    void* arg = interrupt_virtual_arg[virq_num];
    277e:	2407a503          	lw	a0,576(a5)
    if (top)
    2782:	cb11                	beqz	a4,2796 <interrupt_virtual_dispatch+0x38>
        int need_bottom_half = top(arg, virq_num);
    2784:	9702                	jalr	a4
        if (need_bottom_half && work)
    2786:	c501                	beqz	a0,278e <interrupt_virtual_dispatch+0x30>
    2788:	c019                	beqz	s0,278e <interrupt_virtual_dispatch+0x30>
            COMPAT_IGNORE_RESULT(interrupt_bottom_half_submit(work));
    278a:	8522                	mv	a0,s0
    278c:	3795                	jal	26f0 <interrupt_bottom_half_submit>
}
    278e:	40b2                	lw	ra,12(sp)
    2790:	4422                	lw	s0,8(sp)
    2792:	0141                	addi	sp,sp,16
    2794:	8082                	ret
    else if (work)
    2796:	dc65                	beqz	s0,278e <interrupt_virtual_dispatch+0x30>
        COMPAT_IGNORE_RESULT(interrupt_bottom_half_submit(work));
    2798:	8522                	mv	a0,s0
    279a:	3f99                	jal	26f0 <interrupt_bottom_half_submit>
    279c:	bfcd                	j	278e <interrupt_virtual_dispatch+0x30>
    279e:	8082                	ret

000027a0 <interrupt_bottom_half_poll>:

void interrupt_bottom_half_poll(void) { bottom_half_poller_run(&s_global_poller); }
    27a0:	1141                	addi	sp,sp,-16
    27a2:	c606                	sw	ra,12(sp)
    27a4:	c8018513          	addi	a0,gp,-896 # 20000500 <s_global_poller>
    27a8:	35cd                	jal	268a <bottom_half_poller_run>
    27aa:	40b2                	lw	ra,12(sp)
    27ac:	0141                	addi	sp,sp,16
    27ae:	8082                	ret

000027b0 <prio_group>:
/**
 * @brief 计算优先级所在组
 * @param[in] priority 优先级
 * @return 组号
 */
static uint32_t prio_group(uint32_t priority) { return priority / X_PREEMPT_PRIO_PER_GROUP; }
    27b0:	810d                	srli	a0,a0,0x3
    27b2:	8082                	ret

000027b4 <ready_insert>:
/**
 * @brief 就绪链表: 组内按优先级降序插入
 * @param[in] t 任务
 */
static void ready_insert(struct x_preempt_task* task)
{
    27b4:	1141                	addi	sp,sp,-16
    27b6:	c606                	sw	ra,12(sp)
    27b8:	c422                	sw	s0,8(sp)
    27ba:	c226                	sw	s1,4(sp)
    27bc:	84aa                	mv	s1,a0
    uint32_t group = prio_group(task->priority);
    27be:	02054403          	lbu	s0,32(a0)
    27c2:	8522                	mv	a0,s0
    27c4:	37f5                	jal	27b0 <prio_group>
    list_node* head = &s_priv.ready_head[group];
    27c6:	00351713          	slli	a4,a0,0x3
    27ca:	dd818793          	addi	a5,gp,-552 # 20000658 <s_priv>
    27ce:	97ba                	add	a5,a5,a4
    27d0:	00878693          	addi	a3,a5,8
    list_node* pos = head->next;
    27d4:	479c                	lw	a5,8(a5)

    while (pos != head)
    27d6:	a011                	j	27da <ready_insert+0x26>
    {
        struct x_preempt_task* cur = container_of(pos, struct x_preempt_task, ready_node);
        if (cur->priority <= task->priority)
            break;
        pos = pos->next;
    27d8:	439c                	lw	a5,0(a5)
    while (pos != head)
    27da:	00d78663          	beq	a5,a3,27e6 <ready_insert+0x32>
        if (cur->priority <= task->priority)
    27de:	ffc7c703          	lbu	a4,-4(a5)
    27e2:	fee46be3          	bltu	s0,a4,27d8 <ready_insert+0x24>
    }
    list_add(&task->ready_node, pos, pos->prev);
    27e6:	02448693          	addi	a3,s1,36
    27ea:	43d8                	lw	a4,4(a5)
     * @param[in] next 后继
     * @param[in] prev 前驱
     */
    COMPAT_STATIC_INLINE int list_add(list_node* new_node, list_node* next, list_node* prev)
    {
        next->prev = new_node;
    27ec:	c3d4                	sw	a3,4(a5)
        new_node->prev = prev;
    27ee:	d498                	sw	a4,40(s1)
        new_node->next = next;
    27f0:	d0dc                	sw	a5,36(s1)
        prev->next = new_node;
    27f2:	c314                	sw	a3,0(a4)
    s_priv.group_bitmap |= (1u << group);
    27f4:	dd818693          	addi	a3,gp,-552 # 20000658 <s_priv>
    27f8:	42dc                	lw	a5,4(a3)
    27fa:	4705                	li	a4,1
    27fc:	00a71733          	sll	a4,a4,a0
    2800:	8fd9                	or	a5,a5,a4
    2802:	c2dc                	sw	a5,4(a3)
}
    2804:	40b2                	lw	ra,12(sp)
    2806:	4422                	lw	s0,8(sp)
    2808:	4492                	lw	s1,4(sp)
    280a:	0141                	addi	sp,sp,16
    280c:	8082                	ret

0000280e <ready_remove>:
/**
 * @brief 就绪链表: 摘下任务, 组空则清位图
 * @param[in] t 任务
 */
static void ready_remove(struct x_preempt_task* task)
{
    280e:	1141                	addi	sp,sp,-16
    2810:	c606                	sw	ra,12(sp)
    2812:	c422                	sw	s0,8(sp)
    2814:	842a                	mv	s0,a0
    uint32_t group = prio_group(task->priority);
    2816:	02054503          	lbu	a0,32(a0)
    281a:	3f59                	jal	27b0 <prio_group>
    list_del(&task->ready_node);
    281c:	02440793          	addi	a5,s0,36
     * @brief 从链表摘下节点 (自我删除)
     * @param[in] node 节点
     */
    COMPAT_STATIC_INLINE void list_del(list_node* node)
    {
        node->prev->next = node->next;
    2820:	5414                	lw	a3,40(s0)
    2822:	5058                	lw	a4,36(s0)
    2824:	c298                	sw	a4,0(a3)
        node->next->prev = node->prev;
    2826:	5414                	lw	a3,40(s0)
    2828:	c354                	sw	a3,4(a4)
        node->next = node;
    282a:	d05c                	sw	a5,36(s0)
        node->prev = node;
    282c:	d41c                	sw	a5,40(s0)
    if (list_empty(&s_priv.ready_head[group]))
    282e:	00351713          	slli	a4,a0,0x3
    2832:	dd818793          	addi	a5,gp,-552 # 20000658 <s_priv>
    2836:	97ba                	add	a5,a5,a4
    2838:	00878713          	addi	a4,a5,8
    /**
     * @brief 链表是否为空
     * @param[in] head 链表头
     * @return true 空; false 非空
     */
    COMPAT_STATIC_INLINE bool list_empty(const list_node* head) { return head->next == head; }
    283c:	479c                	lw	a5,8(a5)
    283e:	00f70663          	beq	a4,a5,284a <ready_remove+0x3c>
        s_priv.group_bitmap &= ~(1u << group);
}
    2842:	40b2                	lw	ra,12(sp)
    2844:	4422                	lw	s0,8(sp)
    2846:	0141                	addi	sp,sp,16
    2848:	8082                	ret
        s_priv.group_bitmap &= ~(1u << group);
    284a:	dd818693          	addi	a3,gp,-552 # 20000658 <s_priv>
    284e:	42d8                	lw	a4,4(a3)
    2850:	4785                	li	a5,1
    2852:	00a797b3          	sll	a5,a5,a0
    2856:	fff7c793          	not	a5,a5
    285a:	8ff9                	and	a5,a5,a4
    285c:	c2dc                	sw	a5,4(a3)
}
    285e:	b7d5                	j	2842 <ready_remove+0x34>

00002860 <sleep_insert>:
 * @param[in] t 任务
 */
static void sleep_insert(struct x_preempt_task* task)
{
    list_node* head = &s_priv.sleep_head;
    list_node* pos = head->next;
    2860:	e001a783          	lw	a5,-512(gp) # 20000680 <s_priv+0x28>

    while (pos != head)
    2864:	a011                	j	2868 <sleep_insert+0x8>
    {
        struct x_preempt_task* cur = container_of(pos, struct x_preempt_task, sleep_node);
        if (COMPAT_ATOMIC_LOAD(&cur->task.next_running, COMPAT_MO_RELAXED) >
            COMPAT_ATOMIC_LOAD(&task->task.next_running, COMPAT_MO_RELAXED))
            break;
        pos = pos->next;
    2866:	439c                	lw	a5,0(a5)
    while (pos != head)
    2868:	e0018713          	addi	a4,gp,-512 # 20000680 <s_priv+0x28>
    286c:	00e78763          	beq	a5,a4,287a <sleep_insert+0x1a>
        if (COMPAT_ATOMIC_LOAD(&cur->task.next_running, COMPAT_MO_RELAXED) >
    2870:	fe07a683          	lw	a3,-32(a5)
            COMPAT_ATOMIC_LOAD(&task->task.next_running, COMPAT_MO_RELAXED))
    2874:	4558                	lw	a4,12(a0)
        if (COMPAT_ATOMIC_LOAD(&cur->task.next_running, COMPAT_MO_RELAXED) >
    2876:	fed778e3          	bgeu	a4,a3,2866 <sleep_insert+0x6>
    }
    list_add(&task->sleep_node, pos, pos->prev);
    287a:	02c50693          	addi	a3,a0,44
    287e:	43d8                	lw	a4,4(a5)
        next->prev = new_node;
    2880:	c3d4                	sw	a3,4(a5)
        new_node->prev = prev;
    2882:	d918                	sw	a4,48(a0)
        new_node->next = next;
    2884:	d55c                	sw	a5,44(a0)
        prev->next = new_node;
    2886:	c314                	sw	a3,0(a4)
}
    2888:	8082                	ret

0000288a <wakeup_due>:
    COMPAT_STATIC_INLINE bool list_empty(const list_node* head) { return head->next == head; }
    288a:	e001a783          	lw	a5,-512(gp) # 20000680 <s_priv+0x28>
}

/** 唤醒所有到期任务: 休眠表头 → 就绪链表 */
static void wakeup_due(void)
{
    while (!list_empty(&s_priv.sleep_head))
    288e:	e0018713          	addi	a4,gp,-512 # 20000680 <s_priv+0x28>
    2892:	04e78763          	beq	a5,a4,28e0 <wakeup_due+0x56>
    {
        struct x_preempt_task* task =
            container_of(s_priv.sleep_head.next, struct x_preempt_task, sleep_node);
    2896:	fd478513          	addi	a0,a5,-44
        if ((int32_t)(COMPAT_ATOMIC_LOAD(&task->task.next_running, COMPAT_MO_RELAXED) -
    289a:	fe07a703          	lw	a4,-32(a5)
                      s_priv.tick_count) > 0)
    289e:	dd81a683          	lw	a3,-552(gp) # 20000658 <s_priv>
        if ((int32_t)(COMPAT_ATOMIC_LOAD(&task->task.next_running, COMPAT_MO_RELAXED) -
    28a2:	8f15                	sub	a4,a4,a3
    28a4:	02e04f63          	bgtz	a4,28e2 <wakeup_due+0x58>
{
    28a8:	1141                	addi	sp,sp,-16
    28aa:	c606                	sw	ra,12(sp)
        node->prev->next = node->next;
    28ac:	43d4                	lw	a3,4(a5)
    28ae:	4398                	lw	a4,0(a5)
    28b0:	c298                	sw	a4,0(a3)
        node->next->prev = node->prev;
    28b2:	43d4                	lw	a3,4(a5)
    28b4:	c354                	sw	a3,4(a4)
        node->next = node;
    28b6:	c39c                	sw	a5,0(a5)
        node->prev = node;
    28b8:	c3dc                	sw	a5,4(a5)
            break; /* 表头未到期, 有序性保证后续全未到期 */
        list_del(&task->sleep_node);
        ready_insert(task);
    28ba:	3ded                	jal	27b4 <ready_insert>
    COMPAT_STATIC_INLINE bool list_empty(const list_node* head) { return head->next == head; }
    28bc:	e001a783          	lw	a5,-512(gp) # 20000680 <s_priv+0x28>
    while (!list_empty(&s_priv.sleep_head))
    28c0:	e0018713          	addi	a4,gp,-512 # 20000680 <s_priv+0x28>
    28c4:	00e78b63          	beq	a5,a4,28da <wakeup_due+0x50>
            container_of(s_priv.sleep_head.next, struct x_preempt_task, sleep_node);
    28c8:	fd478513          	addi	a0,a5,-44
        if ((int32_t)(COMPAT_ATOMIC_LOAD(&task->task.next_running, COMPAT_MO_RELAXED) -
    28cc:	fe07a703          	lw	a4,-32(a5)
                      s_priv.tick_count) > 0)
    28d0:	dd81a683          	lw	a3,-552(gp) # 20000658 <s_priv>
        if ((int32_t)(COMPAT_ATOMIC_LOAD(&task->task.next_running, COMPAT_MO_RELAXED) -
    28d4:	8f15                	sub	a4,a4,a3
    28d6:	fce05be3          	blez	a4,28ac <wakeup_due+0x22>
    }
}
    28da:	40b2                	lw	ra,12(sp)
    28dc:	0141                	addi	sp,sp,16
    28de:	8082                	ret
    28e0:	8082                	ret
    28e2:	8082                	ret

000028e4 <ready_highest>:
    if (s_priv.group_bitmap == 0)
    28e4:	ddc1a503          	lw	a0,-548(gp) # 2000065c <s_priv+0x4>
    28e8:	c50d                	beqz	a0,2912 <ready_highest+0x2e>
{
    28ea:	1141                	addi	sp,sp,-16
    28ec:	c606                	sw	ra,12(sp)
#else
COMPAT_STATIC_INLINE COMPAT_CONST_FUNC uint32_t COMPAT_CLZ(uint32_t x)
{
    if (x == 0U)
        return 32U;
    return (uint32_t)__builtin_clz(x);
    28ee:	1fb040ef          	jal	ra,72e8 <__clzsi2>
    uint32_t group_index = 31u - COMPAT_CLZ(s_priv.group_bitmap);
    28f2:	47fd                	li	a5,31
    28f4:	8f89                	sub	a5,a5,a0
    list_node* head = &s_priv.ready_head[group_index];
    28f6:	078e                	slli	a5,a5,0x3
    28f8:	dd818713          	addi	a4,gp,-552 # 20000658 <s_priv>
    28fc:	97ba                	add	a5,a5,a4
    28fe:	00878713          	addi	a4,a5,8
    2902:	4788                	lw	a0,8(a5)
    if (list_empty(head))
    2904:	00a70963          	beq	a4,a0,2916 <ready_highest+0x32>
    return container_of(head->next, struct x_preempt_task, ready_node);
    2908:	fdc50513          	addi	a0,a0,-36
}
    290c:	40b2                	lw	ra,12(sp)
    290e:	0141                	addi	sp,sp,16
    2910:	8082                	ret
        return NULL;
    2912:	4501                	li	a0,0
}
    2914:	8082                	ret
        return NULL;
    2916:	4501                	li	a0,0
    2918:	bfd5                	j	290c <ready_highest+0x28>

0000291a <x_scheduler_now>:
uint32_t x_scheduler_now(void) { return s_priv.tick_count; }
    291a:	dd81a503          	lw	a0,-552(gp) # 20000658 <s_priv>
    291e:	8082                	ret

00002920 <x_scheduler_current>:
x_task* x_scheduler_current(void) { return s_current_task; }
    2920:	8581a503          	lw	a0,-1960(gp) # 200000d8 <s_current_task>
    2924:	8082                	ret

00002926 <xscheduler_early_init>:
/* -------------------------------------------------------------------------- */

pre_execution(PRE_EXEC_PRIO_SCHEDULER) static void xscheduler_early_init(void)
{
    uint32_t group;
    for (group = 0; group < X_PREEMPT_PRIO_GROUP; group++)
    2926:	4701                	li	a4,0
    2928:	a819                	j	293e <xscheduler_early_init+0x18>
        list_init(&s_priv.ready_head[group]);
    292a:	00371693          	slli	a3,a4,0x3
    292e:	dd818793          	addi	a5,gp,-552 # 20000658 <s_priv>
    2932:	97b6                	add	a5,a5,a3
    2934:	00878693          	addi	a3,a5,8
        node->next = node;
    2938:	c794                	sw	a3,8(a5)
        node->prev = node;
    293a:	c7d4                	sw	a3,12(a5)
    for (group = 0; group < X_PREEMPT_PRIO_GROUP; group++)
    293c:	0705                	addi	a4,a4,1
    293e:	478d                	li	a5,3
    2940:	fee7f5e3          	bgeu	a5,a4,292a <xscheduler_early_init+0x4>
        node->next = node;
    2944:	dd818793          	addi	a5,gp,-552 # 20000658 <s_priv>
    2948:	e0018713          	addi	a4,gp,-512 # 20000680 <s_priv+0x28>
    294c:	d798                	sw	a4,40(a5)
        node->prev = node;
    294e:	d7d8                	sw	a4,44(a5)
    list_init(&s_priv.sleep_head);
    s_priv.tick_count = 0;
    2950:	0007a023          	sw	zero,0(a5)
    s_priv.group_bitmap = 0;
    2954:	0007a223          	sw	zero,4(a5)
    s_priv.tim = NULL;
    2958:	0207a823          	sw	zero,48(a5)
    s_priv.tick_period = 0;
    295c:	0207aa23          	sw	zero,52(a5)
    s_priv.tick_delay = 1;
    2960:	4705                	li	a4,1
    2962:	df98                	sw	a4,56(a5)
    s_priv.oneshot_ticks = 1;
    2964:	dfd8                	sw	a4,60(a5)
    s_priv.systick_active = false;
    2966:	04078023          	sb	zero,64(a5)
}
    296a:	8082                	ret

0000296c <xscheduler_start>:
 *        - 未配 chosen → 默认 SysTick (Cortex-M 架构标准件; 非 ARM 返回 NOTSUPP)
 * @note  SysTick 路径下 s_priv.tim 置 NULL, idle_wfi 的精确休眠退化为等 SysTick 中断
 *        (固定周期, 无需软件改 ARR)。
 */
void xscheduler_start(void)
{
    296c:	1141                	addi	sp,sp,-16
    296e:	c606                	sw	ra,12(sp)
        }
    }
#endif

    /* ② 没配 chosen (或打开失败) → 默认 SysTick (仅 Cortex-M 存在; 非 ARM 返回 NOTSUPP) */
    if (hal_systick_init(DTC_GEN_TICK_RATE_HZ) == MINI_OK)
    2970:	3e800513          	li	a0,1000
    2974:	60f000ef          	jal	ra,3782 <hal_systick_init>
    2978:	c501                	beqz	a0,2980 <xscheduler_start+0x14>
        /* 每 SysTick 中断推进 ms = 1000 / tick-rate; 亚毫秒 tick-rate 按 1ms 兜底 */
        int delay = 1000 / DTC_GEN_TICK_RATE_HZ;
        s_priv.tick_delay = (delay >= 1) ? delay : 1;
        return;
    }
}
    297a:	40b2                	lw	ra,12(sp)
    297c:	0141                	addi	sp,sp,16
    297e:	8082                	ret
        s_priv.tim = NULL; /* SysTick 路径: 不占用通用 TIM */
    2980:	dd818793          	addi	a5,gp,-552 # 20000658 <s_priv>
    2984:	0207a823          	sw	zero,48(a5)
        s_priv.systick_active = true;
    2988:	4705                	li	a4,1
    298a:	04e78023          	sb	a4,64(a5)
        s_priv.tick_delay = (delay >= 1) ? delay : 1;
    298e:	df98                	sw	a4,56(a5)
        return;
    2990:	b7ed                	j	297a <xscheduler_start+0xe>

00002992 <x_scheduler_task_create>:
 */
x_task_handle_t x_scheduler_task_create(const char* name, uint32_t period_ms, uint32_t priority,
                                        void (*cb)(x_task*), void* param)
{
    COMPAT_IGNORE_RESULT(param);
    if (!cb || !name || priority >= X_PREEMPT_PRIO_LEVELS)
    2992:	c2c5                	beqz	a3,2a32 <x_scheduler_task_create+0xa0>
    2994:	c14d                	beqz	a0,2a36 <x_scheduler_task_create+0xa4>
    2996:	47fd                	li	a5,31
    2998:	0ac7e163          	bltu	a5,a2,2a3a <x_scheduler_task_create+0xa8>
        return 0;

    /* 从任务池找空闲槽 */
    struct x_preempt_task* slot = NULL;
    for (uint32_t index = 0; index < CONFIG_X_PREEMPT_MAX_TASKS; index++)
    299c:	4781                	li	a5,0
    299e:	471d                	li	a4,7
    29a0:	08f76463          	bltu	a4,a5,2a28 <x_scheduler_task_create+0x96>
    {
        if (s_priv.task[index].task.name == NULL)
    29a4:	03400813          	li	a6,52
    29a8:	03078833          	mul	a6,a5,a6
    29ac:	dd818713          	addi	a4,gp,-552 # 20000658 <s_priv>
    29b0:	9742                	add	a4,a4,a6
    29b2:	4378                	lw	a4,68(a4)
    29b4:	c319                	beqz	a4,29ba <x_scheduler_task_create+0x28>
    for (uint32_t index = 0; index < CONFIG_X_PREEMPT_MAX_TASKS; index++)
    29b6:	0785                	addi	a5,a5,1
    29b8:	b7dd                	j	299e <x_scheduler_task_create+0xc>
{
    29ba:	1141                	addi	sp,sp,-16
    29bc:	c606                	sw	ra,12(sp)
    29be:	c422                	sw	s0,8(sp)
    29c0:	c226                	sw	s1,4(sp)
        {
            slot = &s_priv.task[index];
    29c2:	dd818713          	addi	a4,gp,-552 # 20000658 <s_priv>
    29c6:	03400813          	li	a6,52
    29ca:	030787b3          	mul	a5,a5,a6
    29ce:	04078793          	addi	a5,a5,64
    29d2:	97ba                	add	a5,a5,a4
    29d4:	00478413          	addi	s0,a5,4
    }
    if (!slot)
        return 0;

    x_task* task = &slot->task;
    task->name = name;
    29d8:	c3c8                	sw	a0,4(a5)
    task->xTask_cb = cb;
    29da:	c054                	sw	a3,4(s0)
    slot->priority = (uint8_t)priority;
    29dc:	02c40023          	sb	a2,32(s0)
    COMPAT_ATOMIC_STORE(&task->next_running, s_priv.tick_count + period_ms, COMPAT_MO_RELAXED);
    29e0:	4318                	lw	a4,0(a4)
    29e2:	972e                	add	a4,a4,a1
    29e4:	01078693          	addi	a3,a5,16
    29e8:	08e6a02f          	amoswap.w	zero,a4,(a3)
    COMPAT_ATOMIC_STORE(&task->period, period_ms, COMPAT_MO_RELAXED);
    29ec:	00c78713          	addi	a4,a5,12
    29f0:	08b7202f          	amoswap.w	zero,a1,(a4)
    COMPAT_ATOMIC_STORE(&task->is_running, false, COMPAT_MO_RELAXED);
    29f4:	00078a23          	sb	zero,20(a5)
#ifdef CONFIG_XTASK_COROUTINE
    task->pt_line = 0; /**< 协程让出点复位 (首次进入 case 0) */
    29f8:	00042a23          	sw	zero,20(s0)
#endif
    list_init(&slot->ready_node);
    29fc:	02878713          	addi	a4,a5,40
        node->next = node;
    2a00:	d058                	sw	a4,36(s0)
        node->prev = node;
    2a02:	d418                	sw	a4,40(s0)
    list_init(&slot->sleep_node);
    2a04:	03078793          	addi	a5,a5,48
        node->next = node;
    2a08:	d45c                	sw	a5,44(s0)
        node->prev = node;
    2a0a:	d81c                	sw	a5,48(s0)
        uint32_t primask;
        __asm__ volatile("mrs %0, primask\ncpsid i" : "=r"(primask)::"memory");
        return primask;
#elif defined(__riscv)
    uintptr_t mstatus;
    __asm__ volatile("csrr %0, mstatus" : "=r"(mstatus));
    2a0c:	300024f3          	csrr	s1,mstatus
    __asm__ volatile("csrci mstatus, 8" ::: "memory");
    2a10:	30047073          	csrci	mstatus,8

    /* 与 tick 中断互斥: 休眠链表可能正被 wakeup_due 修改 */
    uint32_t irq = osal_null_irq_disable();
    sleep_insert(slot); /* 首个周期后唤醒 */
    2a14:	8522                	mv	a0,s0
    2a16:	35a9                	jal	2860 <sleep_insert>
    {
#if defined(__ARM_ARCH_7M__) || defined(__ARM_ARCH_7EM__) || defined(__ARM_ARCH_6M__) ||           \
    defined(__ARM_ARCH_8M_BASE__) || defined(__ARM_ARCH_8M_MAIN__)
        __asm__ volatile("msr primask, %0" ::"r"(state) : "memory");
#elif defined(__riscv)
    if (state & 8U)
    2a18:	88a1                	andi	s1,s1,8
    2a1a:	e889                	bnez	s1,2a2c <x_scheduler_task_create+0x9a>
    osal_null_irq_restore(irq);
    return (x_task_handle_t)(uintptr_t)task;
    2a1c:	8522                	mv	a0,s0
}
    2a1e:	40b2                	lw	ra,12(sp)
    2a20:	4422                	lw	s0,8(sp)
    2a22:	4492                	lw	s1,4(sp)
    2a24:	0141                	addi	sp,sp,16
    2a26:	8082                	ret
        return 0;
    2a28:	4501                	li	a0,0
    2a2a:	8082                	ret
        __asm__ volatile("csrsi mstatus, 8" ::: "memory");
    2a2c:	30046073          	csrsi	mstatus,8
    2a30:	b7f5                	j	2a1c <x_scheduler_task_create+0x8a>
        return 0;
    2a32:	4501                	li	a0,0
    2a34:	8082                	ret
    2a36:	4501                	li	a0,0
    2a38:	8082                	ret
    2a3a:	4501                	li	a0,0
}
    2a3c:	8082                	ret

00002a3e <x_scheduler_tick>:
 * @param[in] sched 忽略 (preempt 用全局 s_priv)
 * @param[in] ms 滴答增量
 * @return MINI_OK
 */
int x_scheduler_tick(x_scheduler* sched, unsigned int ms)
{
    2a3e:	1141                	addi	sp,sp,-16
    2a40:	c606                	sw	ra,12(sp)
    s_priv.tick_count += ms;
    2a42:	dd818713          	addi	a4,gp,-552 # 20000658 <s_priv>
    2a46:	431c                	lw	a5,0(a4)
    2a48:	95be                	add	a1,a1,a5
    2a4a:	c30c                	sw	a1,0(a4)
    /* 同步对外契约时钟 (osal_time_ms 等读 g_scheduler.tick_count) */
    COMPAT_ATOMIC_STORE(&g_scheduler.tick_count, s_priv.tick_count, COMPAT_MO_RELAXED);
    2a4c:	1e470793          	addi	a5,a4,484
    2a50:	08b7a02f          	amoswap.w	zero,a1,(a5)
    if (sched != NULL)
        COMPAT_IGNORE_RESULT(sched); /* preempt 用全局 s_priv, sched 仅契约 */
    wakeup_due();
    2a54:	3d1d                	jal	288a <wakeup_due>
    return MINI_OK;
}
    2a56:	4501                	li	a0,0
    2a58:	40b2                	lw	ra,12(sp)
    2a5a:	0141                	addi	sp,sp,16
    2a5c:	8082                	ret

00002a5e <hal_systick_irq_handler>:
{
    2a5e:	1141                	addi	sp,sp,-16
    2a60:	c606                	sw	ra,12(sp)
    x_scheduler_tick(&g_scheduler, (unsigned int)s_priv.tick_delay);
    2a62:	e101a583          	lw	a1,-496(gp) # 20000690 <s_priv+0x38>
    2a66:	fbc18513          	addi	a0,gp,-68 # 2000083c <g_scheduler>
    2a6a:	3fd1                	jal	2a3e <x_scheduler_tick>
}
    2a6c:	40b2                	lw	ra,12(sp)
    2a6e:	0141                	addi	sp,sp,16
    2a70:	8082                	ret

00002a72 <scheduler_tim_isr_top>:
    if (priv == NULL)
    2a72:	c915                	beqz	a0,2aa6 <scheduler_tim_isr_top+0x34>
{
    2a74:	7179                	addi	sp,sp,-48
    2a76:	d606                	sw	ra,44(sp)
    2a78:	d422                	sw	s0,40(sp)
    2a7a:	842a                	mv	s0,a0
    struct vfs_tim_arg tim_arg = {0};
    2a7c:	c602                	sw	zero,12(sp)
    2a7e:	c802                	sw	zero,16(sp)
    2a80:	ca02                	sw	zero,20(sp)
    2a82:	cc02                	sw	zero,24(sp)
    2a84:	ce02                	sw	zero,28(sp)
    tim_arg.obj = priv->tim;
    2a86:	5908                	lw	a0,48(a0)
    2a88:	c62a                	sw	a0,12(sp)
    /**
     * @brief 快速清更新标志 (ISR 上半部用, 非阻塞无生命周期)
     */
    COMPAT_STATIC_INLINE int vfs_tim_fast_clear_update_flag(struct vfs_tim_arg* arg)
    {
        if (!arg || !arg->obj)
    2a8a:	c501                	beqz	a0,2a92 <scheduler_tim_isr_top+0x20>
            return MINI_ERR_INVAL;
        return hal_tim_clear_update_flag(arg->obj);
    2a8c:	8e1fe0ef          	jal	ra,136c <hal_tim_clear_update_flag>
    if (vfs_tim_fast_clear_update_flag(&tim_arg) == MINI_OK)
    2a90:	c511                	beqz	a0,2a9c <scheduler_tim_isr_top+0x2a>
}
    2a92:	4501                	li	a0,0
    2a94:	50b2                	lw	ra,44(sp)
    2a96:	5422                	lw	s0,40(sp)
    2a98:	6145                	addi	sp,sp,48
    2a9a:	8082                	ret
        x_scheduler_tick(&g_scheduler, (unsigned int)priv->oneshot_ticks);
    2a9c:	5c4c                	lw	a1,60(s0)
    2a9e:	fbc18513          	addi	a0,gp,-68 # 2000083c <g_scheduler>
    2aa2:	3f71                	jal	2a3e <x_scheduler_tick>
    2aa4:	b7fd                	j	2a92 <scheduler_tim_isr_top+0x20>
}
    2aa6:	4501                	li	a0,0
    2aa8:	8082                	ret

00002aaa <idle_wfi>:
    if (s_priv.systick_active)
    2aaa:	e181c783          	lbu	a5,-488(gp) # 20000698 <s_priv+0x40>
    2aae:	ef91                	bnez	a5,2aca <idle_wfi+0x20>
    COMPAT_STATIC_INLINE bool list_empty(const list_node* head) { return head->next == head; }
    2ab0:	e001a783          	lw	a5,-512(gp) # 20000680 <s_priv+0x28>
    if (list_empty(&s_priv.sleep_head) || s_priv.tim == NULL || s_priv.tick_period == 0)
    2ab4:	e0018713          	addi	a4,gp,-512 # 20000680 <s_priv+0x28>
    2ab8:	00e78863          	beq	a5,a4,2ac8 <idle_wfi+0x1e>
    2abc:	e081a703          	lw	a4,-504(gp) # 20000688 <s_priv+0x30>
    2ac0:	c701                	beqz	a4,2ac8 <idle_wfi+0x1e>
    2ac2:	e0c1a703          	lw	a4,-500(gp) # 2000068c <s_priv+0x34>
    2ac6:	e709                	bnez	a4,2ad0 <idle_wfi+0x26>
    2ac8:	8082                	ret
        COMPAT_WFI();
    2aca:	10500073          	wfi
        return;
    2ace:	8082                	ret
{
    2ad0:	7179                	addi	sp,sp,-48
    2ad2:	d606                	sw	ra,44(sp)
    2ad4:	d422                	sw	s0,40(sp)
    2ad6:	d226                	sw	s1,36(sp)
        COMPAT_ATOMIC_LOAD(&next->task.next_running, COMPAT_MO_RELAXED) - s_priv.tick_count;
    2ad8:	fe07a783          	lw	a5,-32(a5)
    2adc:	dd818713          	addi	a4,gp,-552 # 20000658 <s_priv>
    2ae0:	4314                	lw	a3,0(a4)
    uint32_t remaining =
    2ae2:	8f95                	sub	a5,a5,a3
    uint32_t max_sleep = 0xFFFFu / s_priv.tick_period;
    2ae4:	5b44                	lw	s1,52(a4)
    2ae6:	6441                	lui	s0,0x10
    2ae8:	147d                	addi	s0,s0,-1 # ffff <_data_lma+0x6f27>
    2aea:	02945433          	divu	s0,s0,s1
    if (remaining > max_sleep)
    2aee:	00f46363          	bltu	s0,a5,2af4 <idle_wfi+0x4a>
    uint32_t remaining =
    2af2:	843e                	mv	s0,a5
    uint32_t arr = s_priv.tick_period * remaining;
    2af4:	028484b3          	mul	s1,s1,s0
    if (arr == 0)
    2af8:	c0ad                	beqz	s1,2b5a <idle_wfi+0xb0>
    struct vfs_tim_arg tim_arg = {0};
    2afa:	c602                	sw	zero,12(sp)
    2afc:	c802                	sw	zero,16(sp)
    2afe:	ca02                	sw	zero,20(sp)
    2b00:	cc02                	sw	zero,24(sp)
    2b02:	ce02                	sw	zero,28(sp)
    tim_arg.obj = s_priv.tim;
    2b04:	e081a503          	lw	a0,-504(gp) # 20000688 <s_priv+0x30>
    2b08:	c62a                	sw	a0,12(sp)
        if (!arg || !arg->obj)
    2b0a:	c501                	beqz	a0,2b12 <idle_wfi+0x68>
        return hal_tim_set_counter(arg->obj, arg->value);
    2b0c:	4581                	li	a1,0
    2b0e:	c5efe0ef          	jal	ra,f6c <hal_tim_set_counter>
    tim_arg.arr = arr;
    2b12:	ca26                	sw	s1,20(sp)
    s_priv.oneshot_ticks = remaining; /* ISR 按本次休眠时长记账 */
    2b14:	e081aa23          	sw	s0,-492(gp) # 20000694 <s_priv+0x3c>
        if (!arg || !arg->obj)
    2b18:	4532                	lw	a0,12(sp)
    2b1a:	c501                	beqz	a0,2b22 <idle_wfi+0x78>
        return hal_tim_set_autoreload(arg->obj, arg->arr);
    2b1c:	85a6                	mv	a1,s1
    2b1e:	c8efe0ef          	jal	ra,fac <hal_tim_set_autoreload>
    COMPAT_WFI();
    2b22:	10500073          	wfi
    tim_arg.value = 0;
    2b26:	ce02                	sw	zero,28(sp)
        if (!arg || !arg->obj)
    2b28:	4532                	lw	a0,12(sp)
    2b2a:	cd09                	beqz	a0,2b44 <idle_wfi+0x9a>
        return hal_tim_get_counter(arg->obj, &arg->value);
    2b2c:	086c                	addi	a1,sp,28
    2b2e:	a2efe0ef          	jal	ra,d5c <hal_tim_get_counter>
    if (vfs_tim_fast_get_counter(&tim_arg) == MINI_OK && tim_arg.value != 0)
    2b32:	e909                	bnez	a0,2b44 <idle_wfi+0x9a>
    2b34:	47f2                	lw	a5,28(sp)
    2b36:	c799                	beqz	a5,2b44 <idle_wfi+0x9a>
        uint32_t elapsed = tim_arg.value / s_priv.tick_period;
    2b38:	e0c1a703          	lw	a4,-500(gp) # 2000068c <s_priv+0x34>
    2b3c:	02e7d5b3          	divu	a1,a5,a4
        if (elapsed > 0)
    2b40:	02e7f263          	bgeu	a5,a4,2b64 <idle_wfi+0xba>
    tim_arg.arr = s_priv.tick_period;
    2b44:	e0c1a583          	lw	a1,-500(gp) # 2000068c <s_priv+0x34>
    2b48:	ca2e                	sw	a1,20(sp)
        if (!arg || !arg->obj)
    2b4a:	4532                	lw	a0,12(sp)
    2b4c:	c119                	beqz	a0,2b52 <idle_wfi+0xa8>
        return hal_tim_set_autoreload(arg->obj, arg->arr);
    2b4e:	c5efe0ef          	jal	ra,fac <hal_tim_set_autoreload>
    s_priv.oneshot_ticks = (uint32_t)s_priv.tick_delay; /* 恢复周期模式记账 */
    2b52:	dd818793          	addi	a5,gp,-552 # 20000658 <s_priv>
    2b56:	5f98                	lw	a4,56(a5)
    2b58:	dfd8                	sw	a4,60(a5)
}
    2b5a:	50b2                	lw	ra,44(sp)
    2b5c:	5422                	lw	s0,40(sp)
    2b5e:	5492                	lw	s1,36(sp)
    2b60:	6145                	addi	sp,sp,48
    2b62:	8082                	ret
            s_priv.oneshot_ticks -= elapsed;
    2b64:	dd818713          	addi	a4,gp,-552 # 20000658 <s_priv>
    2b68:	5f5c                	lw	a5,60(a4)
    2b6a:	8f8d                	sub	a5,a5,a1
    2b6c:	df5c                	sw	a5,60(a4)
            x_scheduler_tick(&g_scheduler, elapsed);
    2b6e:	fbc18513          	addi	a0,gp,-68 # 2000083c <g_scheduler>
    2b72:	35f1                	jal	2a3e <x_scheduler_tick>
    2b74:	bfc1                	j	2b44 <idle_wfi+0x9a>

00002b76 <x_task_run_preempt>:
 * @brief 抢占式调度核心: 运行最高优先级任务, 无任务时精确 WFI
 * @param[in] sched 忽略 (preempt 用全局 s_priv)
 * @return MINI_OK
 */
int x_task_run_preempt(x_scheduler* sched)
{
    2b76:	1141                	addi	sp,sp,-16
    2b78:	c606                	sw	ra,12(sp)
    2b7a:	c422                	sw	s0,8(sp)
    2b7c:	c226                	sw	s1,4(sp)
    __asm__ volatile("csrr %0, mstatus" : "=r"(mstatus));
    2b7e:	300024f3          	csrr	s1,mstatus
    __asm__ volatile("csrci mstatus, 8" ::: "memory");
    2b82:	30047073          	csrci	mstatus,8
    COMPAT_IGNORE_RESULT(sched); /* preempt 用全局 s_priv */

    /* 临界区: 与 tick 中断 (wakeup_due) 互斥, 防就绪/休眠链表被撕裂 */
    uint32_t irq = osal_null_irq_disable();
    struct x_preempt_task* task = ready_highest();
    2b86:	3bb9                	jal	28e4 <ready_highest>
    if (task == NULL)
    2b88:	c131                	beqz	a0,2bcc <x_task_run_preempt+0x56>
    2b8a:	842a                	mv	s0,a0
        osal_null_irq_restore(irq);
        idle_wfi(); /* 无就绪任务 → 精确休眠 (WFI 须在中断使能态执行) */
        return MINI_OK;
    }

    ready_remove(task);
    2b8c:	3149                	jal	280e <ready_remove>
    if (state & 8U)
    2b8e:	88a1                	andi	s1,s1,8
    2b90:	c099                	beqz	s1,2b96 <x_task_run_preempt+0x20>
        __asm__ volatile("csrsi mstatus, 8" ::: "memory");
    2b92:	30046073          	csrsi	mstatus,8
    osal_null_irq_restore(irq);
    if (task->task.xTask_cb)
    2b96:	405c                	lw	a5,4(s0)
    2b98:	cb91                	beqz	a5,2bac <x_task_run_preempt+0x36>
    {
#ifdef CONFIG_XTASK_COROUTINE
        s_current_task = &task->task; /* protothread 让出时感知当前任务 */
    2b9a:	85818493          	addi	s1,gp,-1960 # 200000d8 <s_current_task>
    2b9e:	c080                	sw	s0,0(s1)
        task->task.xTask_cb(&task->task);
    2ba0:	8522                	mv	a0,s0
    2ba2:	9782                	jalr	a5
        s_current_task = NULL;
    2ba4:	0004a023          	sw	zero,0(s1)

        if (task->task.pt_line == 0)
    2ba8:	485c                	lw	a5,20(s0)
    2baa:	c79d                	beqz	a5,2bd8 <x_task_run_preempt+0x62>
    __asm__ volatile("csrr %0, mstatus" : "=r"(mstatus));
    2bac:	300024f3          	csrr	s1,mstatus
    __asm__ volatile("csrci mstatus, 8" ::: "memory");
    2bb0:	30047073          	csrci	mstatus,8
                            COMPAT_MO_RELAXED);
#endif
    }
    /* 与 tick 中断互斥: wakeup_due 可能正从休眠链表摘节点 */
    irq = osal_null_irq_disable();
    sleep_insert(task);
    2bb4:	8522                	mv	a0,s0
    2bb6:	316d                	jal	2860 <sleep_insert>
    if (state & 8U)
    2bb8:	88a1                	andi	s1,s1,8
    2bba:	c099                	beqz	s1,2bc0 <x_task_run_preempt+0x4a>
        __asm__ volatile("csrsi mstatus, 8" ::: "memory");
    2bbc:	30046073          	csrsi	mstatus,8
    osal_null_irq_restore(irq);
    return MINI_OK;
}
    2bc0:	4501                	li	a0,0
    2bc2:	40b2                	lw	ra,12(sp)
    2bc4:	4422                	lw	s0,8(sp)
    2bc6:	4492                	lw	s1,4(sp)
    2bc8:	0141                	addi	sp,sp,16
    2bca:	8082                	ret
    if (state & 8U)
    2bcc:	88a1                	andi	s1,s1,8
    2bce:	c099                	beqz	s1,2bd4 <x_task_run_preempt+0x5e>
        __asm__ volatile("csrsi mstatus, 8" ::: "memory");
    2bd0:	30046073          	csrsi	mstatus,8
        idle_wfi(); /* 无就绪任务 → 精确休眠 (WFI 须在中断使能态执行) */
    2bd4:	3dd9                	jal	2aaa <idle_wfi>
        return MINI_OK;
    2bd6:	b7ed                	j	2bc0 <x_task_run_preempt+0x4a>
            COMPAT_ATOMIC_STORE(&task->task.next_running, s_priv.tick_count + task->task.period,
    2bd8:	4418                	lw	a4,8(s0)
    2bda:	dd81a783          	lw	a5,-552(gp) # 20000658 <s_priv>
    2bde:	97ba                	add	a5,a5,a4
    2be0:	00c40713          	addi	a4,s0,12
    2be4:	08f7202f          	amoswap.w	zero,a5,(a4)
    2be8:	b7d1                	j	2bac <x_task_run_preempt+0x36>

00002bea <x_scheduler_poll>:

/** 轮询全局抢占式调度器 (与协调式同名, 应用层无感知) */
void x_scheduler_poll(void) { x_task_run_preempt(&g_scheduler); }
    2bea:	1141                	addi	sp,sp,-16
    2bec:	c606                	sw	ra,12(sp)
    2bee:	fbc18513          	addi	a0,gp,-68 # 2000083c <g_scheduler>
    2bf2:	3751                	jal	2b76 <x_task_run_preempt>
    2bf4:	40b2                	lw	ra,12(sp)
    2bf6:	0141                	addi	sp,sp,16
    2bf8:	8082                	ret

00002bfa <osal_mutex_try_acquire>:
    __asm__ volatile("csrr %0, mstatus" : "=r"(mstatus));
    2bfa:	300027f3          	csrr	a5,mstatus
    __asm__ volatile("csrci mstatus, 8" ::: "memory");
    2bfe:	30047073          	csrci	mstatus,8
    }

    return OSAL_ERR_BUSY;
#else
    uint32_t irq = osal_null_irq_disable();
    if (mutex->lock == 0U)
    2c02:	4158                	lw	a4,4(a0)
    2c04:	cb19                	beqz	a4,2c1a <osal_mutex_try_acquire+0x20>
        mutex->depth = 1U;
        osal_null_irq_restore(irq);
        return OSAL_OK;
    }

    if (mutex->type == OSAL_MUTEX_RECURSIVE && mutex->depth > 0U)
    2c06:	4118                	lw	a4,0(a0)
    2c08:	e319                	bnez	a4,2c0e <osal_mutex_try_acquire+0x14>
    2c0a:	4518                	lw	a4,8(a0)
    2c0c:	e305                	bnez	a4,2c2c <osal_mutex_try_acquire+0x32>
    if (state & 8U)
    2c0e:	8ba1                	andi	a5,a5,8
    2c10:	c795                	beqz	a5,2c3c <osal_mutex_try_acquire+0x42>
        __asm__ volatile("csrsi mstatus, 8" ::: "memory");
    2c12:	30046073          	csrsi	mstatus,8
        osal_null_irq_restore(irq);
        return OSAL_OK;
    }

    osal_null_irq_restore(irq);
    return OSAL_ERR_BUSY;
    2c16:	5541                	li	a0,-16
    2c18:	8082                	ret
        mutex->lock = 1U;
    2c1a:	4705                	li	a4,1
    2c1c:	c158                	sw	a4,4(a0)
        mutex->depth = 1U;
    2c1e:	c518                	sw	a4,8(a0)
    if (state & 8U)
    2c20:	8ba1                	andi	a5,a5,8
    2c22:	c399                	beqz	a5,2c28 <osal_mutex_try_acquire+0x2e>
        __asm__ volatile("csrsi mstatus, 8" ::: "memory");
    2c24:	30046073          	csrsi	mstatus,8
        return OSAL_OK;
    2c28:	4501                	li	a0,0
    2c2a:	8082                	ret
        mutex->depth++;
    2c2c:	0705                	addi	a4,a4,1
    2c2e:	c518                	sw	a4,8(a0)
    if (state & 8U)
    2c30:	8ba1                	andi	a5,a5,8
    2c32:	c399                	beqz	a5,2c38 <osal_mutex_try_acquire+0x3e>
        __asm__ volatile("csrsi mstatus, 8" ::: "memory");
    2c34:	30046073          	csrsi	mstatus,8
        return OSAL_OK;
    2c38:	4501                	li	a0,0
    2c3a:	8082                	ret
    return OSAL_ERR_BUSY;
    2c3c:	5541                	li	a0,-16
#endif
}
    2c3e:	8082                	ret

00002c40 <osal_sem_try_wait>:
 * @return 错误码
 */
static int osal_sem_try_wait(struct osal_sem* sem)
{
    uint32_t expected = 1U;
    if (COMPAT_ATOMIC_CAS(&sem->signaled, &expected, 0U, COMPAT_MO_ACQUIRE, COMPAT_MO_RELAXED))
    2c40:	4705                	li	a4,1
    2c42:	100527af          	lr.w	a5,(a0)
    2c46:	00e79563          	bne	a5,a4,2c50 <osal_sem_try_wait+0x10>
    2c4a:	1c0526af          	sc.w.aq	a3,zero,(a0)
    2c4e:	faf5                	bnez	a3,2c42 <osal_sem_try_wait+0x2>
    2c50:	17fd                	addi	a5,a5,-1
    2c52:	e399                	bnez	a5,2c58 <osal_sem_try_wait+0x18>
        return OSAL_OK;
    2c54:	4501                	li	a0,0
    return OSAL_ERR_BUSY;
}
    2c56:	8082                	ret
    return OSAL_ERR_BUSY;
    2c58:	5541                	li	a0,-16
    2c5a:	8082                	ret

00002c5c <osal_mutex_init>:
    if (!mutex)
    2c5c:	c11d                	beqz	a0,2c82 <osal_mutex_init+0x26>
    if (type != OSAL_MUTEX_RECURSIVE && type != OSAL_MUTEX_PLAIN)
    2c5e:	4785                	li	a5,1
    2c60:	02b7e363          	bltu	a5,a1,2c86 <osal_mutex_init+0x2a>
    mutex->type = type;
    2c64:	c10c                	sw	a1,0(a0)
    COMPAT_ATOMIC_STORE(&mutex->lock, 0U, COMPAT_MO_RELEASE);
    2c66:	00450793          	addi	a5,a0,4
    2c6a:	0f50000f          	fence	iorw,ow
    2c6e:	0807a02f          	amoswap.w	zero,zero,(a5)
    COMPAT_ATOMIC_STORE(&mutex->depth, 0U, COMPAT_MO_RELEASE);
    2c72:	00850793          	addi	a5,a0,8
    2c76:	0f50000f          	fence	iorw,ow
    2c7a:	0807a02f          	amoswap.w	zero,zero,(a5)
    return OSAL_OK;
    2c7e:	4501                	li	a0,0
    2c80:	8082                	ret
        return OSAL_ERR_INVAL;
    2c82:	5529                	li	a0,-22
    2c84:	8082                	ret
        return OSAL_ERR_INVAL;
    2c86:	5529                	li	a0,-22
}
    2c88:	8082                	ret

00002c8a <queue_send_internal>:
    if (!queue)
    2c8a:	cd59                	beqz	a0,2d28 <queue_send_internal+0x9e>
 * @param[in] queue 队列句柄
 * @param[in] item 发送数据
 * @return 是否成功
 */
static bool queue_send_internal(osal_queue_handle_t queue, const void* item)
{
    2c8c:	7179                	addi	sp,sp,-48
    2c8e:	d606                	sw	ra,44(sp)
    2c90:	d422                	sw	s0,40(sp)
    2c92:	d226                	sw	s1,36(sp)
    2c94:	d04a                	sw	s2,32(sp)
    2c96:	ce4e                	sw	s3,28(sp)
    2c98:	cc52                	sw	s4,24(sp)
    2c9a:	ca56                	sw	s5,20(sp)
    2c9c:	84ae                	mv	s1,a1
    int idx = (int)((struct osal_queue_obj*)queue -
    2c9e:	1fffe717          	auipc	a4,0x1fffe
    2ca2:	da270713          	addi	a4,a4,-606 # 20000a40 <s_queues>
    2ca6:	40e506b3          	sub	a3,a0,a4
    2caa:	4086d413          	srai	s0,a3,0x8
    2cae:	38e397b7          	lui	a5,0x38e39
    2cb2:	e3978793          	addi	a5,a5,-455 # 38e38e39 <_eusrstack+0x18e30e39>
    2cb6:	02f40433          	mul	s0,s0,a5
    if (idx < 0 || idx >= OSAL_NULL_QUEUE_POOL_SIZE || !s_queue_used[idx])
    2cba:	06e51963          	bne	a0,a4,2d2c <queue_send_internal+0xa2>
    2cbe:	86418793          	addi	a5,gp,-1948 # 200000e4 <s_queue_used>
    2cc2:	97a2                	add	a5,a5,s0
    2cc4:	0007c783          	lbu	a5,0(a5)
    2cc8:	c7a5                	beqz	a5,2d30 <queue_send_internal+0xa6>
    int idx = queue_index_of(queue);
    if (idx < 0 || !item)
    2cca:	0606c563          	bltz	a3,2d34 <queue_send_internal+0xaa>
    2cce:	cdad                	beqz	a1,2d48 <queue_send_internal+0xbe>
        return false;

    struct osal_queue_obj* queue_obj = queue_at(idx);
    if (!queue_obj)
        return false;
    uint16_t epi = (uint16_t)queue_obj->elements_per_item;
    2cd0:	00341913          	slli	s2,s0,0x3
    2cd4:	00890ab3          	add	s5,s2,s0
    2cd8:	0aa2                	slli	s5,s5,0x8
    2cda:	9aba                	add	s5,s5,a4
    2cdc:	6785                	lui	a5,0x1
    2cde:	97d6                	add	a5,a5,s5
    2ce0:	8c07da03          	lhu	s4,-1856(a5) # 8c0 <s_tim_oc_setup+0x266>
    uint16_t count = 0;
    2ce4:	00011723          	sh	zero,14(sp)
    uint16_t written = 0;
    2ce8:	00011623          	sh	zero,12(sp)

    /**< SPSC 安全: 消费者只能释放空间不会缩减,
     * 检查通过则写入必然完整就是如果你传的格子数大小超过剩余各子数那么就会返回false */
    COMPAT_IGNORE_RESULT(fifo_get_count(&queue_obj->fifo, &count));
    2cec:	00e10593          	addi	a1,sp,14
    2cf0:	8556                	mv	a0,s5
    2cf2:	7b3010ef          	jal	ra,4ca4 <fifo_get_count>
    if ((uint16_t)(queue_obj->fifo.size - count) < epi)
    2cf6:	004ad783          	lhu	a5,4(s5)
    2cfa:	00e15703          	lhu	a4,14(sp)
    2cfe:	8f99                	sub	a5,a5,a4
    2d00:	07c2                	slli	a5,a5,0x10
    2d02:	83c1                	srli	a5,a5,0x10
    2d04:	0147f463          	bgeu	a5,s4,2d0c <queue_send_internal+0x82>
        return false;
    2d08:	4501                	li	a0,0
    2d0a:	a035                	j	2d36 <queue_send_internal+0xac>

    if (fifo_write_block(&queue_obj->fifo, (const fifo_data_type*)item, epi, &written) != BUFF_OK)
    2d0c:	0074                	addi	a3,sp,12
    2d0e:	8652                	mv	a2,s4
    2d10:	85a6                	mv	a1,s1
    2d12:	8556                	mv	a0,s5
    2d14:	597010ef          	jal	ra,4aaa <fifo_write_block>
    2d18:	e915                	bnez	a0,2d4c <queue_send_internal+0xc2>
        return false;
    return written == epi;
    2d1a:	00c15503          	lhu	a0,12(sp)
    2d1e:	41450533          	sub	a0,a0,s4
    2d22:	00153513          	seqz	a0,a0
    2d26:	a801                	j	2d36 <queue_send_internal+0xac>
        return false;
    2d28:	4501                	li	a0,0
}
    2d2a:	8082                	ret
        return false;
    2d2c:	4501                	li	a0,0
    2d2e:	a021                	j	2d36 <queue_send_internal+0xac>
    2d30:	4501                	li	a0,0
    2d32:	a011                	j	2d36 <queue_send_internal+0xac>
    2d34:	4501                	li	a0,0
}
    2d36:	50b2                	lw	ra,44(sp)
    2d38:	5422                	lw	s0,40(sp)
    2d3a:	5492                	lw	s1,36(sp)
    2d3c:	5902                	lw	s2,32(sp)
    2d3e:	49f2                	lw	s3,28(sp)
    2d40:	4a62                	lw	s4,24(sp)
    2d42:	4ad2                	lw	s5,20(sp)
    2d44:	6145                	addi	sp,sp,48
    2d46:	8082                	ret
        return false;
    2d48:	4501                	li	a0,0
    2d4a:	b7f5                	j	2d36 <queue_send_internal+0xac>
        return false;
    2d4c:	4501                	li	a0,0
    2d4e:	b7e5                	j	2d36 <queue_send_internal+0xac>

00002d50 <osal_null_isr_enter>:
void osal_null_isr_enter(void) { s_isr_nest++; }
    2d50:	86018713          	addi	a4,gp,-1952 # 200000e0 <s_isr_nest>
    2d54:	431c                	lw	a5,0(a4)
    2d56:	0785                	addi	a5,a5,1
    2d58:	c31c                	sw	a5,0(a4)
    2d5a:	8082                	ret

00002d5c <osal_null_isr_exit>:
    if (s_isr_nest > 0U)
    2d5c:	8601a783          	lw	a5,-1952(gp) # 200000e0 <s_isr_nest>
    2d60:	c791                	beqz	a5,2d6c <osal_null_isr_exit+0x10>
        s_isr_nest--;
    2d62:	86018713          	addi	a4,gp,-1952 # 200000e0 <s_isr_nest>
    2d66:	431c                	lw	a5,0(a4)
    2d68:	17fd                	addi	a5,a5,-1
    2d6a:	c31c                	sw	a5,0(a4)
}
    2d6c:	8082                	ret

00002d6e <osal_in_isr>:
    if (s_isr_nest > 0U)
    2d6e:	8601a783          	lw	a5,-1952(gp) # 200000e0 <s_isr_nest>
    2d72:	e789                	bnez	a5,2d7c <osal_in_isr+0xe>
    __asm__ volatile("csrr %0, mcause" : "=r"(mcause));
    2d74:	34202573          	csrr	a0,mcause
    return (int)(mcause >> 31);
    2d78:	817d                	srli	a0,a0,0x1f
    2d7a:	8082                	ret
        return 1;
    2d7c:	4505                	li	a0,1
}
    2d7e:	8082                	ret

00002d80 <osal_pool_init>:
    if (!pool || !used_slots || count == 0)
    2d80:	c105                	beqz	a0,2da0 <osal_pool_init+0x20>
    2d82:	c18d                	beqz	a1,2da4 <osal_pool_init+0x24>
    2d84:	c215                	beqz	a2,2da8 <osal_pool_init+0x28>
    pool->used_slots = used_slots;
    2d86:	c10c                	sw	a1,0(a0)
    pool->slot_count = count;
    2d88:	c150                	sw	a2,4(a0)
    for (size_t index = 0; index < count; index++)
    2d8a:	4781                	li	a5,0
    2d8c:	a031                	j	2d98 <osal_pool_init+0x18>
        used_slots[index] = 0;
    2d8e:	00f58733          	add	a4,a1,a5
    2d92:	00070023          	sb	zero,0(a4)
    for (size_t index = 0; index < count; index++)
    2d96:	0785                	addi	a5,a5,1
    2d98:	fec7ebe3          	bltu	a5,a2,2d8e <osal_pool_init+0xe>
    return OSAL_OK;
    2d9c:	4501                	li	a0,0
    2d9e:	8082                	ret
        return OSAL_ERR_INVAL;
    2da0:	5529                	li	a0,-22
    2da2:	8082                	ret
    2da4:	5529                	li	a0,-22
    2da6:	8082                	ret
    2da8:	5529                	li	a0,-22
}
    2daa:	8082                	ret

00002dac <osal_null_queue_pool_boot_init>:
{
    2dac:	1141                	addi	sp,sp,-16
    2dae:	c606                	sw	ra,12(sp)
    COMPAT_IGNORE_RESULT(
    2db0:	4605                	li	a2,1
    2db2:	86418593          	addi	a1,gp,-1948 # 200000e4 <s_queue_used>
    2db6:	00018513          	mv	a0,gp
    2dba:	37d9                	jal	2d80 <osal_pool_init>
}
    2dbc:	40b2                	lw	ra,12(sp)
    2dbe:	0141                	addi	sp,sp,16
    2dc0:	8082                	ret

00002dc2 <osal_null_mutex_pool_boot_init>:
{
    2dc2:	1141                	addi	sp,sp,-16
    2dc4:	c606                	sw	ra,12(sp)
    COMPAT_IGNORE_RESULT(osal_pool_init(&s_mutex_pool_ctrl, s_mutex_used, OSAL_MUTEX_POOL_SIZE));
    2dc6:	4661                	li	a2,24
    2dc8:	01818593          	addi	a1,gp,24 # 20000898 <s_mutex_used>
    2dcc:	03018513          	addi	a0,gp,48 # 200008b0 <s_mutex_pool_ctrl>
    2dd0:	3f45                	jal	2d80 <osal_pool_init>
}
    2dd2:	40b2                	lw	ra,12(sp)
    2dd4:	0141                	addi	sp,sp,16
    2dd6:	8082                	ret

00002dd8 <osal_pool_claim>:
    if (!pool || !pool->used_slots || pool->slot_count == 0)
    2dd8:	c131                	beqz	a0,2e1c <osal_pool_claim+0x44>
    2dda:	411c                	lw	a5,0(a0)
    2ddc:	c3b1                	beqz	a5,2e20 <osal_pool_claim+0x48>
    2dde:	415c                	lw	a5,4(a0)
    2de0:	c3b1                	beqz	a5,2e24 <osal_pool_claim+0x4c>
    __asm__ volatile("csrr %0, mstatus" : "=r"(mstatus));
    2de2:	30002673          	csrr	a2,mstatus
    __asm__ volatile("csrci mstatus, 8" ::: "memory");
    2de6:	30047073          	csrci	mstatus,8
    for (size_t index = 0; index < pool->slot_count; index++)
    2dea:	4781                	li	a5,0
    2dec:	a011                	j	2df0 <osal_pool_claim+0x18>
    2dee:	0785                	addi	a5,a5,1
    2df0:	4158                	lw	a4,4(a0)
    2df2:	00e7fe63          	bgeu	a5,a4,2e0e <osal_pool_claim+0x36>
        if (!pool->used_slots[index])
    2df6:	4118                	lw	a4,0(a0)
    2df8:	973e                	add	a4,a4,a5
    2dfa:	00074683          	lbu	a3,0(a4)
    2dfe:	0ff6f693          	zext.b	a3,a3
    2e02:	f6f5                	bnez	a3,2dee <osal_pool_claim+0x16>
            pool->used_slots[index] = 1;
    2e04:	4685                	li	a3,1
    2e06:	00d70023          	sb	a3,0(a4)
            claimed = (int)index;
    2e0a:	853e                	mv	a0,a5
            break;
    2e0c:	a011                	j	2e10 <osal_pool_claim+0x38>
    int claimed = -1;
    2e0e:	557d                	li	a0,-1
    if (state & 8U)
    2e10:	00867793          	andi	a5,a2,8
    2e14:	cb89                	beqz	a5,2e26 <osal_pool_claim+0x4e>
        __asm__ volatile("csrsi mstatus, 8" ::: "memory");
    2e16:	30046073          	csrsi	mstatus,8
    2e1a:	8082                	ret
        return OSAL_ERR_INVAL;
    2e1c:	5529                	li	a0,-22
    2e1e:	8082                	ret
    2e20:	5529                	li	a0,-22
    2e22:	8082                	ret
    2e24:	5529                	li	a0,-22
}
    2e26:	8082                	ret

00002e28 <osal_pool_release>:
    if (!pool || !pool->used_slots || idx < 0 || (size_t)idx >= pool->slot_count)
    2e28:	c515                	beqz	a0,2e54 <osal_pool_release+0x2c>
    2e2a:	411c                	lw	a5,0(a0)
    2e2c:	c795                	beqz	a5,2e58 <osal_pool_release+0x30>
    2e2e:	0205c763          	bltz	a1,2e5c <osal_pool_release+0x34>
    2e32:	415c                	lw	a5,4(a0)
    2e34:	02f5f663          	bgeu	a1,a5,2e60 <osal_pool_release+0x38>
    __asm__ volatile("csrr %0, mstatus" : "=r"(mstatus));
    2e38:	300027f3          	csrr	a5,mstatus
    __asm__ volatile("csrci mstatus, 8" ::: "memory");
    2e3c:	30047073          	csrci	mstatus,8
    pool->used_slots[idx] = 0;
    2e40:	4118                	lw	a4,0(a0)
    2e42:	972e                	add	a4,a4,a1
    2e44:	00070023          	sb	zero,0(a4)
    if (state & 8U)
    2e48:	8ba1                	andi	a5,a5,8
    2e4a:	cf89                	beqz	a5,2e64 <osal_pool_release+0x3c>
        __asm__ volatile("csrsi mstatus, 8" ::: "memory");
    2e4c:	30046073          	csrsi	mstatus,8
    return OSAL_OK;
    2e50:	4501                	li	a0,0
    2e52:	8082                	ret
        return OSAL_ERR_INVAL;
    2e54:	5529                	li	a0,-22
    2e56:	8082                	ret
    2e58:	5529                	li	a0,-22
    2e5a:	8082                	ret
    2e5c:	5529                	li	a0,-22
    2e5e:	8082                	ret
    2e60:	5529                	li	a0,-22
    2e62:	8082                	ret
    return OSAL_OK;
    2e64:	4501                	li	a0,0
}
    2e66:	8082                	ret

00002e68 <osal_pool_is_used>:
    if (!pool || !pool->used_slots || idx < 0 || (size_t)idx >= pool->slot_count)
    2e68:	c105                	beqz	a0,2e88 <osal_pool_is_used+0x20>
    2e6a:	411c                	lw	a5,0(a0)
    2e6c:	c385                	beqz	a5,2e8c <osal_pool_is_used+0x24>
    2e6e:	0205c163          	bltz	a1,2e90 <osal_pool_is_used+0x28>
    2e72:	4158                	lw	a4,4(a0)
    2e74:	02e5f063          	bgeu	a1,a4,2e94 <osal_pool_is_used+0x2c>
    return pool->used_slots[idx] != 0U;
    2e78:	97ae                	add	a5,a5,a1
    2e7a:	0007c503          	lbu	a0,0(a5)
    2e7e:	0ff57513          	zext.b	a0,a0
    2e82:	00a03533          	snez	a0,a0
    2e86:	8082                	ret
        return false;
    2e88:	4501                	li	a0,0
    2e8a:	8082                	ret
    2e8c:	4501                	li	a0,0
    2e8e:	8082                	ret
    2e90:	4501                	li	a0,0
    2e92:	8082                	ret
    2e94:	4501                	li	a0,0
}
    2e96:	8082                	ret

00002e98 <osal_spinlock_init>:
    if (!lock)
    2e98:	c519                	beqz	a0,2ea6 <osal_spinlock_init+0xe>
    lock->irq_saved = 0U;
    2e9a:	00052023          	sw	zero,0(a0)
    lock->nest = 0U;
    2e9e:	00052223          	sw	zero,4(a0)
    return OSAL_OK;
    2ea2:	4501                	li	a0,0
    2ea4:	8082                	ret
        return OSAL_ERR_INVAL;
    2ea6:	5529                	li	a0,-22
}
    2ea8:	8082                	ret

00002eaa <osal_spinlock_lock>:
    if (!lock)
    2eaa:	cd01                	beqz	a0,2ec2 <osal_spinlock_lock+0x18>
    __asm__ volatile("csrr %0, mstatus" : "=r"(mstatus));
    2eac:	30002773          	csrr	a4,mstatus
    __asm__ volatile("csrci mstatus, 8" ::: "memory");
    2eb0:	30047073          	csrci	mstatus,8
    if (lock->nest == 0U)
    2eb4:	415c                	lw	a5,4(a0)
    2eb6:	e391                	bnez	a5,2eba <osal_spinlock_lock+0x10>
        lock->irq_saved = irq;
    2eb8:	c118                	sw	a4,0(a0)
    lock->nest++;
    2eba:	0785                	addi	a5,a5,1
    2ebc:	c15c                	sw	a5,4(a0)
    return OSAL_OK;
    2ebe:	4501                	li	a0,0
    2ec0:	8082                	ret
        return OSAL_ERR_INVAL;
    2ec2:	5529                	li	a0,-22
}
    2ec4:	8082                	ret

00002ec6 <osal_spinlock_unlock>:
    if (!lock)
    2ec6:	cd09                	beqz	a0,2ee0 <osal_spinlock_unlock+0x1a>
    if (lock->nest > 0U)
    2ec8:	415c                	lw	a5,4(a0)
    2eca:	cf89                	beqz	a5,2ee4 <osal_spinlock_unlock+0x1e>
        lock->nest--;
    2ecc:	17fd                	addi	a5,a5,-1
    2ece:	c15c                	sw	a5,4(a0)
        if (lock->nest == 0U)
    2ed0:	ef81                	bnez	a5,2ee8 <osal_spinlock_unlock+0x22>
            osal_null_irq_restore(lock->irq_saved);
    2ed2:	411c                	lw	a5,0(a0)
    if (state & 8U)
    2ed4:	8ba1                	andi	a5,a5,8
    2ed6:	cb99                	beqz	a5,2eec <osal_spinlock_unlock+0x26>
        __asm__ volatile("csrsi mstatus, 8" ::: "memory");
    2ed8:	30046073          	csrsi	mstatus,8
    return OSAL_OK;
    2edc:	4501                	li	a0,0
    2ede:	8082                	ret
        return OSAL_ERR_INVAL;
    2ee0:	5529                	li	a0,-22
    2ee2:	8082                	ret
    return OSAL_OK;
    2ee4:	4501                	li	a0,0
    2ee6:	8082                	ret
    2ee8:	4501                	li	a0,0
    2eea:	8082                	ret
    2eec:	4501                	li	a0,0
}
    2eee:	8082                	ret

00002ef0 <osal_time_ms>:
}
    2ef0:	fbc1a503          	lw	a0,-68(gp) # 2000083c <g_scheduler>
    2ef4:	8082                	ret

00002ef6 <osal_delay_ms>:
    if (ms == 0)
    2ef6:	e111                	bnez	a0,2efa <osal_delay_ms+0x4>
    2ef8:	8082                	ret
{
    2efa:	1101                	addi	sp,sp,-32
    2efc:	ce06                	sw	ra,28(sp)
    2efe:	cc22                	sw	s0,24(sp)
    2f00:	ca26                	sw	s1,20(sp)
    2f02:	c84a                	sw	s2,16(sp)
    2f04:	c64e                	sw	s3,12(sp)
    2f06:	84aa                	mv	s1,a0
    uint32_t start = osal_time_ms();
    2f08:	37e5                	jal	2ef0 <osal_time_ms>
    2f0a:	89aa                	mv	s3,a0
    uint32_t last = start;
    2f0c:	892a                	mv	s2,a0
    uint32_t no_tick_count = 0U;
    2f0e:	4401                	li	s0,0
    while ((osal_time_ms() - start) < ms)
    2f10:	a039                	j	2f1e <osal_delay_ms+0x28>
            no_tick_count++;
    2f12:	0405                	addi	s0,s0,1
        if (no_tick_count > OSAL_NULL_TICK_HANG_THRESHOLD)
    2f14:	6789                	lui	a5,0x2
    2f16:	71078793          	addi	a5,a5,1808 # 2710 <interrupt_bottom_half_submit+0x20>
    2f1a:	0087ef63          	bltu	a5,s0,2f38 <osal_delay_ms+0x42>
    while ((osal_time_ms() - start) < ms)
    2f1e:	3fc9                	jal	2ef0 <osal_time_ms>
    2f20:	413507b3          	sub	a5,a0,s3
    2f24:	0097fa63          	bgeu	a5,s1,2f38 <osal_delay_ms+0x42>
COMPAT_STATIC_INLINE void osal_null_wfi(void) { __asm__ volatile("wfi"); }
    2f28:	10500073          	wfi
        uint32_t now = osal_time_ms();
    2f2c:	37d1                	jal	2ef0 <osal_time_ms>
        if (now == last)
    2f2e:	fea902e3          	beq	s2,a0,2f12 <osal_delay_ms+0x1c>
            last = now;
    2f32:	892a                	mv	s2,a0
            no_tick_count = 0U; // 只要时钟前进了，立刻清零重置
    2f34:	4401                	li	s0,0
    2f36:	bff9                	j	2f14 <osal_delay_ms+0x1e>
}
    2f38:	40f2                	lw	ra,28(sp)
    2f3a:	4462                	lw	s0,24(sp)
    2f3c:	44d2                	lw	s1,20(sp)
    2f3e:	4942                	lw	s2,16(sp)
    2f40:	49b2                	lw	s3,12(sp)
    2f42:	6105                	addi	sp,sp,32
    2f44:	8082                	ret

00002f46 <osal_delay_us>:
{
    2f46:	1141                	addi	sp,sp,-16
    volatile uint32_t loops = us * 8U;
    2f48:	050e                	slli	a0,a0,0x3
    2f4a:	c62a                	sw	a0,12(sp)
    while (loops-- > 0U)
    2f4c:	47b2                	lw	a5,12(sp)
    2f4e:	fff78713          	addi	a4,a5,-1
    2f52:	c63a                	sw	a4,12(sp)
    2f54:	ffe5                	bnez	a5,2f4c <osal_delay_us+0x6>
}
    2f56:	0141                	addi	sp,sp,16
    2f58:	8082                	ret

00002f5a <osal_ticks_from_ms>:
osal_tick_t osal_ticks_from_ms(uint32_t ms) { return ms; }
    2f5a:	8082                	ret

00002f5c <osal_timeout_to_ticks>:
}
    2f5c:	8082                	ret

00002f5e <osal_calloc>:
void* osal_calloc(size_t count, size_t size) { return calloc(count, size); }
    2f5e:	1141                	addi	sp,sp,-16
    2f60:	c606                	sw	ra,12(sp)
    2f62:	3f4040ef          	jal	ra,7356 <calloc>
    2f66:	40b2                	lw	ra,12(sp)
    2f68:	0141                	addi	sp,sp,16
    2f6a:	8082                	ret

00002f6c <osal_free>:
{
    2f6c:	1141                	addi	sp,sp,-16
    2f6e:	c606                	sw	ra,12(sp)
    free(ptr);
    2f70:	3f0040ef          	jal	ra,7360 <free>
}
    2f74:	4501                	li	a0,0
    2f76:	40b2                	lw	ra,12(sp)
    2f78:	0141                	addi	sp,sp,16
    2f7a:	8082                	ret

00002f7c <osal_mutex_create_typed>:
    if (!out)
    2f7c:	c125                	beqz	a0,2fdc <osal_mutex_create_typed+0x60>
{
    2f7e:	1101                	addi	sp,sp,-32
    2f80:	ce06                	sw	ra,28(sp)
    2f82:	cc22                	sw	s0,24(sp)
    2f84:	ca26                	sw	s1,20(sp)
    2f86:	c84a                	sw	s2,16(sp)
    2f88:	c64e                	sw	s3,12(sp)
    2f8a:	842a                	mv	s0,a0
    2f8c:	892e                	mv	s2,a1
    if (osal_in_isr())
    2f8e:	33c5                	jal	2d6e <osal_in_isr>
    2f90:	e921                	bnez	a0,2fe0 <osal_mutex_create_typed+0x64>
    if (type != OSAL_MUTEX_RECURSIVE && type != OSAL_MUTEX_PLAIN)
    2f92:	4785                	li	a5,1
    2f94:	0527e863          	bltu	a5,s2,2fe4 <osal_mutex_create_typed+0x68>
    *out = NULL;
    2f98:	00042023          	sw	zero,0(s0)
    int idx = osal_pool_claim(&s_mutex_pool_ctrl);
    2f9c:	03018513          	addi	a0,gp,48 # 200008b0 <s_mutex_pool_ctrl>
    2fa0:	3d25                	jal	2dd8 <osal_pool_claim>
    2fa2:	84aa                	mv	s1,a0
    if (idx < 0)
    2fa4:	04054263          	bltz	a0,2fe8 <osal_mutex_create_typed+0x6c>
    if (osal_mutex_init(&s_mutex_pool[idx], type) != OSAL_OK) /**< 初始化互斥锁 */
    2fa8:	00151793          	slli	a5,a0,0x1
    2fac:	97aa                	add	a5,a5,a0
    2fae:	078a                	slli	a5,a5,0x2
    2fb0:	04818993          	addi	s3,gp,72 # 200008c8 <s_mutex_pool>
    2fb4:	99be                	add	s3,s3,a5
    2fb6:	85ca                	mv	a1,s2
    2fb8:	854e                	mv	a0,s3
    2fba:	314d                	jal	2c5c <osal_mutex_init>
    2fbc:	e911                	bnez	a0,2fd0 <osal_mutex_create_typed+0x54>
    *out = (struct osal_mutex*)&s_mutex_pool[idx]; /**< 返回互斥锁指针 */
    2fbe:	01342023          	sw	s3,0(s0)
}
    2fc2:	40f2                	lw	ra,28(sp)
    2fc4:	4462                	lw	s0,24(sp)
    2fc6:	44d2                	lw	s1,20(sp)
    2fc8:	4942                	lw	s2,16(sp)
    2fca:	49b2                	lw	s3,12(sp)
    2fcc:	6105                	addi	sp,sp,32
    2fce:	8082                	ret
        COMPAT_IGNORE_RESULT(osal_pool_release(&s_mutex_pool_ctrl, idx)); /**< 释放互斥锁 */
    2fd0:	85a6                	mv	a1,s1
    2fd2:	03018513          	addi	a0,gp,48 # 200008b0 <s_mutex_pool_ctrl>
    2fd6:	3d89                	jal	2e28 <osal_pool_release>
        return OSAL_ERR_NOMEM;
    2fd8:	5551                	li	a0,-12
    2fda:	b7e5                	j	2fc2 <osal_mutex_create_typed+0x46>
        return OSAL_ERR_INVAL;
    2fdc:	5529                	li	a0,-22
}
    2fde:	8082                	ret
        return OSAL_ERR_ISR;
    2fe0:	557d                	li	a0,-1
    2fe2:	b7c5                	j	2fc2 <osal_mutex_create_typed+0x46>
        return OSAL_ERR_INVAL;
    2fe4:	5529                	li	a0,-22
    2fe6:	bff1                	j	2fc2 <osal_mutex_create_typed+0x46>
        return OSAL_ERR_NOMEM;
    2fe8:	5551                	li	a0,-12
    2fea:	bfe1                	j	2fc2 <osal_mutex_create_typed+0x46>

00002fec <osal_mutex_create_static_typed>:
    if (!out || !storage || storage_size < sizeof(struct osal_mutex))
    2fec:	cd0d                	beqz	a0,3026 <osal_mutex_create_static_typed+0x3a>
{
    2fee:	1141                	addi	sp,sp,-16
    2ff0:	c606                	sw	ra,12(sp)
    2ff2:	c422                	sw	s0,8(sp)
    2ff4:	c226                	sw	s1,4(sp)
    2ff6:	c04a                	sw	s2,0(sp)
    2ff8:	84aa                	mv	s1,a0
    2ffa:	842e                	mv	s0,a1
    2ffc:	8936                	mv	s2,a3
    if (!out || !storage || storage_size < sizeof(struct osal_mutex))
    2ffe:	c595                	beqz	a1,302a <osal_mutex_create_static_typed+0x3e>
    3000:	47ad                	li	a5,11
    3002:	02c7f663          	bgeu	a5,a2,302e <osal_mutex_create_static_typed+0x42>
    if (osal_in_isr())
    3006:	33a5                	jal	2d6e <osal_in_isr>
    3008:	e50d                	bnez	a0,3032 <osal_mutex_create_static_typed+0x46>
    if (type != OSAL_MUTEX_RECURSIVE && type != OSAL_MUTEX_PLAIN)
    300a:	4785                	li	a5,1
    300c:	0327e563          	bltu	a5,s2,3036 <osal_mutex_create_static_typed+0x4a>
    if (osal_mutex_init(mutex_obj, type) != OSAL_OK)
    3010:	85ca                	mv	a1,s2
    3012:	8522                	mv	a0,s0
    3014:	31a1                	jal	2c5c <osal_mutex_init>
    3016:	e115                	bnez	a0,303a <osal_mutex_create_static_typed+0x4e>
    *out = mutex_obj;
    3018:	c080                	sw	s0,0(s1)
}
    301a:	40b2                	lw	ra,12(sp)
    301c:	4422                	lw	s0,8(sp)
    301e:	4492                	lw	s1,4(sp)
    3020:	4902                	lw	s2,0(sp)
    3022:	0141                	addi	sp,sp,16
    3024:	8082                	ret
        return OSAL_ERR_INVAL;
    3026:	5529                	li	a0,-22
}
    3028:	8082                	ret
        return OSAL_ERR_INVAL;
    302a:	5529                	li	a0,-22
    302c:	b7fd                	j	301a <osal_mutex_create_static_typed+0x2e>
    302e:	5529                	li	a0,-22
    3030:	b7ed                	j	301a <osal_mutex_create_static_typed+0x2e>
        return OSAL_ERR_ISR;
    3032:	557d                	li	a0,-1
    3034:	b7dd                	j	301a <osal_mutex_create_static_typed+0x2e>
        return OSAL_ERR_INVAL;
    3036:	5529                	li	a0,-22
    3038:	b7cd                	j	301a <osal_mutex_create_static_typed+0x2e>
        return OSAL_ERR_NOMEM;
    303a:	5551                	li	a0,-12
    303c:	bff9                	j	301a <osal_mutex_create_static_typed+0x2e>

0000303e <osal_mutex_create>:
{
    303e:	1141                	addi	sp,sp,-16
    3040:	c606                	sw	ra,12(sp)
    return osal_mutex_create_typed(out, OSAL_MUTEX_PLAIN);
    3042:	4585                	li	a1,1
    3044:	3f25                	jal	2f7c <osal_mutex_create_typed>
}
    3046:	40b2                	lw	ra,12(sp)
    3048:	0141                	addi	sp,sp,16
    304a:	8082                	ret

0000304c <osal_mutex_create_static>:
{
    304c:	1141                	addi	sp,sp,-16
    304e:	c606                	sw	ra,12(sp)
    return osal_mutex_create_static_typed(out, storage, storage_size, OSAL_MUTEX_PLAIN);
    3050:	4685                	li	a3,1
    3052:	3f69                	jal	2fec <osal_mutex_create_static_typed>
}
    3054:	40b2                	lw	ra,12(sp)
    3056:	0141                	addi	sp,sp,16
    3058:	8082                	ret

0000305a <osal_mutex_create_recursive>:
{
    305a:	1141                	addi	sp,sp,-16
    305c:	c606                	sw	ra,12(sp)
    return osal_mutex_create_typed(out, OSAL_MUTEX_RECURSIVE);
    305e:	4581                	li	a1,0
    3060:	3f31                	jal	2f7c <osal_mutex_create_typed>
}
    3062:	40b2                	lw	ra,12(sp)
    3064:	0141                	addi	sp,sp,16
    3066:	8082                	ret

00003068 <osal_mutex_create_static_recursive>:
{
    3068:	1141                	addi	sp,sp,-16
    306a:	c606                	sw	ra,12(sp)
    return osal_mutex_create_static_typed(out, storage, storage_size, OSAL_MUTEX_RECURSIVE);
    306c:	4681                	li	a3,0
    306e:	3fbd                	jal	2fec <osal_mutex_create_static_typed>
}
    3070:	40b2                	lw	ra,12(sp)
    3072:	0141                	addi	sp,sp,16
    3074:	8082                	ret

00003076 <osal_mutex_create_plain>:
{
    3076:	1141                	addi	sp,sp,-16
    3078:	c606                	sw	ra,12(sp)
    return osal_mutex_create_typed(out, OSAL_MUTEX_PLAIN);
    307a:	4585                	li	a1,1
    307c:	3701                	jal	2f7c <osal_mutex_create_typed>
}
    307e:	40b2                	lw	ra,12(sp)
    3080:	0141                	addi	sp,sp,16
    3082:	8082                	ret

00003084 <osal_mutex_create_static_plain>:
{
    3084:	1141                	addi	sp,sp,-16
    3086:	c606                	sw	ra,12(sp)
    return osal_mutex_create_static_typed(out, storage, storage_size, OSAL_MUTEX_PLAIN);
    3088:	4685                	li	a3,1
    308a:	378d                	jal	2fec <osal_mutex_create_static_typed>
}
    308c:	40b2                	lw	ra,12(sp)
    308e:	0141                	addi	sp,sp,16
    3090:	8082                	ret

00003092 <osal_mutex_destroy>:
    if (!mutex)
    3092:	cd29                	beqz	a0,30ec <osal_mutex_destroy+0x5a>
{
    3094:	1141                	addi	sp,sp,-16
    3096:	c606                	sw	ra,12(sp)
    3098:	c422                	sw	s0,8(sp)
    309a:	842a                	mv	s0,a0
    if (osal_in_isr())
    309c:	39c9                	jal	2d6e <osal_in_isr>
    309e:	e909                	bnez	a0,30b0 <osal_mutex_destroy+0x1e>
    if (mutex < s_mutex_pool || mutex >= &s_mutex_pool[OSAL_MUTEX_POOL_SIZE])
    30a0:	04818793          	addi	a5,gp,72 # 200008c8 <s_mutex_pool>
    30a4:	00f46663          	bltu	s0,a5,30b0 <osal_mutex_destroy+0x1e>
    30a8:	16818793          	addi	a5,gp,360 # 200009e8 <s_sem_pool_ctrl>
    30ac:	00f46663          	bltu	s0,a5,30b8 <osal_mutex_destroy+0x26>
}
    30b0:	40b2                	lw	ra,12(sp)
    30b2:	4422                	lw	s0,8(sp)
    30b4:	0141                	addi	sp,sp,16
    30b6:	8082                	ret
    COMPAT_ATOMIC_STORE(&mutex->lock, 0U, COMPAT_MO_RELEASE); /**< 释放互斥锁 */
    30b8:	00440793          	addi	a5,s0,4
    30bc:	0f50000f          	fence	iorw,ow
    30c0:	0807a02f          	amoswap.w	zero,zero,(a5)
    COMPAT_ATOMIC_STORE(&mutex->depth, 0U, COMPAT_MO_RELEASE); /**< 释放互斥锁深度 */
    30c4:	00840793          	addi	a5,s0,8
    30c8:	0f50000f          	fence	iorw,ow
    30cc:	0807a02f          	amoswap.w	zero,zero,(a5)
    int idx = (int)(mutex - s_mutex_pool); /**< 计算互斥锁在静态互斥锁池中的索引 */
    30d0:	04818793          	addi	a5,gp,72 # 200008c8 <s_mutex_pool>
    30d4:	8c1d                	sub	s0,s0,a5
    30d6:	8409                	srai	s0,s0,0x2
    COMPAT_IGNORE_RESULT(osal_pool_release(&s_mutex_pool_ctrl, idx)); /**< 释放互斥锁索引 */
    30d8:	aaaab5b7          	lui	a1,0xaaaab
    30dc:	aab58593          	addi	a1,a1,-1365 # aaaaaaab <ERR_SECTION_BASE+0xaaaabaab>
    30e0:	02b405b3          	mul	a1,s0,a1
    30e4:	03018513          	addi	a0,gp,48 # 200008b0 <s_mutex_pool_ctrl>
    30e8:	3381                	jal	2e28 <osal_pool_release>
    30ea:	b7d9                	j	30b0 <osal_mutex_destroy+0x1e>
    30ec:	8082                	ret

000030ee <osal_mutex_lock>:
    if (!mutex)
    30ee:	c921                	beqz	a0,313e <osal_mutex_lock+0x50>
{
    30f0:	1141                	addi	sp,sp,-16
    30f2:	c606                	sw	ra,12(sp)
    30f4:	c422                	sw	s0,8(sp)
    30f6:	c226                	sw	s1,4(sp)
    30f8:	c04a                	sw	s2,0(sp)
    30fa:	842a                	mv	s0,a0
    30fc:	84ae                	mv	s1,a1
    if (osal_in_isr())
    30fe:	3985                	jal	2d6e <osal_in_isr>
    3100:	e129                	bnez	a0,3142 <osal_mutex_lock+0x54>
    if (osal_mutex_try_acquire(mutex) == OSAL_OK)
    3102:	8522                	mv	a0,s0
    3104:	3cdd                	jal	2bfa <osal_mutex_try_acquire>
    3106:	c11d                	beqz	a0,312c <osal_mutex_lock+0x3e>
    if (timeout_ms == 0U)
    3108:	cc9d                	beqz	s1,3146 <osal_mutex_lock+0x58>
    if (timeout_ms != OSAL_WAIT_FOREVER)
    310a:	57fd                	li	a5,-1
    310c:	02f49663          	bne	s1,a5,3138 <osal_mutex_lock+0x4a>
    uint32_t start = 0U;
    3110:	4901                	li	s2,0
        if (osal_mutex_try_acquire(mutex) == OSAL_OK)
    3112:	8522                	mv	a0,s0
    3114:	34dd                	jal	2bfa <osal_mutex_try_acquire>
    3116:	c919                	beqz	a0,312c <osal_mutex_lock+0x3e>
        if (timeout_ms != OSAL_WAIT_FOREVER && (osal_time_ms() - start) >= timeout_ms)
    3118:	57fd                	li	a5,-1
    311a:	fef48ce3          	beq	s1,a5,3112 <osal_mutex_lock+0x24>
    311e:	3bc9                	jal	2ef0 <osal_time_ms>
    3120:	412507b3          	sub	a5,a0,s2
    3124:	fe97e7e3          	bltu	a5,s1,3112 <osal_mutex_lock+0x24>
            return OSAL_ERR_TIMEOUT;
    3128:	f8c00513          	li	a0,-116
}
    312c:	40b2                	lw	ra,12(sp)
    312e:	4422                	lw	s0,8(sp)
    3130:	4492                	lw	s1,4(sp)
    3132:	4902                	lw	s2,0(sp)
    3134:	0141                	addi	sp,sp,16
    3136:	8082                	ret
        start = osal_time_ms();
    3138:	3b65                	jal	2ef0 <osal_time_ms>
    313a:	892a                	mv	s2,a0
    313c:	bfd9                	j	3112 <osal_mutex_lock+0x24>
        return OSAL_ERR_INVAL;
    313e:	5529                	li	a0,-22
}
    3140:	8082                	ret
        return OSAL_ERR_ISR;
    3142:	557d                	li	a0,-1
    3144:	b7e5                	j	312c <osal_mutex_lock+0x3e>
        return OSAL_ERR_TIMEOUT;
    3146:	f8c00513          	li	a0,-116
    314a:	b7cd                	j	312c <osal_mutex_lock+0x3e>

0000314c <osal_mutex_unlock>:
    if (!mutex)
    314c:	c929                	beqz	a0,319e <osal_mutex_unlock+0x52>
{
    314e:	1141                	addi	sp,sp,-16
    3150:	c606                	sw	ra,12(sp)
    3152:	c422                	sw	s0,8(sp)
    3154:	842a                	mv	s0,a0
    if (osal_in_isr())
    3156:	3921                	jal	2d6e <osal_in_isr>
    3158:	e529                	bnez	a0,31a2 <osal_mutex_unlock+0x56>
    __asm__ volatile("csrr %0, mstatus" : "=r"(mstatus));
    315a:	30002773          	csrr	a4,mstatus
    __asm__ volatile("csrci mstatus, 8" ::: "memory");
    315e:	30047073          	csrci	mstatus,8
    if (mutex->depth == 0)
    3162:	441c                	lw	a5,8(s0)
    3164:	c385                	beqz	a5,3184 <osal_mutex_unlock+0x38>
    if (mutex->depth > 1)
    3166:	4685                	li	a3,1
    3168:	02f6e463          	bltu	a3,a5,3190 <osal_mutex_unlock+0x44>
    mutex->depth = 0U;
    316c:	00042423          	sw	zero,8(s0)
    mutex->lock = 0U;
    3170:	00042223          	sw	zero,4(s0)
    if (state & 8U)
    3174:	8b21                	andi	a4,a4,8
    3176:	c319                	beqz	a4,317c <osal_mutex_unlock+0x30>
        __asm__ volatile("csrsi mstatus, 8" ::: "memory");
    3178:	30046073          	csrsi	mstatus,8
}
    317c:	40b2                	lw	ra,12(sp)
    317e:	4422                	lw	s0,8(sp)
    3180:	0141                	addi	sp,sp,16
    3182:	8082                	ret
    if (state & 8U)
    3184:	8b21                	andi	a4,a4,8
    3186:	c319                	beqz	a4,318c <osal_mutex_unlock+0x40>
        __asm__ volatile("csrsi mstatus, 8" ::: "memory");
    3188:	30046073          	csrsi	mstatus,8
        return OSAL_ERR_IO;
    318c:	556d                	li	a0,-5
    318e:	b7fd                	j	317c <osal_mutex_unlock+0x30>
        mutex->depth--;
    3190:	17fd                	addi	a5,a5,-1
    3192:	c41c                	sw	a5,8(s0)
    if (state & 8U)
    3194:	8b21                	andi	a4,a4,8
    3196:	d37d                	beqz	a4,317c <osal_mutex_unlock+0x30>
        __asm__ volatile("csrsi mstatus, 8" ::: "memory");
    3198:	30046073          	csrsi	mstatus,8
        return OSAL_OK;
    319c:	b7c5                	j	317c <osal_mutex_unlock+0x30>
        return OSAL_ERR_INVAL;
    319e:	5529                	li	a0,-22
}
    31a0:	8082                	ret
        return OSAL_ERR_ISR;
    31a2:	557d                	li	a0,-1
    31a4:	bfe1                	j	317c <osal_mutex_unlock+0x30>

000031a6 <osal_task_create>:
}
    31a6:	fa800513          	li	a0,-88
    31aa:	8082                	ret

000031ac <osal_task_create_handle>:
    if (!out_handle)
    31ac:	00080763          	beqz	a6,31ba <osal_task_create_handle+0xe>
    *out_handle = NULL;
    31b0:	00082023          	sw	zero,0(a6)
    return OSAL_ERR_NOTSUPP;
    31b4:	fa800513          	li	a0,-88
    31b8:	8082                	ret
        return OSAL_ERR_INVAL;
    31ba:	5529                	li	a0,-22
}
    31bc:	8082                	ret

000031be <osal_task_self_delete>:
COMPAT_STATIC_INLINE void osal_null_wfi(void) { __asm__ volatile("wfi"); }
    31be:	10500073          	wfi
    31c2:	bff5                	j	31be <osal_task_self_delete>

000031c4 <osal_task_delete>:
void osal_task_delete(osal_task_handle_t task) { COMPAT_UNUSED_PARAM(task); }
    31c4:	8082                	ret

000031c6 <osal_task_is_running>:
}
    31c6:	4501                	li	a0,0
    31c8:	8082                	ret

000031ca <osal_task_get_name>:
}
    31ca:	00006517          	auipc	a0,0x6
    31ce:	a8e50513          	addi	a0,a0,-1394 # 8c58 <s_nodes+0x650>
    31d2:	8082                	ret

000031d4 <osal_task_get_stack_watermark>:
}
    31d4:	4501                	li	a0,0
    31d6:	8082                	ret

000031d8 <osal_null_sem_pool_boot_init>:
{
    31d8:	1141                	addi	sp,sp,-16
    31da:	c606                	sw	ra,12(sp)
    COMPAT_IGNORE_RESULT(osal_pool_init(&s_sem_pool_ctrl, s_sem_used, OSAL_SEM_POOL_SIZE));
    31dc:	4611                	li	a2,4
    31de:	85c18593          	addi	a1,gp,-1956 # 200000dc <s_sem_used>
    31e2:	16818513          	addi	a0,gp,360 # 200009e8 <s_sem_pool_ctrl>
    31e6:	3e69                	jal	2d80 <osal_pool_init>
}
    31e8:	40b2                	lw	ra,12(sp)
    31ea:	0141                	addi	sp,sp,16
    31ec:	8082                	ret

000031ee <osal_sem_create_binary>:
    if (!out)
    31ee:	cd1d                	beqz	a0,322c <osal_sem_create_binary+0x3e>
{
    31f0:	1141                	addi	sp,sp,-16
    31f2:	c606                	sw	ra,12(sp)
    31f4:	c422                	sw	s0,8(sp)
    31f6:	842a                	mv	s0,a0
    int idx = osal_pool_claim(&s_sem_pool_ctrl);
    31f8:	16818513          	addi	a0,gp,360 # 200009e8 <s_sem_pool_ctrl>
    31fc:	3ef1                	jal	2dd8 <osal_pool_claim>
    if (idx < 0)
    31fe:	02054963          	bltz	a0,3230 <osal_sem_create_binary+0x42>
    struct osal_sem* sem = &s_sem_pool[idx];
    3202:	00351793          	slli	a5,a0,0x3
    3206:	18018713          	addi	a4,gp,384 # 20000a00 <s_sem_pool>
    320a:	973e                	add	a4,a4,a5
    COMPAT_ATOMIC_STORE(&sem->signaled, 0U, COMPAT_MO_RELEASE);
    320c:	0f50000f          	fence	iorw,ow
    3210:	0807202f          	amoswap.w	zero,zero,(a4)
    sem->from_pool = true;
    3214:	00018693          	mv	a3,gp
    3218:	97b6                	add	a5,a5,a3
    321a:	4685                	li	a3,1
    321c:	18d78223          	sb	a3,388(a5)
    *out = sem;
    3220:	c018                	sw	a4,0(s0)
    return OSAL_OK;
    3222:	4501                	li	a0,0
}
    3224:	40b2                	lw	ra,12(sp)
    3226:	4422                	lw	s0,8(sp)
    3228:	0141                	addi	sp,sp,16
    322a:	8082                	ret
        return OSAL_ERR_INVAL;
    322c:	5529                	li	a0,-22
}
    322e:	8082                	ret
        return OSAL_ERR_NOMEM;
    3230:	5551                	li	a0,-12
    3232:	bfcd                	j	3224 <osal_sem_create_binary+0x36>

00003234 <osal_sem_create_binary_static>:
    if (!out || !storage || storage_size < sizeof(struct osal_sem))
    3234:	cd11                	beqz	a0,3250 <osal_sem_create_binary_static+0x1c>
    3236:	cd99                	beqz	a1,3254 <osal_sem_create_binary_static+0x20>
    3238:	479d                	li	a5,7
    323a:	00c7ff63          	bgeu	a5,a2,3258 <osal_sem_create_binary_static+0x24>
    COMPAT_ATOMIC_STORE(&sem->signaled, 0U, COMPAT_MO_RELEASE);
    323e:	0f50000f          	fence	iorw,ow
    3242:	0805a02f          	amoswap.w	zero,zero,(a1)
    sem->from_pool = false;
    3246:	00058223          	sb	zero,4(a1)
    *out = sem;
    324a:	c10c                	sw	a1,0(a0)
    return OSAL_OK;
    324c:	4501                	li	a0,0
    324e:	8082                	ret
        return OSAL_ERR_INVAL;
    3250:	5529                	li	a0,-22
    3252:	8082                	ret
    3254:	5529                	li	a0,-22
    3256:	8082                	ret
    3258:	5529                	li	a0,-22
}
    325a:	8082                	ret

0000325c <osal_sem_destroy>:
    if (!sem)
    325c:	cd01                	beqz	a0,3274 <osal_sem_destroy+0x18>
    if (sem->from_pool)
    325e:	00454783          	lbu	a5,4(a0)
    3262:	cb9d                	beqz	a5,3298 <osal_sem_destroy+0x3c>
        if (sem < s_sem_pool || sem >= &s_sem_pool[OSAL_SEM_POOL_SIZE])
    3264:	18018793          	addi	a5,gp,384 # 20000a00 <s_sem_pool>
    3268:	00f56663          	bltu	a0,a5,3274 <osal_sem_destroy+0x18>
    326c:	1a018793          	addi	a5,gp,416 # 20000a20 <s_sem_pool+0x20>
    3270:	00f56363          	bltu	a0,a5,3276 <osal_sem_destroy+0x1a>
    3274:	8082                	ret
{
    3276:	1141                	addi	sp,sp,-16
    3278:	c606                	sw	ra,12(sp)
        COMPAT_ATOMIC_STORE(&sem->signaled, 0U, COMPAT_MO_RELEASE);
    327a:	0f50000f          	fence	iorw,ow
    327e:	0805202f          	amoswap.w	zero,zero,(a0)
        int idx = (int)(sem - s_sem_pool); /**< 计算信号量在信号量池中的索引 */
    3282:	18018793          	addi	a5,gp,384 # 20000a00 <s_sem_pool>
    3286:	8d1d                	sub	a0,a0,a5
        COMPAT_IGNORE_RESULT(osal_pool_release(&s_sem_pool_ctrl, idx));
    3288:	40355593          	srai	a1,a0,0x3
    328c:	16818513          	addi	a0,gp,360 # 200009e8 <s_sem_pool_ctrl>
    3290:	3e61                	jal	2e28 <osal_pool_release>
}
    3292:	40b2                	lw	ra,12(sp)
    3294:	0141                	addi	sp,sp,16
    3296:	8082                	ret
    COMPAT_ATOMIC_STORE(&sem->signaled, 0U, COMPAT_MO_RELEASE);
    3298:	0f50000f          	fence	iorw,ow
    329c:	0805202f          	amoswap.w	zero,zero,(a0)
    32a0:	8082                	ret

000032a2 <osal_sem_wait>:
    if (!sem)
    32a2:	c521                	beqz	a0,32ea <osal_sem_wait+0x48>
{
    32a4:	1141                	addi	sp,sp,-16
    32a6:	c606                	sw	ra,12(sp)
    32a8:	c422                	sw	s0,8(sp)
    32aa:	c226                	sw	s1,4(sp)
    32ac:	c04a                	sw	s2,0(sp)
    32ae:	842a                	mv	s0,a0
    32b0:	84ae                	mv	s1,a1
    if (osal_sem_try_wait(sem) == OSAL_OK)
    32b2:	3279                	jal	2c40 <osal_sem_try_wait>
    32b4:	c50d                	beqz	a0,32de <osal_sem_wait+0x3c>
    if (timeout_ms == 0U)
    32b6:	cc85                	beqz	s1,32ee <osal_sem_wait+0x4c>
    if (timeout_ms == OSAL_WAIT_FOREVER)
    32b8:	57fd                	li	a5,-1
    32ba:	00f48f63          	beq	s1,a5,32d8 <osal_sem_wait+0x36>
    uint32_t start = osal_time_ms();
    32be:	390d                	jal	2ef0 <osal_time_ms>
    32c0:	892a                	mv	s2,a0
    while (osal_sem_try_wait(sem) != OSAL_OK)
    32c2:	8522                	mv	a0,s0
    32c4:	3ab5                	jal	2c40 <osal_sem_try_wait>
    32c6:	cd01                	beqz	a0,32de <osal_sem_wait+0x3c>
        if ((osal_time_ms() - start) >= timeout_ms)
    32c8:	3125                	jal	2ef0 <osal_time_ms>
    32ca:	412507b3          	sub	a5,a0,s2
    32ce:	fe97eae3          	bltu	a5,s1,32c2 <osal_sem_wait+0x20>
            return OSAL_ERR_TIMEOUT;
    32d2:	f8c00513          	li	a0,-116
    32d6:	a021                	j	32de <osal_sem_wait+0x3c>
        while (osal_sem_try_wait(sem) != OSAL_OK)
    32d8:	8522                	mv	a0,s0
    32da:	329d                	jal	2c40 <osal_sem_try_wait>
    32dc:	fd75                	bnez	a0,32d8 <osal_sem_wait+0x36>
}
    32de:	40b2                	lw	ra,12(sp)
    32e0:	4422                	lw	s0,8(sp)
    32e2:	4492                	lw	s1,4(sp)
    32e4:	4902                	lw	s2,0(sp)
    32e6:	0141                	addi	sp,sp,16
    32e8:	8082                	ret
        return OSAL_ERR_INVAL;
    32ea:	5529                	li	a0,-22
}
    32ec:	8082                	ret
        return OSAL_ERR_TIMEOUT;
    32ee:	f8c00513          	li	a0,-116
    32f2:	b7f5                	j	32de <osal_sem_wait+0x3c>

000032f4 <osal_sem_post>:
    if (!sem)
    32f4:	c901                	beqz	a0,3304 <osal_sem_post+0x10>
    COMPAT_ATOMIC_STORE(&sem->signaled, 1U, COMPAT_MO_RELEASE);
    32f6:	4785                	li	a5,1
    32f8:	0f50000f          	fence	iorw,ow
    32fc:	08f5202f          	amoswap.w	zero,a5,(a0)
    return true;
    3300:	4505                	li	a0,1
    3302:	8082                	ret
        return false;
    3304:	4501                	li	a0,0
}
    3306:	8082                	ret

00003308 <osal_sem_post_from_isr>:
{
    3308:	1141                	addi	sp,sp,-16
    330a:	c606                	sw	ra,12(sp)
    return osal_sem_post(sem);
    330c:	37e5                	jal	32f4 <osal_sem_post>
}
    330e:	40b2                	lw	ra,12(sp)
    3310:	0141                	addi	sp,sp,16
    3312:	8082                	ret

00003314 <osal_yield_from_isr>:
void osal_yield_from_isr(bool yield_required) { COMPAT_IGNORE_RESULT(yield_required); }
    3314:	8082                	ret

00003316 <osal_queue_create>:
{
    3316:	1101                	addi	sp,sp,-32
    3318:	ce06                	sw	ra,28(sp)
    331a:	cc22                	sw	s0,24(sp)
    331c:	ca26                	sw	s1,20(sp)
    331e:	c84a                	sw	s2,16(sp)
    3320:	c64e                	sw	s3,12(sp)
    if (queue_len == 0 || item_size == 0)
    3322:	c549                	beqz	a0,33ac <osal_queue_create+0x96>
    3324:	c5d1                	beqz	a1,33b0 <osal_queue_create+0x9a>
    if ((queue_len & (queue_len - 1)) != 0)
    3326:	fff50793          	addi	a5,a0,-1
    332a:	8fe9                	and	a5,a5,a0
    332c:	eba5                	bnez	a5,339c <osal_queue_create+0x86>
    if (item_size % sizeof(fifo_data_type) != 0)
    332e:	0035f793          	andi	a5,a1,3
    3332:	e3c9                	bnez	a5,33b4 <osal_queue_create+0x9e>
    size_t elements_per_item =
    3334:	0025d493          	srli	s1,a1,0x2
    size_t total_elements =
    3338:	02950433          	mul	s0,a0,s1
    if ((total_elements & (total_elements - 1)) != 0) /**< 判断总元素个数是否为2的整数倍 */
    333c:	fff40793          	addi	a5,s0,-1
    3340:	8fe1                	and	a5,a5,s0
    3342:	efb1                	bnez	a5,339e <osal_queue_create+0x88>
    if (total_elements > OSAL_NULL_QUEUE_ELEM_COUNT)
    3344:	20000793          	li	a5,512
    3348:	0687e863          	bltu	a5,s0,33b8 <osal_queue_create+0xa2>
    int idx = osal_pool_claim(&s_queue_pool_ctrl);
    334c:	00018513          	mv	a0,gp
    3350:	3461                	jal	2dd8 <osal_pool_claim>
    3352:	89aa                	mv	s3,a0
    if (idx < 0)
    3354:	06054463          	bltz	a0,33bc <osal_queue_create+0xa6>
    struct osal_queue_obj* queue = &s_queues[idx];
    3358:	00351793          	slli	a5,a0,0x3
    335c:	00a78933          	add	s2,a5,a0
    3360:	0922                	slli	s2,s2,0x8
    3362:	1fffd597          	auipc	a1,0x1fffd
    3366:	6de58593          	addi	a1,a1,1758 # 20000a40 <s_queues>
    336a:	992e                	add	s2,s2,a1
    queue->elements_per_item = elements_per_item; /**< 设置每个队列元素包含的元素个数 */
    336c:	6705                	lui	a4,0x1
    336e:	974a                	add	a4,a4,s2
    3370:	8c972023          	sw	s1,-1856(a4) # 8c0 <s_tim_oc_setup+0x266>
    if (fifo_init(&queue->fifo, queue->buf, (uint16_t)total_elements) != BUFF_OK)
    3374:	97aa                	add	a5,a5,a0
    3376:	07a2                	slli	a5,a5,0x8
    3378:	0c078793          	addi	a5,a5,192
    337c:	01041613          	slli	a2,s0,0x10
    3380:	8241                	srli	a2,a2,0x10
    3382:	95be                	add	a1,a1,a5
    3384:	854a                	mv	a0,s2
    3386:	6a0010ef          	jal	ra,4a26 <fifo_init>
    338a:	e919                	bnez	a0,33a0 <osal_queue_create+0x8a>
}
    338c:	854a                	mv	a0,s2
    338e:	40f2                	lw	ra,28(sp)
    3390:	4462                	lw	s0,24(sp)
    3392:	44d2                	lw	s1,20(sp)
    3394:	4942                	lw	s2,16(sp)
    3396:	49b2                	lw	s3,12(sp)
    3398:	6105                	addi	sp,sp,32
    339a:	8082                	ret
COMPAT_STATIC_INLINE COMPAT_NORETURN void COMPAT_TRAP(void) { __builtin_trap(); }
    339c:	9002                	ebreak
    339e:	9002                	ebreak
        COMPAT_IGNORE_RESULT(osal_pool_release(&s_queue_pool_ctrl, idx));
    33a0:	85ce                	mv	a1,s3
    33a2:	00018513          	mv	a0,gp
    33a6:	3449                	jal	2e28 <osal_pool_release>
        return NULL;
    33a8:	4901                	li	s2,0
    33aa:	b7cd                	j	338c <osal_queue_create+0x76>
        return NULL;
    33ac:	4901                	li	s2,0
    33ae:	bff9                	j	338c <osal_queue_create+0x76>
    33b0:	4901                	li	s2,0
    33b2:	bfe9                	j	338c <osal_queue_create+0x76>
        return NULL;
    33b4:	4901                	li	s2,0
    33b6:	bfd9                	j	338c <osal_queue_create+0x76>
        return NULL;
    33b8:	4901                	li	s2,0
    33ba:	bfc9                	j	338c <osal_queue_create+0x76>
        return NULL;
    33bc:	4901                	li	s2,0
    33be:	b7f9                	j	338c <osal_queue_create+0x76>

000033c0 <osal_queue_delete>:
    if (!queue)
    33c0:	c129                	beqz	a0,3402 <osal_queue_delete+0x42>
    int idx = (int)((struct osal_queue_obj*)queue -
    33c2:	1fffd717          	auipc	a4,0x1fffd
    33c6:	67e70713          	addi	a4,a4,1662 # 20000a40 <s_queues>
    33ca:	40e506b3          	sub	a3,a0,a4
    33ce:	4086d593          	srai	a1,a3,0x8
    33d2:	38e397b7          	lui	a5,0x38e39
    33d6:	e3978793          	addi	a5,a5,-455 # 38e38e39 <_eusrstack+0x18e30e39>
    33da:	02f585b3          	mul	a1,a1,a5
    if (idx < 0 || idx >= OSAL_NULL_QUEUE_POOL_SIZE || !s_queue_used[idx])
    33de:	02e51263          	bne	a0,a4,3402 <osal_queue_delete+0x42>
    33e2:	86418793          	addi	a5,gp,-1948 # 200000e4 <s_queue_used>
    33e6:	97ae                	add	a5,a5,a1
    33e8:	0007c783          	lbu	a5,0(a5)
    33ec:	cb99                	beqz	a5,3402 <osal_queue_delete+0x42>
    if (idx < 0)
    33ee:	0006ca63          	bltz	a3,3402 <osal_queue_delete+0x42>
{
    33f2:	1141                	addi	sp,sp,-16
    33f4:	c606                	sw	ra,12(sp)
    COMPAT_IGNORE_RESULT(osal_pool_release(&s_queue_pool_ctrl, idx));
    33f6:	00018513          	mv	a0,gp
    33fa:	343d                	jal	2e28 <osal_pool_release>
}
    33fc:	40b2                	lw	ra,12(sp)
    33fe:	0141                	addi	sp,sp,16
    3400:	8082                	ret
    3402:	8082                	ret

00003404 <osal_queue_send>:
 * @param[in] item 数据
 * @param[in] timeout_ms 忽略
 * @return true 成功
 */
bool osal_queue_send(osal_queue_handle_t queue, const void* item, uint32_t timeout_ms)
{
    3404:	1141                	addi	sp,sp,-16
    3406:	c606                	sw	ra,12(sp)
    3408:	c422                	sw	s0,8(sp)
    340a:	c226                	sw	s1,4(sp)
    340c:	842a                	mv	s0,a0
    340e:	84ae                	mv	s1,a1
    COMPAT_UNUSED_PARAM(timeout_ms);

    if (osal_in_isr())
    3410:	3ab9                	jal	2d6e <osal_in_isr>
    3412:	c519                	beqz	a0,3420 <osal_queue_send+0x1c>
        return false;
    3414:	4501                	li	a0,0

    return queue_send_internal(queue, item);
}
    3416:	40b2                	lw	ra,12(sp)
    3418:	4422                	lw	s0,8(sp)
    341a:	4492                	lw	s1,4(sp)
    341c:	0141                	addi	sp,sp,16
    341e:	8082                	ret
    return queue_send_internal(queue, item);
    3420:	85a6                	mv	a1,s1
    3422:	8522                	mv	a0,s0
    3424:	867ff0ef          	jal	ra,2c8a <queue_send_internal>
    3428:	b7fd                	j	3416 <osal_queue_send+0x12>

0000342a <osal_queue_send_from_isr>:
 * @param[in] item 待发送数据
 * @param[in] px_yield_required yield 标志 (裸机忽略)
 * @return true 成功, false 失败
 */
bool osal_queue_send_from_isr(osal_queue_handle_t queue, const void* item, bool* px_yield_required)
{
    342a:	1141                	addi	sp,sp,-16
    342c:	c606                	sw	ra,12(sp)
    COMPAT_UNUSED_PARAM(px_yield_required);
    return queue_send_internal(queue, item);
    342e:	85dff0ef          	jal	ra,2c8a <queue_send_internal>
}
    3432:	40b2                	lw	ra,12(sp)
    3434:	0141                	addi	sp,sp,16
    3436:	8082                	ret

00003438 <osal_queue_receive>:
 * @param[out] item 缓冲
 * @param[in] timeout_ms 超时
 * @return true 成功
 */
bool osal_queue_receive(osal_queue_handle_t queue, void* item, uint32_t timeout_ms)
{
    3438:	7179                	addi	sp,sp,-48
    343a:	d606                	sw	ra,44(sp)
    343c:	d422                	sw	s0,40(sp)
    343e:	d226                	sw	s1,36(sp)
    3440:	d04a                	sw	s2,32(sp)
    3442:	ce4e                	sw	s3,28(sp)
    3444:	cc52                	sw	s4,24(sp)
    3446:	ca56                	sw	s5,20(sp)
    3448:	842a                	mv	s0,a0
    344a:	89ae                	mv	s3,a1
    344c:	84b2                	mv	s1,a2
    if (osal_in_isr())
    344e:	3205                	jal	2d6e <osal_in_isr>
    3450:	10051263          	bnez	a0,3554 <osal_queue_receive+0x11c>
    if (!queue)
    3454:	10040a63          	beqz	s0,3568 <osal_queue_receive+0x130>
    int idx = (int)((struct osal_queue_obj*)queue -
    3458:	1fffd717          	auipc	a4,0x1fffd
    345c:	5e870713          	addi	a4,a4,1512 # 20000a40 <s_queues>
    3460:	40e406b3          	sub	a3,s0,a4
    3464:	4086d913          	srai	s2,a3,0x8
    3468:	38e397b7          	lui	a5,0x38e39
    346c:	e3978793          	addi	a5,a5,-455 # 38e38e39 <_eusrstack+0x18e30e39>
    3470:	02f90933          	mul	s2,s2,a5
    if (idx < 0 || idx >= OSAL_NULL_QUEUE_POOL_SIZE || !s_queue_used[idx])
    3474:	0ee41c63          	bne	s0,a4,356c <osal_queue_receive+0x134>
    3478:	86418793          	addi	a5,gp,-1948 # 200000e4 <s_queue_used>
    347c:	97ca                	add	a5,a5,s2
    347e:	0007c783          	lbu	a5,0(a5)
    3482:	0e078763          	beqz	a5,3570 <osal_queue_receive+0x138>
        return false;

    int idx = queue_index_of(queue);
    if (idx < 0 || !item)
    3486:	0e06c763          	bltz	a3,3574 <osal_queue_receive+0x13c>
    348a:	0e098763          	beqz	s3,3578 <osal_queue_receive+0x140>
        return false;

    struct osal_queue_obj* queue_obj = queue_at(idx);
    if (!queue_obj)
        return false;
    uint16_t epi = (uint16_t)queue_obj->elements_per_item;
    348e:	00391793          	slli	a5,s2,0x3
    3492:	97ca                	add	a5,a5,s2
    3494:	07a2                	slli	a5,a5,0x8
    3496:	973e                	add	a4,a4,a5
    3498:	6785                	lui	a5,0x1
    349a:	97ba                	add	a5,a5,a4
    349c:	8c07da03          	lhu	s4,-1856(a5) # 8c0 <s_tim_oc_setup+0x266>
    uint16_t count = 0;
    34a0:	00011723          	sh	zero,14(sp)
    uint16_t rd = 0;
    34a4:	00011623          	sh	zero,12(sp)

    if (timeout_ms == OSAL_WAIT_FOREVER)
    34a8:	57fd                	li	a5,-1
    34aa:	02f48763          	beq	s1,a5,34d8 <osal_queue_receive+0xa0>
            osal_null_wfi();
#endif
            COMPAT_IGNORE_RESULT(fifo_get_count(&queue_obj->fifo, &count));
        }
    }
    else if (timeout_ms > 0)
    34ae:	e4b1                	bnez	s1,34fa <osal_queue_receive+0xc2>
#endif
            COMPAT_IGNORE_RESULT(fifo_get_count(&queue_obj->fifo, &count));
        }
    }

    COMPAT_IGNORE_RESULT(fifo_get_count(&queue_obj->fifo, &count));
    34b0:	00391413          	slli	s0,s2,0x3
    34b4:	944a                	add	s0,s0,s2
    34b6:	0422                	slli	s0,s0,0x8
    34b8:	1fffd797          	auipc	a5,0x1fffd
    34bc:	58878793          	addi	a5,a5,1416 # 20000a40 <s_queues>
    34c0:	943e                	add	s0,s0,a5
    34c2:	00e10593          	addi	a1,sp,14
    34c6:	8522                	mv	a0,s0
    34c8:	7dc010ef          	jal	ra,4ca4 <fifo_get_count>
    if (count < epi)
    34cc:	00e15783          	lhu	a5,14(sp)
    34d0:	0747f463          	bgeu	a5,s4,3538 <osal_queue_receive+0x100>
        return false;
    34d4:	4501                	li	a0,0
    34d6:	a041                	j	3556 <osal_queue_receive+0x11e>
        COMPAT_IGNORE_RESULT(fifo_get_count(&queue_obj->fifo, &count));
    34d8:	843a                	mv	s0,a4
    34da:	00e10593          	addi	a1,sp,14
    34de:	853a                	mv	a0,a4
    34e0:	7c4010ef          	jal	ra,4ca4 <fifo_get_count>
        while (count < epi)
    34e4:	a031                	j	34f0 <osal_queue_receive+0xb8>
            COMPAT_IGNORE_RESULT(fifo_get_count(&queue_obj->fifo, &count));
    34e6:	00e10593          	addi	a1,sp,14
    34ea:	8522                	mv	a0,s0
    34ec:	7b8010ef          	jal	ra,4ca4 <fifo_get_count>
        while (count < epi)
    34f0:	00e15783          	lhu	a5,14(sp)
    34f4:	ff47e9e3          	bltu	a5,s4,34e6 <osal_queue_receive+0xae>
    34f8:	bf65                	j	34b0 <osal_queue_receive+0x78>
        uint32_t start = osal_time_ms();
    34fa:	3add                	jal	2ef0 <osal_time_ms>
    34fc:	8aaa                	mv	s5,a0
        COMPAT_IGNORE_RESULT(fifo_get_count(&queue_obj->fifo, &count));
    34fe:	00391413          	slli	s0,s2,0x3
    3502:	944a                	add	s0,s0,s2
    3504:	0422                	slli	s0,s0,0x8
    3506:	1fffd797          	auipc	a5,0x1fffd
    350a:	53a78793          	addi	a5,a5,1338 # 20000a40 <s_queues>
    350e:	943e                	add	s0,s0,a5
    3510:	00e10593          	addi	a1,sp,14
    3514:	8522                	mv	a0,s0
    3516:	78e010ef          	jal	ra,4ca4 <fifo_get_count>
        while (count < epi)
    351a:	00e15783          	lhu	a5,14(sp)
    351e:	f947f9e3          	bgeu	a5,s4,34b0 <osal_queue_receive+0x78>
            if ((osal_time_ms() - start) >= timeout_ms)
    3522:	32f9                	jal	2ef0 <osal_time_ms>
    3524:	41550533          	sub	a0,a0,s5
    3528:	04957a63          	bgeu	a0,s1,357c <osal_queue_receive+0x144>
            COMPAT_IGNORE_RESULT(fifo_get_count(&queue_obj->fifo, &count));
    352c:	00e10593          	addi	a1,sp,14
    3530:	8522                	mv	a0,s0
    3532:	772010ef          	jal	ra,4ca4 <fifo_get_count>
    3536:	b7d5                	j	351a <osal_queue_receive+0xe2>

    if (fifo_read_block(&queue_obj->fifo, (fifo_data_type*)item, epi, &rd) != BUFF_OK)
    3538:	0074                	addi	a3,sp,12
    353a:	8652                	mv	a2,s4
    353c:	85ce                	mv	a1,s3
    353e:	8522                	mv	a0,s0
    3540:	690010ef          	jal	ra,4bd0 <fifo_read_block>
    3544:	ed15                	bnez	a0,3580 <osal_queue_receive+0x148>
        return false;
    return rd == epi;
    3546:	00c15503          	lhu	a0,12(sp)
    354a:	41450533          	sub	a0,a0,s4
    354e:	00153513          	seqz	a0,a0
    3552:	a011                	j	3556 <osal_queue_receive+0x11e>
        return false;
    3554:	4501                	li	a0,0
}
    3556:	50b2                	lw	ra,44(sp)
    3558:	5422                	lw	s0,40(sp)
    355a:	5492                	lw	s1,36(sp)
    355c:	5902                	lw	s2,32(sp)
    355e:	49f2                	lw	s3,28(sp)
    3560:	4a62                	lw	s4,24(sp)
    3562:	4ad2                	lw	s5,20(sp)
    3564:	6145                	addi	sp,sp,48
    3566:	8082                	ret
        return false;
    3568:	4501                	li	a0,0
    356a:	b7f5                	j	3556 <osal_queue_receive+0x11e>
    356c:	4501                	li	a0,0
    356e:	b7e5                	j	3556 <osal_queue_receive+0x11e>
    3570:	4501                	li	a0,0
    3572:	b7d5                	j	3556 <osal_queue_receive+0x11e>
    3574:	4501                	li	a0,0
    3576:	b7c5                	j	3556 <osal_queue_receive+0x11e>
    3578:	4501                	li	a0,0
    357a:	bff1                	j	3556 <osal_queue_receive+0x11e>
                return false;
    357c:	4501                	li	a0,0
    357e:	bfe1                	j	3556 <osal_queue_receive+0x11e>
        return false;
    3580:	4501                	li	a0,0
    3582:	bfd1                	j	3556 <osal_queue_receive+0x11e>

00003584 <osal_queue_receive_from_isr>:
    if (!queue)
    3584:	cd41                	beqz	a0,361c <osal_queue_receive_from_isr+0x98>
 * @param[out] item 接收缓冲区
 * @param[out] px_yield_required yield 标志 (裸机忽略)
 * @return true 收到完整 item, false 数据不足或参数无效
 */
bool osal_queue_receive_from_isr(osal_queue_handle_t queue, void* item, bool* px_yield_required)
{
    3586:	1101                	addi	sp,sp,-32
    3588:	ce06                	sw	ra,28(sp)
    358a:	cc22                	sw	s0,24(sp)
    358c:	ca26                	sw	s1,20(sp)
    358e:	c84a                	sw	s2,16(sp)
    3590:	84ae                	mv	s1,a1
    int idx = (int)((struct osal_queue_obj*)queue -
    3592:	1fffd697          	auipc	a3,0x1fffd
    3596:	4ae68693          	addi	a3,a3,1198 # 20000a40 <s_queues>
    359a:	40d50633          	sub	a2,a0,a3
    359e:	40865793          	srai	a5,a2,0x8
    35a2:	38e39737          	lui	a4,0x38e39
    35a6:	e3970713          	addi	a4,a4,-455 # 38e38e39 <_eusrstack+0x18e30e39>
    35aa:	02e787b3          	mul	a5,a5,a4
    if (idx < 0 || idx >= OSAL_NULL_QUEUE_POOL_SIZE || !s_queue_used[idx])
    35ae:	06d51963          	bne	a0,a3,3620 <osal_queue_receive_from_isr+0x9c>
    35b2:	86418713          	addi	a4,gp,-1948 # 200000e4 <s_queue_used>
    35b6:	973e                	add	a4,a4,a5
    35b8:	00074703          	lbu	a4,0(a4)
    35bc:	c725                	beqz	a4,3624 <osal_queue_receive_from_isr+0xa0>
    COMPAT_IGNORE_RESULT(px_yield_required);

    int idx = queue_index_of(queue);
    if (idx < 0 || !item) /**< 判断队列句柄是否有效且接收数据指针是否有效 */
    35be:	06064563          	bltz	a2,3628 <osal_queue_receive_from_isr+0xa4>
    35c2:	c9b5                	beqz	a1,3636 <osal_queue_receive_from_isr+0xb2>
        return false;

    struct osal_queue_obj* queue_obj = queue_at(idx);
    if (!queue_obj)
        return false;
    uint16_t epi = (uint16_t)queue_obj->elements_per_item;
    35c4:	85b6                	mv	a1,a3
    35c6:	00379713          	slli	a4,a5,0x3
    35ca:	00f706b3          	add	a3,a4,a5
    35ce:	06a2                	slli	a3,a3,0x8
    35d0:	96ae                	add	a3,a3,a1
    35d2:	6605                	lui	a2,0x1
    35d4:	96b2                	add	a3,a3,a2
    35d6:	8c06d903          	lhu	s2,-1856(a3)
    uint16_t count = 0;
    35da:	00011723          	sh	zero,14(sp)
    uint16_t rd = 0;
    35de:	00011623          	sh	zero,12(sp)

    COMPAT_IGNORE_RESULT(fifo_get_count(&queue_obj->fifo, &count));
    35e2:	00f70433          	add	s0,a4,a5
    35e6:	0422                	slli	s0,s0,0x8
    35e8:	942e                	add	s0,s0,a1
    35ea:	00e10593          	addi	a1,sp,14
    35ee:	8522                	mv	a0,s0
    35f0:	6b4010ef          	jal	ra,4ca4 <fifo_get_count>
    if (count < epi)
    35f4:	00e15783          	lhu	a5,14(sp)
    35f8:	0127f463          	bgeu	a5,s2,3600 <osal_queue_receive_from_isr+0x7c>
        return false;
    35fc:	4501                	li	a0,0
    35fe:	a035                	j	362a <osal_queue_receive_from_isr+0xa6>

    if (fifo_read_block(&queue_obj->fifo, (fifo_data_type*)item, epi, &rd) != BUFF_OK)
    3600:	0074                	addi	a3,sp,12
    3602:	864a                	mv	a2,s2
    3604:	85a6                	mv	a1,s1
    3606:	8522                	mv	a0,s0
    3608:	5c8010ef          	jal	ra,4bd0 <fifo_read_block>
    360c:	e51d                	bnez	a0,363a <osal_queue_receive_from_isr+0xb6>
        return false;
    return rd == epi;
    360e:	00c15503          	lhu	a0,12(sp)
    3612:	41250533          	sub	a0,a0,s2
    3616:	00153513          	seqz	a0,a0
    361a:	a801                	j	362a <osal_queue_receive_from_isr+0xa6>
        return false;
    361c:	4501                	li	a0,0
}
    361e:	8082                	ret
        return false;
    3620:	4501                	li	a0,0
    3622:	a021                	j	362a <osal_queue_receive_from_isr+0xa6>
    3624:	4501                	li	a0,0
    3626:	a011                	j	362a <osal_queue_receive_from_isr+0xa6>
    3628:	4501                	li	a0,0
}
    362a:	40f2                	lw	ra,28(sp)
    362c:	4462                	lw	s0,24(sp)
    362e:	44d2                	lw	s1,20(sp)
    3630:	4942                	lw	s2,16(sp)
    3632:	6105                	addi	sp,sp,32
    3634:	8082                	ret
        return false;
    3636:	4501                	li	a0,0
    3638:	bfcd                	j	362a <osal_queue_receive_from_isr+0xa6>
        return false;
    363a:	4501                	li	a0,0
    363c:	b7fd                	j	362a <osal_queue_receive_from_isr+0xa6>

0000363e <safety_hardware_shutdown>:
    363e:	9002                	ebreak

00003640 <osal_panic_interlock>:
COMPAT_WEAK void safety_hardware_shutdown(void) { COMPAT_TRAP(); }

/**
 * @brief 弱符号 Panic 安全互锁 (板级可覆盖: 喂狗、切断执行器等)
 */
COMPAT_WEAK void osal_panic_interlock(void) {}
    3640:	8082                	ret

00003642 <osal_sched_freeze>:
    __asm__ volatile("csrr %0, mstatus" : "=r"(mstatus));
    3642:	300027f3          	csrr	a5,mstatus
    __asm__ volatile("csrci mstatus, 8" ::: "memory");
    3646:	30047073          	csrci	mstatus,8

/**
 * @brief 关中断冻结调度
 */
void osal_sched_freeze(void) { COMPAT_IGNORE_RESULT(osal_null_irq_disable()); }
    364a:	8082                	ret

0000364c <osal_int_freeze>:
    __asm__ volatile("csrr %0, mstatus" : "=r"(mstatus));
    364c:	300027f3          	csrr	a5,mstatus
    __asm__ volatile("csrci mstatus, 8" ::: "memory");
    3650:	30047073          	csrci	mstatus,8

/**
 * @brief 关中断不可恢复
 */
void osal_int_freeze(void) { (void)osal_null_irq_disable(); }
    3654:	8082                	ret

00003656 <osal_log>:
 * @param[in] tag 标签
 * @param[in] fmt 格式
 * @param ... 参数
 */
void osal_log(osal_log_level_t level, const char* tag, const char* fmt, ...)
{
    3656:	7139                	addi	sp,sp,-64
    3658:	ce06                	sw	ra,28(sp)
    365a:	cc22                	sw	s0,24(sp)
    365c:	8432                	mv	s0,a2
    365e:	d636                	sw	a3,44(sp)
    3660:	d83a                	sw	a4,48(sp)
    3662:	da3e                	sw	a5,52(sp)
    3664:	dc42                	sw	a6,56(sp)
    3666:	de46                	sw	a7,60(sp)
    COMPAT_UNUSED_PARAM(level);
    if (!fmt)
    3668:	ca05                	beqz	a2,3698 <osal_log+0x42>
        fmt = "(null)";

    va_list args;
    va_start(args, fmt);
    366a:	107c                	addi	a5,sp,44
    366c:	c63e                	sw	a5,12(sp)
    my_printf_output("[%s] ", tag ? tag : "drv");
    366e:	c995                	beqz	a1,36a2 <osal_log+0x4c>
    3670:	00005517          	auipc	a0,0x5
    3674:	60050513          	addi	a0,a0,1536 # 8c70 <s_nodes+0x668>
    3678:	6cf000ef          	jal	ra,4546 <my_printf_output>
    vprintf(fmt, args);
    367c:	45b2                	lw	a1,12(sp)
    367e:	8522                	mv	a0,s0
    3680:	743030ef          	jal	ra,75c2 <viprintf>
    my_printf_output("\n");
    3684:	00005517          	auipc	a0,0x5
    3688:	5f450513          	addi	a0,a0,1524 # 8c78 <s_nodes+0x670>
    368c:	6bb000ef          	jal	ra,4546 <my_printf_output>
    va_end(args);
}
    3690:	40f2                	lw	ra,28(sp)
    3692:	4462                	lw	s0,24(sp)
    3694:	6121                	addi	sp,sp,64
    3696:	8082                	ret
        fmt = "(null)";
    3698:	00005417          	auipc	s0,0x5
    369c:	5cc40413          	addi	s0,s0,1484 # 8c64 <s_nodes+0x65c>
    36a0:	b7e9                	j	366a <osal_log+0x14>
    my_printf_output("[%s] ", tag ? tag : "drv");
    36a2:	00005597          	auipc	a1,0x5
    36a6:	5ca58593          	addi	a1,a1,1482 # 8c6c <s_nodes+0x664>
    36aa:	b7d9                	j	3670 <osal_log+0x1a>

000036ac <osal_log_fatal>:
 * @brief 致命日志
 * @param[in] fmt 格式
 * @param ... 参数
 */
void osal_log_fatal(const char* fmt, ...)
{
    36ac:	7139                	addi	sp,sp,-64
    36ae:	ce06                	sw	ra,28(sp)
    36b0:	cc22                	sw	s0,24(sp)
    36b2:	842a                	mv	s0,a0
    36b4:	d22e                	sw	a1,36(sp)
    36b6:	d432                	sw	a2,40(sp)
    36b8:	d636                	sw	a3,44(sp)
    36ba:	d83a                	sw	a4,48(sp)
    36bc:	da3e                	sw	a5,52(sp)
    36be:	dc42                	sw	a6,56(sp)
    36c0:	de46                	sw	a7,60(sp)
    if (!fmt)
    36c2:	c51d                	beqz	a0,36f0 <osal_log_fatal+0x44>
        fmt = "(null)";

    va_list args;
    va_start(args, fmt);
    36c4:	105c                	addi	a5,sp,36
    36c6:	c63e                	sw	a5,12(sp)
    my_printf_output("\r\n[FATAL ERROR] ");
    36c8:	00005517          	auipc	a0,0x5
    36cc:	5b450513          	addi	a0,a0,1460 # 8c7c <s_nodes+0x674>
    36d0:	677000ef          	jal	ra,4546 <my_printf_output>
    vprintf(fmt, args);
    36d4:	45b2                	lw	a1,12(sp)
    36d6:	8522                	mv	a0,s0
    36d8:	6eb030ef          	jal	ra,75c2 <viprintf>
    my_printf_output("\r\n");
    36dc:	00005517          	auipc	a0,0x5
    36e0:	5b450513          	addi	a0,a0,1460 # 8c90 <s_nodes+0x688>
    36e4:	663000ef          	jal	ra,4546 <my_printf_output>
    va_end(args);
}
    36e8:	40f2                	lw	ra,28(sp)
    36ea:	4462                	lw	s0,24(sp)
    36ec:	6121                	addi	sp,sp,64
    36ee:	8082                	ret
        fmt = "(null)";
    36f0:	00005417          	auipc	s0,0x5
    36f4:	57440413          	addi	s0,s0,1396 # 8c64 <s_nodes+0x65c>
    36f8:	b7f1                	j	36c4 <osal_log_fatal+0x18>

000036fa <osal_log_critical_assert>:
 * @param[in] line 行号
 * @param[in] fmt 格式
 * @param ... 参数
 */
void osal_log_critical_assert(const char* file, int line, const char* fmt, ...)
{
    36fa:	7139                	addi	sp,sp,-64
    36fc:	ce06                	sw	ra,28(sp)
    36fe:	cc22                	sw	s0,24(sp)
    3700:	8432                	mv	s0,a2
    3702:	d636                	sw	a3,44(sp)
    3704:	d83a                	sw	a4,48(sp)
    3706:	da3e                	sw	a5,52(sp)
    3708:	dc42                	sw	a6,56(sp)
    370a:	de46                	sw	a7,60(sp)
    if (!fmt)
    370c:	ca15                	beqz	a2,3740 <osal_log_critical_assert+0x46>
        fmt = "(null)";

    va_list args;
    va_start(args, fmt);
    370e:	107c                	addi	a5,sp,44
    3710:	c63e                	sw	a5,12(sp)
    my_printf_output("\r\n[1 FAILED] %s:%d: ", file ? file : "?", line);
    3712:	cd05                	beqz	a0,374a <osal_log_critical_assert+0x50>
    3714:	862e                	mv	a2,a1
    3716:	85aa                	mv	a1,a0
    3718:	00005517          	auipc	a0,0x5
    371c:	58050513          	addi	a0,a0,1408 # 8c98 <s_nodes+0x690>
    3720:	627000ef          	jal	ra,4546 <my_printf_output>
    vprintf(fmt, args);
    3724:	45b2                	lw	a1,12(sp)
    3726:	8522                	mv	a0,s0
    3728:	69b030ef          	jal	ra,75c2 <viprintf>
    my_printf_output("\r\n");
    372c:	00005517          	auipc	a0,0x5
    3730:	56450513          	addi	a0,a0,1380 # 8c90 <s_nodes+0x688>
    3734:	613000ef          	jal	ra,4546 <my_printf_output>
    va_end(args);
}
    3738:	40f2                	lw	ra,28(sp)
    373a:	4462                	lw	s0,24(sp)
    373c:	6121                	addi	sp,sp,64
    373e:	8082                	ret
        fmt = "(null)";
    3740:	00005417          	auipc	s0,0x5
    3744:	52440413          	addi	s0,s0,1316 # 8c64 <s_nodes+0x65c>
    3748:	b7d9                	j	370e <osal_log_critical_assert+0x14>
    my_printf_output("\r\n[1 FAILED] %s:%d: ", file ? file : "?", line);
    374a:	00005517          	auipc	a0,0x5
    374e:	54a50513          	addi	a0,a0,1354 # 8c94 <s_nodes+0x68c>
    3752:	b7c9                	j	3714 <osal_log_critical_assert+0x1a>

00003754 <hal_iwdg_init>:
COMPAT_WEAK int hal_iwdg_init(struct hal_iwdg_dev* pdev, const struct hal_iwdg_config* cfg)
{
    (void)pdev;
    (void)cfg;
    return MINI_ERR_NOTSUPP;
}
    3754:	fa800513          	li	a0,-88
    3758:	8082                	ret

0000375a <hal_iwdg_start>:

COMPAT_WEAK int hal_iwdg_start(struct hal_iwdg_dev* pdev)
{
    (void)pdev;
    return MINI_ERR_NOTSUPP;
}
    375a:	fa800513          	li	a0,-88
    375e:	8082                	ret

00003760 <hal_iwdg_feed>:

COMPAT_WEAK int hal_iwdg_feed(struct hal_iwdg_dev* pdev)
{
    (void)pdev;
    return MINI_ERR_NOTSUPP;
}
    3760:	fa800513          	li	a0,-88
    3764:	8082                	ret

00003766 <hal_iwdg_set_timeout_ms>:
COMPAT_WEAK int hal_iwdg_set_timeout_ms(struct hal_iwdg_dev* pdev, uint32_t timeout_ms)
{
    (void)pdev;
    (void)timeout_ms;
    return MINI_ERR_NOTSUPP;
}
    3766:	fa800513          	li	a0,-88
    376a:	8082                	ret

0000376c <hal_iwdg_set_long_timeout>:

COMPAT_WEAK int hal_iwdg_set_long_timeout(struct hal_iwdg_dev* pdev)
{
    (void)pdev;
    return MINI_ERR_NOTSUPP;
}
    376c:	fa800513          	li	a0,-88
    3770:	8082                	ret

00003772 <hal_iwdg_restore_timeout>:

COMPAT_WEAK int hal_iwdg_restore_timeout(struct hal_iwdg_dev* pdev)
{
    (void)pdev;
    return MINI_ERR_NOTSUPP;
}
    3772:	fa800513          	li	a0,-88
    3776:	8082                	ret

00003778 <hal_platform_critical_hardware_lock>:
#include "status.h"
#if defined(ESP_PLATFORM)
/* ESP-IDF 构建: 本文件编译为空 — hal_* 由板级组件 (如 hal_esp32s3) 提供 strong
 * 实现, 缺失直接链接报错, 杜绝静默 -ENOSYS。非 ESP 构建保留 weak stub 兜底。 */
#else
COMPAT_WEAK int hal_platform_critical_hardware_lock(void) { return MINI_OK; }
    3778:	4501                	li	a0,0
    377a:	8082                	ret

0000377c <hal_pwm_force_stop_all>:
COMPAT_WEAK int hal_pwm_force_stop_all(void) { return MINI_OK; }
    377c:	4501                	li	a0,0
    377e:	8082                	ret

00003780 <hal_platform_nmi_emergency_stamp>:
COMPAT_WEAK void hal_platform_nmi_emergency_stamp(void) {}
    3780:	8082                	ret

00003782 <hal_systick_init>:

int hal_systick_init(uint32_t tick_hz)
{
    (void)tick_hz;
    return MINI_ERR_NOTSUPP;
}
    3782:	fa800513          	li	a0,-88
    3786:	8082                	ret

00003788 <hal_systick_deinit>:

int hal_systick_deinit(void) { return MINI_OK; }
    3788:	4501                	li	a0,0
    378a:	8082                	ret

/**
 * @brief SysTick 中断业务钩子默认空实现 (weak)
 * @note  由调度器等使用方强符号覆盖; 本弱符号保证链接期总有定义。
 */
COMPAT_WEAK void hal_systick_irq_handler(void) {}
    378c:	8082                	ret

0000378e <device_status_can_transit>:
 * @param[in] to 目标状态
 * @return 1 允许, 0 禁止
 */
static int device_status_can_transit(enum device_status from, enum device_status to)
{
    if (from == to)
    378e:	0cb50763          	beq	a0,a1,385c <device_status_can_transit+0xce>
        return 1;

    switch (from)
    3792:	479d                	li	a5,7
    3794:	0ca7e663          	bltu	a5,a0,3860 <device_status_can_transit+0xd2>
    3798:	050a                	slli	a0,a0,0x2
    379a:	00005717          	auipc	a4,0x5
    379e:	e9670713          	addi	a4,a4,-362 # 8630 <s_nodes+0x28>
    37a2:	953a                	add	a0,a0,a4
    37a4:	411c                	lw	a5,0(a0)
    37a6:	97ba                	add	a5,a5,a4
    37a8:	8782                	jr	a5
    {
    case DEVICE_STATUS_DISABLED:
        return to == DEVICE_STATUS_READY || to == DEVICE_STATUS_UNINIT;
    37aa:	15fd                	addi	a1,a1,-1
    37ac:	0025b513          	sltiu	a0,a1,2
    37b0:	8082                	ret
    case DEVICE_STATUS_UNINIT:
        return to == DEVICE_STATUS_READY || to == DEVICE_STATUS_ERROR ||
    37b2:	4789                	li	a5,2
    37b4:	0af58863          	beq	a1,a5,3864 <device_status_can_transit+0xd6>
    37b8:	4799                	li	a5,6
    37ba:	0af58763          	beq	a1,a5,3868 <device_status_can_transit+0xda>
    37be:	e5dd                	bnez	a1,386c <device_status_can_transit+0xde>
    37c0:	4505                	li	a0,1
    37c2:	8082                	ret
               to == DEVICE_STATUS_DISABLED;
    case DEVICE_STATUS_READY:
        return to == DEVICE_STATUS_PROBED || to == DEVICE_STATUS_DISABLED ||
    37c4:	478d                	li	a5,3
    37c6:	0af58563          	beq	a1,a5,3870 <device_status_can_transit+0xe2>
    37ca:	c5cd                	beqz	a1,3874 <device_status_can_transit+0xe6>
    37cc:	4799                	li	a5,6
    37ce:	00f58463          	beq	a1,a5,37d6 <device_status_can_transit+0x48>
    37d2:	4501                	li	a0,0
    37d4:	8082                	ret
    37d6:	4505                	li	a0,1
    37d8:	8082                	ret
               to == DEVICE_STATUS_ERROR;
    case DEVICE_STATUS_PROBED:
        return to == DEVICE_STATUS_RUNNING || to == DEVICE_STATUS_SUSPENDED ||
    37da:	ffc58793          	addi	a5,a1,-4
               to == DEVICE_STATUS_READY || to == DEVICE_STATUS_REMOVED ||
    37de:	4705                	li	a4,1
    37e0:	08f77c63          	bgeu	a4,a5,3878 <device_status_can_transit+0xea>
    37e4:	4799                	li	a5,6
    37e6:	08f58b63          	beq	a1,a5,387c <device_status_can_transit+0xee>
    37ea:	479d                	li	a5,7
    37ec:	08f58a63          	beq	a1,a5,3880 <device_status_can_transit+0xf2>
    37f0:	4789                	li	a5,2
    37f2:	00f58463          	beq	a1,a5,37fa <device_status_can_transit+0x6c>
    37f6:	4501                	li	a0,0
    37f8:	8082                	ret
    37fa:	4505                	li	a0,1
    37fc:	8082                	ret
               to == DEVICE_STATUS_ERROR;
    case DEVICE_STATUS_RUNNING:
        return to == DEVICE_STATUS_SUSPENDED || to == DEVICE_STATUS_READY ||
               to == DEVICE_STATUS_REMOVED || to == DEVICE_STATUS_ERROR ||
    37fe:	4795                	li	a5,5
    3800:	08f58263          	beq	a1,a5,3884 <device_status_can_transit+0xf6>
    3804:	4799                	li	a5,6
    3806:	08f58163          	beq	a1,a5,3888 <device_status_can_transit+0xfa>
    380a:	00b7ea63          	bltu	a5,a1,381e <device_status_can_transit+0x90>
    380e:	4789                	li	a5,2
    3810:	06f58e63          	beq	a1,a5,388c <device_status_can_transit+0xfe>
    3814:	478d                	li	a5,3
    3816:	06f59d63          	bne	a1,a5,3890 <device_status_can_transit+0x102>
    381a:	4505                	li	a0,1
    381c:	8082                	ret
    381e:	479d                	li	a5,7
    3820:	06f59a63          	bne	a1,a5,3894 <device_status_can_transit+0x106>
    3824:	4505                	li	a0,1
    3826:	8082                	ret
               to == DEVICE_STATUS_PROBED;
    case DEVICE_STATUS_SUSPENDED:
        return to == DEVICE_STATUS_RUNNING || to == DEVICE_STATUS_READY ||
               to == DEVICE_STATUS_REMOVED || to == DEVICE_STATUS_ERROR;
    3828:	4791                	li	a5,4
    382a:	06f58763          	beq	a1,a5,3898 <device_status_can_transit+0x10a>
    382e:	4799                	li	a5,6
    3830:	06f58663          	beq	a1,a5,389c <device_status_can_transit+0x10e>
    3834:	479d                	li	a5,7
    3836:	06f58563          	beq	a1,a5,38a0 <device_status_can_transit+0x112>
    383a:	4789                	li	a5,2
    383c:	00f58463          	beq	a1,a5,3844 <device_status_can_transit+0xb6>
    3840:	4501                	li	a0,0
    3842:	8082                	ret
    3844:	4505                	li	a0,1
    3846:	8082                	ret
    case DEVICE_STATUS_ERROR:
        return to == DEVICE_STATUS_REMOVED;
    3848:	15e5                	addi	a1,a1,-7
    384a:	0015b513          	seqz	a0,a1
    384e:	8082                	ret
    case DEVICE_STATUS_REMOVED:
        return to == DEVICE_STATUS_READY || to == DEVICE_STATUS_DISABLED;
    3850:	4789                	li	a5,2
    3852:	04f58963          	beq	a1,a5,38a4 <device_status_can_transit+0x116>
    3856:	e9a9                	bnez	a1,38a8 <device_status_can_transit+0x11a>
    3858:	4505                	li	a0,1
    385a:	8082                	ret
        return 1;
    385c:	4505                	li	a0,1
    385e:	8082                	ret
    switch (from)
    3860:	4501                	li	a0,0
    3862:	8082                	ret
        return to == DEVICE_STATUS_READY || to == DEVICE_STATUS_ERROR ||
    3864:	4505                	li	a0,1
    3866:	8082                	ret
    3868:	4505                	li	a0,1
    386a:	8082                	ret
    386c:	4501                	li	a0,0
    386e:	8082                	ret
        return to == DEVICE_STATUS_PROBED || to == DEVICE_STATUS_DISABLED ||
    3870:	4505                	li	a0,1
    3872:	8082                	ret
    3874:	4505                	li	a0,1
    3876:	8082                	ret
               to == DEVICE_STATUS_READY || to == DEVICE_STATUS_REMOVED ||
    3878:	4505                	li	a0,1
    387a:	8082                	ret
    387c:	4505                	li	a0,1
    387e:	8082                	ret
    3880:	4505                	li	a0,1
    3882:	8082                	ret
               to == DEVICE_STATUS_REMOVED || to == DEVICE_STATUS_ERROR ||
    3884:	4505                	li	a0,1
    3886:	8082                	ret
    3888:	4505                	li	a0,1
    388a:	8082                	ret
    388c:	4505                	li	a0,1
    388e:	8082                	ret
    3890:	4501                	li	a0,0
    3892:	8082                	ret
    3894:	4501                	li	a0,0
    3896:	8082                	ret
               to == DEVICE_STATUS_REMOVED || to == DEVICE_STATUS_ERROR;
    3898:	4505                	li	a0,1
    389a:	8082                	ret
    389c:	4505                	li	a0,1
    389e:	8082                	ret
    38a0:	4505                	li	a0,1
    38a2:	8082                	ret
        return to == DEVICE_STATUS_READY || to == DEVICE_STATUS_DISABLED;
    38a4:	4505                	li	a0,1
    38a6:	8082                	ret
    38a8:	4501                	li	a0,0
    default:
        return 0;
    }
}
    38aa:	8082                	ret

000038ac <safe_parse_int32>:
 * @return 0 成功, -1 非法字符或溢出
 * @note 无 errno 依赖, 线程安全
 */
static int safe_parse_int32(const char* str, int* out)
{
    if (!str || !*str || !out)
    38ac:	c57d                	beqz	a0,399a <safe_parse_int32+0xee>
    38ae:	00054783          	lbu	a5,0(a0)
    38b2:	c7f5                	beqz	a5,399e <safe_parse_int32+0xf2>
    38b4:	c5fd                	beqz	a1,39a2 <safe_parse_int32+0xf6>
        return -1;

    int sign = 1;
    const char* cursor = str;
    if (*cursor == '-')
    38b6:	02d00713          	li	a4,45
    38ba:	02e78863          	beq	a5,a4,38ea <safe_parse_int32+0x3e>
    {
        sign = -1;
        cursor++;
    }
    else if (*cursor == '+')
    38be:	02b00713          	li	a4,43
    38c2:	02e78763          	beq	a5,a4,38f0 <safe_parse_int32+0x44>
    int sign = 1;
    38c6:	4305                	li	t1,1
    {
        cursor++;
    }

    int base = 10;
    if (*cursor == '0')
    38c8:	00054703          	lbu	a4,0(a0)
    38cc:	03000793          	li	a5,48
    38d0:	02f70363          	beq	a4,a5,38f6 <safe_parse_int32+0x4a>
    int base = 10;
    38d4:	4629                	li	a2,10
        {
            base = 8;
        }
    }

    if (!*cursor)
    38d6:	00054783          	lbu	a5,0(a0)
    38da:	c7f1                	beqz	a5,39a6 <safe_parse_int32+0xfa>
        return -1;

    uint32_t val = 0;
    const uint32_t limit = (sign > 0) ? (uint32_t)INT32_MAX : (uint32_t)INT32_MAX + 1UL;
    38dc:	04605463          	blez	t1,3924 <safe_parse_int32+0x78>
    38e0:	800008b7          	lui	a7,0x80000
    38e4:	18fd                	addi	a7,a7,-1 # 7fffffff <ERR_SECTION_BASE+0x80000fff>
    uint32_t val = 0;
    38e6:	4701                	li	a4,0

    while (*cursor)
    38e8:	a0b5                	j	3954 <safe_parse_int32+0xa8>
        cursor++;
    38ea:	0505                	addi	a0,a0,1
        sign = -1;
    38ec:	537d                	li	t1,-1
    38ee:	bfe9                	j	38c8 <safe_parse_int32+0x1c>
        cursor++;
    38f0:	0505                	addi	a0,a0,1
    int sign = 1;
    38f2:	4305                	li	t1,1
    38f4:	bfd1                	j	38c8 <safe_parse_int32+0x1c>
        cursor++;
    38f6:	00150693          	addi	a3,a0,1
        if (*cursor == 'x' || *cursor == 'X')
    38fa:	00154783          	lbu	a5,1(a0)
    38fe:	07800713          	li	a4,120
    3902:	00e78a63          	beq	a5,a4,3916 <safe_parse_int32+0x6a>
    3906:	05800713          	li	a4,88
    390a:	00e78663          	beq	a5,a4,3916 <safe_parse_int32+0x6a>
        else if (*cursor == '\0')
    390e:	c799                	beqz	a5,391c <safe_parse_int32+0x70>
        cursor++;
    3910:	8536                	mv	a0,a3
            base = 8;
    3912:	4621                	li	a2,8
    3914:	b7c9                	j	38d6 <safe_parse_int32+0x2a>
            cursor++;
    3916:	0509                	addi	a0,a0,2
            base = 16;
    3918:	4641                	li	a2,16
            cursor++;
    391a:	bf75                	j	38d6 <safe_parse_int32+0x2a>
            *out = 0;
    391c:	0005a023          	sw	zero,0(a1)
            return 0;
    3920:	4501                	li	a0,0
    3922:	8082                	ret
    const uint32_t limit = (sign > 0) ? (uint32_t)INT32_MAX : (uint32_t)INT32_MAX + 1UL;
    3924:	800008b7          	lui	a7,0x80000
    3928:	bf7d                	j	38e6 <safe_parse_int32+0x3a>
            break;

        uint32_t digit;
        if (*cursor >= '0' && *cursor <= '9')
            digit = (uint32_t)(*cursor - '0');
        else if (*cursor >= 'a' && *cursor <= 'f')
    392a:	f9f78693          	addi	a3,a5,-97
    392e:	0ff6f693          	zext.b	a3,a3
    3932:	4815                	li	a6,5
    3934:	04d86163          	bltu	a6,a3,3976 <safe_parse_int32+0xca>
            digit = (uint32_t)(*cursor - 'a' + 10);
    3938:	fa978793          	addi	a5,a5,-87
        else if (*cursor >= 'A' && *cursor <= 'F')
            digit = (uint32_t)(*cursor - 'A' + 10);
        else
            return -1;

        if (digit >= (uint32_t)base)
    393c:	06c7f963          	bgeu	a5,a2,39ae <safe_parse_int32+0x102>
            return -1;

        if (val > (limit - digit) / (uint32_t)base)
    3940:	40f886b3          	sub	a3,a7,a5
    3944:	02c6d6b3          	divu	a3,a3,a2
    3948:	06e6e563          	bltu	a3,a4,39b2 <safe_parse_int32+0x106>
            return -1;
        val = val * (uint32_t)base + digit;
    394c:	02e60733          	mul	a4,a2,a4
    3950:	973e                	add	a4,a4,a5
        cursor++;
    3952:	0505                	addi	a0,a0,1
    while (*cursor)
    3954:	00054783          	lbu	a5,0(a0)
    3958:	cb8d                	beqz	a5,398a <safe_parse_int32+0xde>
        if (*cursor == ' ')
    395a:	02000693          	li	a3,32
    395e:	02d78663          	beq	a5,a3,398a <safe_parse_int32+0xde>
        if (*cursor >= '0' && *cursor <= '9')
    3962:	fd078693          	addi	a3,a5,-48
    3966:	0ff6f693          	zext.b	a3,a3
    396a:	4825                	li	a6,9
    396c:	fad86fe3          	bltu	a6,a3,392a <safe_parse_int32+0x7e>
            digit = (uint32_t)(*cursor - '0');
    3970:	fd078793          	addi	a5,a5,-48
    3974:	b7e1                	j	393c <safe_parse_int32+0x90>
        else if (*cursor >= 'A' && *cursor <= 'F')
    3976:	fbf78693          	addi	a3,a5,-65
    397a:	0ff6f693          	zext.b	a3,a3
    397e:	4815                	li	a6,5
    3980:	02d86563          	bltu	a6,a3,39aa <safe_parse_int32+0xfe>
            digit = (uint32_t)(*cursor - 'A' + 10);
    3984:	fc978793          	addi	a5,a5,-55
    3988:	bf55                	j	393c <safe_parse_int32+0x90>
    }

    *out = (sign > 0) ? (int)val : -(int)val;
    398a:	00605563          	blez	t1,3994 <safe_parse_int32+0xe8>
    398e:	c198                	sw	a4,0(a1)
    return 0;
    3990:	4501                	li	a0,0
    3992:	8082                	ret
    *out = (sign > 0) ? (int)val : -(int)val;
    3994:	40e00733          	neg	a4,a4
    3998:	bfdd                	j	398e <safe_parse_int32+0xe2>
        return -1;
    399a:	557d                	li	a0,-1
    399c:	8082                	ret
    399e:	557d                	li	a0,-1
    39a0:	8082                	ret
    39a2:	557d                	li	a0,-1
    39a4:	8082                	ret
        return -1;
    39a6:	557d                	li	a0,-1
    39a8:	8082                	ret
            return -1;
    39aa:	557d                	li	a0,-1
    39ac:	8082                	ret
            return -1;
    39ae:	557d                	li	a0,-1
    39b0:	8082                	ret
            return -1;
    39b2:	557d                	li	a0,-1
}
    39b4:	8082                	ret

000039b6 <board_dev_get>:
    if ((int)id < 0 || (int)id >= DEV_ID_COUNT)
    39b6:	e919                	bnez	a0,39cc <board_dev_get+0x16>
    return &s_devices[id];
    39b8:	00351793          	slli	a5,a0,0x3
    39bc:	97aa                	add	a5,a5,a0
    39be:	078a                	slli	a5,a5,0x2
    39c0:	1fffe517          	auipc	a0,0x1fffe
    39c4:	98050513          	addi	a0,a0,-1664 # 20001340 <s_devices>
    39c8:	953e                	add	a0,a0,a5
}
    39ca:	8082                	ret
    return (void*)(ERR_BASE + (uintptr_t)abs_err);
    39cc:	ffffb517          	auipc	a0,0xffffb
    39d0:	64a50513          	addi	a0,a0,1610 # fffff016 <ERR_SECTION_BASE+0x16>
        return (struct device*)ERR_PTR(MINI_ERR_INVAL);
    39d4:	8082                	ret

000039d6 <device_find>:
    if (!name)
    39d6:	c919                	beqz	a0,39ec <device_find+0x16>
{
    39d8:	1141                	addi	sp,sp,-16
    39da:	c606                	sw	ra,12(sp)
    id = board_dev_find(name);
    39dc:	e66fe0ef          	jal	ra,2042 <board_dev_find>
    if ((int)id < 0)
    39e0:	00054b63          	bltz	a0,39f6 <device_find+0x20>
    return board_dev_get(id);
    39e4:	3fc9                	jal	39b6 <board_dev_get>
}
    39e6:	40b2                	lw	ra,12(sp)
    39e8:	0141                	addi	sp,sp,16
    39ea:	8082                	ret
    39ec:	ffffb517          	auipc	a0,0xffffb
    39f0:	62a50513          	addi	a0,a0,1578 # fffff016 <ERR_SECTION_BASE+0x16>
    39f4:	8082                	ret
    39f6:	ffffb517          	auipc	a0,0xffffb
    39fa:	61d50513          	addi	a0,a0,1565 # fffff013 <ERR_SECTION_BASE+0x13>
        return (struct device*)ERR_PTR(MINI_ERR_NODEV);
    39fe:	b7e5                	j	39e6 <device_find+0x10>

00003a00 <device_find_by_label>:
    if (!label)
    3a00:	c919                	beqz	a0,3a16 <device_find_by_label+0x16>
{
    3a02:	1141                	addi	sp,sp,-16
    3a04:	c606                	sw	ra,12(sp)
    id = board_dev_find_by_label(label);
    3a06:	ecefe0ef          	jal	ra,20d4 <board_dev_find_by_label>
    if ((int)id < 0)
    3a0a:	00054b63          	bltz	a0,3a20 <device_find_by_label+0x20>
    return board_dev_get(id);
    3a0e:	3765                	jal	39b6 <board_dev_get>
}
    3a10:	40b2                	lw	ra,12(sp)
    3a12:	0141                	addi	sp,sp,16
    3a14:	8082                	ret
    3a16:	ffffb517          	auipc	a0,0xffffb
    3a1a:	60050513          	addi	a0,a0,1536 # fffff016 <ERR_SECTION_BASE+0x16>
    3a1e:	8082                	ret
    3a20:	ffffb517          	auipc	a0,0xffffb
    3a24:	5f350513          	addi	a0,a0,1523 # fffff013 <ERR_SECTION_BASE+0x13>
        return (struct device*)ERR_PTR(MINI_ERR_NODEV);
    3a28:	b7e5                	j	3a10 <device_find_by_label+0x10>

00003a2a <device_find_by_id>:
struct device* device_find_by_id(device_id_t id) { return board_dev_get(id); }
    3a2a:	1141                	addi	sp,sp,-16
    3a2c:	c606                	sw	ra,12(sp)
    3a2e:	3761                	jal	39b6 <board_dev_get>
    3a30:	40b2                	lw	ra,12(sp)
    3a32:	0141                	addi	sp,sp,16
    3a34:	8082                	ret

00003a36 <device_find_by_path>:
    if (!path)
    3a36:	e50d                	bnez	a0,3a60 <device_find_by_path+0x2a>
    3a38:	ffffb517          	auipc	a0,0xffffb
    3a3c:	5de50513          	addi	a0,a0,1502 # fffff016 <ERR_SECTION_BASE+0x16>
}
    3a40:	8082                	ret
        const struct device_node* node = board_node_get((device_id_t)index);
    3a42:	8526                	mv	a0,s1
    3a44:	de0fe0ef          	jal	ra,2024 <board_node_get>
        if (node && node->path && strcmp(node->path, path) == 0)
    3a48:	c519                	beqz	a0,3a56 <device_find_by_path+0x20>
    3a4a:	4548                	lw	a0,12(a0)
    3a4c:	c509                	beqz	a0,3a56 <device_find_by_path+0x20>
    3a4e:	85a2                	mv	a1,s0
    3a50:	7f2030ef          	jal	ra,7242 <strcmp>
    3a54:	c119                	beqz	a0,3a5a <device_find_by_path+0x24>
    for (int index = 0; index < DEV_ID_COUNT; index++)
    3a56:	0485                	addi	s1,s1,1
    3a58:	a819                	j	3a6e <device_find_by_path+0x38>
            return board_dev_get((device_id_t)index);
    3a5a:	8526                	mv	a0,s1
    3a5c:	3fa9                	jal	39b6 <board_dev_get>
    3a5e:	a831                	j	3a7a <device_find_by_path+0x44>
{
    3a60:	1141                	addi	sp,sp,-16
    3a62:	c606                	sw	ra,12(sp)
    3a64:	c422                	sw	s0,8(sp)
    3a66:	c226                	sw	s1,4(sp)
    3a68:	c04a                	sw	s2,0(sp)
    3a6a:	842a                	mv	s0,a0
    for (int index = 0; index < DEV_ID_COUNT; index++)
    3a6c:	4481                	li	s1,0
    3a6e:	fc905ae3          	blez	s1,3a42 <device_find_by_path+0xc>
    3a72:	ffffb517          	auipc	a0,0xffffb
    3a76:	5a150513          	addi	a0,a0,1441 # fffff013 <ERR_SECTION_BASE+0x13>
}
    3a7a:	40b2                	lw	ra,12(sp)
    3a7c:	4422                	lw	s0,8(sp)
    3a7e:	4492                	lw	s1,4(sp)
    3a80:	4902                	lw	s2,0(sp)
    3a82:	0141                	addi	sp,sp,16
    3a84:	8082                	ret

00003a86 <device_find_by_compatible>:
    if (!compatible)
    3a86:	c919                	beqz	a0,3a9c <device_find_by_compatible+0x16>
{
    3a88:	1141                	addi	sp,sp,-16
    3a8a:	c606                	sw	ra,12(sp)
    id = board_dev_find_by_compat(compatible);
    3a8c:	dfcfe0ef          	jal	ra,2088 <board_dev_find_by_compat>
    if ((int)id < 0)
    3a90:	00054b63          	bltz	a0,3aa6 <device_find_by_compatible+0x20>
    return board_dev_get(id);
    3a94:	370d                	jal	39b6 <board_dev_get>
}
    3a96:	40b2                	lw	ra,12(sp)
    3a98:	0141                	addi	sp,sp,16
    3a9a:	8082                	ret
    3a9c:	ffffb517          	auipc	a0,0xffffb
    3aa0:	57a50513          	addi	a0,a0,1402 # fffff016 <ERR_SECTION_BASE+0x16>
    3aa4:	8082                	ret
    3aa6:	ffffb517          	auipc	a0,0xffffb
    3aaa:	56d50513          	addi	a0,a0,1389 # fffff013 <ERR_SECTION_BASE+0x13>
        return (struct device*)ERR_PTR(MINI_ERR_NODEV);
    3aae:	b7e5                	j	3a96 <device_find_by_compatible+0x10>

00003ab0 <device_get_parent>:
    if (!pdev || !pdev->node)
    3ab0:	cd19                	beqz	a0,3ace <device_get_parent+0x1e>
    3ab2:	411c                	lw	a5,0(a0)
    3ab4:	cf89                	beqz	a5,3ace <device_get_parent+0x1e>
    if (node->dep_count <= 0 || !node->deps)
    3ab6:	0247c703          	lbu	a4,36(a5)
    3aba:	cf19                	beqz	a4,3ad8 <device_get_parent+0x28>
    3abc:	4bdc                	lw	a5,20(a5)
    3abe:	cf89                	beqz	a5,3ad8 <device_get_parent+0x28>
{
    3ac0:	1141                	addi	sp,sp,-16
    3ac2:	c606                	sw	ra,12(sp)
    return board_dev_get(node->deps[0]);
    3ac4:	4388                	lw	a0,0(a5)
    3ac6:	3dc5                	jal	39b6 <board_dev_get>
}
    3ac8:	40b2                	lw	ra,12(sp)
    3aca:	0141                	addi	sp,sp,16
    3acc:	8082                	ret
    3ace:	ffffb517          	auipc	a0,0xffffb
    3ad2:	54850513          	addi	a0,a0,1352 # fffff016 <ERR_SECTION_BASE+0x16>
        return (struct device*)ERR_PTR(MINI_ERR_INVAL);
    3ad6:	8082                	ret
    3ad8:	ffffb517          	auipc	a0,0xffffb
    3adc:	53b50513          	addi	a0,a0,1339 # fffff013 <ERR_SECTION_BASE+0x13>
}
    3ae0:	8082                	ret

00003ae2 <device_get_prop_int>:
 * @param[out] val 输出整型值
 * @return 成功返回 MINI_OK, 失败返回负数错误码
 */
int device_get_prop_int(const struct device* pdev, const char* key, int* val)
{
    if (!pdev || !pdev->node || !key || !val)
    3ae2:	c125                	beqz	a0,3b42 <device_get_prop_int+0x60>
{
    3ae4:	1101                	addi	sp,sp,-32
    3ae6:	ce06                	sw	ra,28(sp)
    3ae8:	cc22                	sw	s0,24(sp)
    3aea:	ca26                	sw	s1,20(sp)
    3aec:	c84a                	sw	s2,16(sp)
    3aee:	c64e                	sw	s3,12(sp)
    3af0:	c452                	sw	s4,8(sp)
    3af2:	89ae                	mv	s3,a1
    3af4:	8a32                	mv	s4,a2
    if (!pdev || !pdev->node || !key || !val)
    3af6:	00052903          	lw	s2,0(a0)
    3afa:	04090663          	beqz	s2,3b46 <device_get_prop_int+0x64>
    3afe:	c5b1                	beqz	a1,3b4a <device_get_prop_int+0x68>
    3b00:	c639                	beqz	a2,3b4e <device_get_prop_int+0x6c>
        return MINI_ERR_INVAL;
    const struct device_node* node = pdev->node;
    for (int index = 0; index < node->prop_count; index++)
    3b02:	4401                	li	s0,0
    3b04:	02394783          	lbu	a5,35(s2)
    3b08:	02f45463          	bge	s0,a5,3b30 <device_get_prop_int+0x4e>
    {
        if (strcmp(node->props[index].key, key) == 0)
    3b0c:	01092483          	lw	s1,16(s2)
    3b10:	00341793          	slli	a5,s0,0x3
    3b14:	94be                	add	s1,s1,a5
    3b16:	85ce                	mv	a1,s3
    3b18:	4088                	lw	a0,0(s1)
    3b1a:	728030ef          	jal	ra,7242 <strcmp>
    3b1e:	c119                	beqz	a0,3b24 <device_get_prop_int+0x42>
    for (int index = 0; index < node->prop_count; index++)
    3b20:	0405                	addi	s0,s0,1
    3b22:	b7cd                	j	3b04 <device_get_prop_int+0x22>
        {
            if (safe_parse_int32(node->props[index].value, val) != 0)
    3b24:	85d2                	mv	a1,s4
    3b26:	40c8                	lw	a0,4(s1)
    3b28:	3351                	jal	38ac <safe_parse_int32>
    3b2a:	c501                	beqz	a0,3b32 <device_get_prop_int+0x50>
                return MINI_ERR_INVAL;
    3b2c:	5529                	li	a0,-22
    3b2e:	a011                	j	3b32 <device_get_prop_int+0x50>
            return MINI_OK;
        }
    }
    return MINI_ERR_INVAL;
    3b30:	5529                	li	a0,-22
}
    3b32:	40f2                	lw	ra,28(sp)
    3b34:	4462                	lw	s0,24(sp)
    3b36:	44d2                	lw	s1,20(sp)
    3b38:	4942                	lw	s2,16(sp)
    3b3a:	49b2                	lw	s3,12(sp)
    3b3c:	4a22                	lw	s4,8(sp)
    3b3e:	6105                	addi	sp,sp,32
    3b40:	8082                	ret
        return MINI_ERR_INVAL;
    3b42:	5529                	li	a0,-22
}
    3b44:	8082                	ret
        return MINI_ERR_INVAL;
    3b46:	5529                	li	a0,-22
    3b48:	b7ed                	j	3b32 <device_get_prop_int+0x50>
    3b4a:	5529                	li	a0,-22
    3b4c:	b7dd                	j	3b32 <device_get_prop_int+0x50>
    3b4e:	5529                	li	a0,-22
    3b50:	b7cd                	j	3b32 <device_get_prop_int+0x50>

00003b52 <device_get_prop_int_array>:
 * @param[out] out_arr 输出整型数组
 * @param[out] max_len 数组最大容量
 * @return 成功返回解析元素个数, 失败返回负数错误码
 */
int device_get_prop_int_array(const struct device* pdev, const char* key, int* out_arr, int max_len)
{
    3b52:	711d                	addi	sp,sp,-96
    3b54:	ce86                	sw	ra,92(sp)
    3b56:	cca2                	sw	s0,88(sp)
    3b58:	caa6                	sw	s1,84(sp)
    3b5a:	c8ca                	sw	s2,80(sp)
    3b5c:	c6ce                	sw	s3,76(sp)
    3b5e:	c4d2                	sw	s4,72(sp)
    3b60:	c2d6                	sw	s5,68(sp)
    if (!pdev || !pdev->node || !key || !out_arr || max_len <= 0)
    3b62:	cd55                	beqz	a0,3c1e <device_get_prop_int_array+0xcc>
    3b64:	8aae                	mv	s5,a1
    3b66:	8a32                	mv	s4,a2
    3b68:	89b6                	mv	s3,a3
    3b6a:	00052903          	lw	s2,0(a0)
    3b6e:	0a090a63          	beqz	s2,3c22 <device_get_prop_int_array+0xd0>
    3b72:	c9d5                	beqz	a1,3c26 <device_get_prop_int_array+0xd4>
    3b74:	ca5d                	beqz	a2,3c2a <device_get_prop_int_array+0xd8>
    3b76:	0ad05c63          	blez	a3,3c2e <device_get_prop_int_array+0xdc>
        return MINI_ERR_INVAL;

    const char* value = NULL;
    for (int index = 0; index < pdev->node->prop_count; index++)
    3b7a:	4401                	li	s0,0
    3b7c:	02394783          	lbu	a5,35(s2)
    3b80:	02f45063          	bge	s0,a5,3ba0 <device_get_prop_int_array+0x4e>
    {
        if (strcmp(pdev->node->props[index].key, key) == 0)
    3b84:	01092483          	lw	s1,16(s2)
    3b88:	00341793          	slli	a5,s0,0x3
    3b8c:	94be                	add	s1,s1,a5
    3b8e:	85d6                	mv	a1,s5
    3b90:	4088                	lw	a0,0(s1)
    3b92:	6b0030ef          	jal	ra,7242 <strcmp>
    3b96:	c119                	beqz	a0,3b9c <device_get_prop_int_array+0x4a>
    for (int index = 0; index < pdev->node->prop_count; index++)
    3b98:	0405                	addi	s0,s0,1
    3b9a:	b7cd                	j	3b7c <device_get_prop_int_array+0x2a>
        {
            value = pdev->node->props[index].value;
    3b9c:	40cc                	lw	a1,4(s1)
            break;
    3b9e:	a011                	j	3ba2 <device_get_prop_int_array+0x50>
    const char* value = NULL;
    3ba0:	4581                	li	a1,0
        }
    }
    if (!value)
    3ba2:	c9c1                	beqz	a1,3c32 <device_get_prop_int_array+0xe0>
        return MINI_ERR_INVAL;

    /* 解析空格分隔的整数串 */
    int count = 0;
    3ba4:	4901                	li	s2,0
    3ba6:	a0a1                	j	3bee <device_get_prop_int_array+0x9c>
    const char* cursor = value;
    while (*cursor && count < max_len)
    {
        while (*cursor == ' ')
            cursor++;
        if (!*cursor)
    3ba8:	c3ad                	beqz	a5,3c0a <device_get_prop_int_array+0xb8>
    3baa:	842e                	mv	s0,a1
    3bac:	a011                	j	3bb0 <device_get_prop_int_array+0x5e>
            break;

        /* 计算当前 token 长度 */
        const char* start = cursor;
        while (*cursor && *cursor != ' ')
            cursor++;
    3bae:	0405                	addi	s0,s0,1
        while (*cursor && *cursor != ' ')
    3bb0:	00044783          	lbu	a5,0(s0)
    3bb4:	c789                	beqz	a5,3bbe <device_get_prop_int_array+0x6c>
    3bb6:	02000713          	li	a4,32
    3bba:	fee79ae3          	bne	a5,a4,3bae <device_get_prop_int_array+0x5c>

        /* 复制 token 到临时缓冲区 */
        char token[64];
        size_t len = (size_t)(cursor - start);
    3bbe:	40b404b3          	sub	s1,s0,a1
        if (len >= sizeof(token))
    3bc2:	03f00793          	li	a5,63
    3bc6:	0497e163          	bltu	a5,s1,3c08 <device_get_prop_int_array+0xb6>
            return MINI_ERR_INVAL;
        __builtin_memcpy(token, start, len);
    3bca:	8626                	mv	a2,s1
    3bcc:	850a                	mv	a0,sp
    3bce:	64e030ef          	jal	ra,721c <memcpy>
        token[len] = '\0';
    3bd2:	04048793          	addi	a5,s1,64
    3bd6:	002784b3          	add	s1,a5,sp
    3bda:	fc048023          	sb	zero,-64(s1)

        if (safe_parse_int32(token, &out_arr[count]) != 0)
    3bde:	00291593          	slli	a1,s2,0x2
    3be2:	95d2                	add	a1,a1,s4
    3be4:	850a                	mv	a0,sp
    3be6:	31d9                	jal	38ac <safe_parse_int32>
    3be8:	e105                	bnez	a0,3c08 <device_get_prop_int_array+0xb6>
            return MINI_ERR_INVAL;
        count++;
    3bea:	0905                	addi	s2,s2,1
    3bec:	85a2                	mv	a1,s0
    while (*cursor && count < max_len)
    3bee:	0005c783          	lbu	a5,0(a1)
    3bf2:	cf81                	beqz	a5,3c0a <device_get_prop_int_array+0xb8>
    3bf4:	01395b63          	bge	s2,s3,3c0a <device_get_prop_int_array+0xb8>
        while (*cursor == ' ')
    3bf8:	0005c783          	lbu	a5,0(a1)
    3bfc:	02000713          	li	a4,32
    3c00:	fae794e3          	bne	a5,a4,3ba8 <device_get_prop_int_array+0x56>
            cursor++;
    3c04:	0585                	addi	a1,a1,1
    3c06:	bfcd                	j	3bf8 <device_get_prop_int_array+0xa6>
            return MINI_ERR_INVAL;
    3c08:	5929                	li	s2,-22
    }

    return count;
}
    3c0a:	854a                	mv	a0,s2
    3c0c:	40f6                	lw	ra,92(sp)
    3c0e:	4466                	lw	s0,88(sp)
    3c10:	44d6                	lw	s1,84(sp)
    3c12:	4946                	lw	s2,80(sp)
    3c14:	49b6                	lw	s3,76(sp)
    3c16:	4a26                	lw	s4,72(sp)
    3c18:	4a96                	lw	s5,68(sp)
    3c1a:	6125                	addi	sp,sp,96
    3c1c:	8082                	ret
        return MINI_ERR_INVAL;
    3c1e:	5929                	li	s2,-22
    3c20:	b7ed                	j	3c0a <device_get_prop_int_array+0xb8>
    3c22:	5929                	li	s2,-22
    3c24:	b7dd                	j	3c0a <device_get_prop_int_array+0xb8>
    3c26:	5929                	li	s2,-22
    3c28:	b7cd                	j	3c0a <device_get_prop_int_array+0xb8>
    3c2a:	5929                	li	s2,-22
    3c2c:	bff9                	j	3c0a <device_get_prop_int_array+0xb8>
    3c2e:	5929                	li	s2,-22
    3c30:	bfe9                	j	3c0a <device_get_prop_int_array+0xb8>
        return MINI_ERR_INVAL;
    3c32:	5929                	li	s2,-22
    3c34:	bfd9                	j	3c0a <device_get_prop_int_array+0xb8>

00003c36 <device_get_prop_str>:
 * @param[out] val 输出字符串指针 (指向 node 内存储)
 * @return 成功返回 MINI_OK, 失败返回负数错误码
 */
int device_get_prop_str(const struct device* pdev, const char* key, const char** val)
{
    if (!pdev || !pdev->node || !key || !val)
    3c36:	cd31                	beqz	a0,3c92 <device_get_prop_str+0x5c>
{
    3c38:	1101                	addi	sp,sp,-32
    3c3a:	ce06                	sw	ra,28(sp)
    3c3c:	cc22                	sw	s0,24(sp)
    3c3e:	ca26                	sw	s1,20(sp)
    3c40:	c84a                	sw	s2,16(sp)
    3c42:	c64e                	sw	s3,12(sp)
    3c44:	c452                	sw	s4,8(sp)
    3c46:	89ae                	mv	s3,a1
    3c48:	8a32                	mv	s4,a2
    if (!pdev || !pdev->node || !key || !val)
    3c4a:	00052903          	lw	s2,0(a0)
    3c4e:	04090463          	beqz	s2,3c96 <device_get_prop_str+0x60>
    3c52:	c5a1                	beqz	a1,3c9a <device_get_prop_str+0x64>
    3c54:	c629                	beqz	a2,3c9e <device_get_prop_str+0x68>
        return MINI_ERR_INVAL;
    const struct device_node* node = pdev->node;
    for (int index = 0; index < node->prop_count; index++)
    3c56:	4401                	li	s0,0
    3c58:	02394783          	lbu	a5,35(s2)
    3c5c:	02f45263          	bge	s0,a5,3c80 <device_get_prop_str+0x4a>
    {
        if (strcmp(node->props[index].key, key) == 0)
    3c60:	01092483          	lw	s1,16(s2)
    3c64:	00341793          	slli	a5,s0,0x3
    3c68:	94be                	add	s1,s1,a5
    3c6a:	85ce                	mv	a1,s3
    3c6c:	4088                	lw	a0,0(s1)
    3c6e:	5d4030ef          	jal	ra,7242 <strcmp>
    3c72:	c119                	beqz	a0,3c78 <device_get_prop_str+0x42>
    for (int index = 0; index < node->prop_count; index++)
    3c74:	0405                	addi	s0,s0,1
    3c76:	b7cd                	j	3c58 <device_get_prop_str+0x22>
        {
            *val = node->props[index].value;
    3c78:	40dc                	lw	a5,4(s1)
    3c7a:	00fa2023          	sw	a5,0(s4)
            return MINI_OK;
    3c7e:	a011                	j	3c82 <device_get_prop_str+0x4c>
        }
    }
    return MINI_ERR_INVAL;
    3c80:	5529                	li	a0,-22
}
    3c82:	40f2                	lw	ra,28(sp)
    3c84:	4462                	lw	s0,24(sp)
    3c86:	44d2                	lw	s1,20(sp)
    3c88:	4942                	lw	s2,16(sp)
    3c8a:	49b2                	lw	s3,12(sp)
    3c8c:	4a22                	lw	s4,8(sp)
    3c8e:	6105                	addi	sp,sp,32
    3c90:	8082                	ret
        return MINI_ERR_INVAL;
    3c92:	5529                	li	a0,-22
}
    3c94:	8082                	ret
        return MINI_ERR_INVAL;
    3c96:	5529                	li	a0,-22
    3c98:	b7ed                	j	3c82 <device_get_prop_str+0x4c>
    3c9a:	5529                	li	a0,-22
    3c9c:	b7dd                	j	3c82 <device_get_prop_str+0x4c>
    3c9e:	5529                	li	a0,-22
    3ca0:	b7cd                	j	3c82 <device_get_prop_str+0x4c>

00003ca2 <device_get_phandle_dev>:
    if (!pdev || !key)
    3ca2:	cd11                	beqz	a0,3cbe <device_get_phandle_dev+0x1c>
    3ca4:	cd89                	beqz	a1,3cbe <device_get_phandle_dev+0x1c>
{
    3ca6:	1101                	addi	sp,sp,-32
    3ca8:	ce06                	sw	ra,28(sp)
    if (device_get_prop_str(pdev, key, &val) != MINI_OK)
    3caa:	0070                	addi	a2,sp,12
    3cac:	3769                	jal	3c36 <device_get_prop_str>
    3cae:	cd09                	beqz	a0,3cc8 <device_get_phandle_dev+0x26>
    3cb0:	ffffb517          	auipc	a0,0xffffb
    3cb4:	36650513          	addi	a0,a0,870 # fffff016 <ERR_SECTION_BASE+0x16>
}
    3cb8:	40f2                	lw	ra,28(sp)
    3cba:	6105                	addi	sp,sp,32
    3cbc:	8082                	ret
    3cbe:	ffffb517          	auipc	a0,0xffffb
    3cc2:	35850513          	addi	a0,a0,856 # fffff016 <ERR_SECTION_BASE+0x16>
    3cc6:	8082                	ret
    return device_find_by_label(val);
    3cc8:	4532                	lw	a0,12(sp)
    3cca:	3b1d                	jal	3a00 <device_find_by_label>
    3ccc:	b7f5                	j	3cb8 <device_get_phandle_dev+0x16>

00003cce <device_get_prop_bool>:
 * @param[out] key 属性键名
 * @param[out] val 输出整型布尔值 (0/1)
 * @return 成功返回 MINI_OK, 失败返回负数错误码
 */
int device_get_prop_bool(const struct device* pdev, const char* key, int* val)
{
    3cce:	1141                	addi	sp,sp,-16
    3cd0:	c606                	sw	ra,12(sp)
    return device_get_prop_int(pdev, key, val);
    3cd2:	3d01                	jal	3ae2 <device_get_prop_int>
}
    3cd4:	40b2                	lw	ra,12(sp)
    3cd6:	0141                	addi	sp,sp,16
    3cd8:	8082                	ret

00003cda <device_get_reg>:
 * @param[out] out 输出 reg 指针
 * @return 成功返回 MINI_OK, 失败返回负数错误码
 */
int device_get_reg(const struct device* pdev, int idx, const struct device_reg** out)
{
    if (!pdev || !pdev->node || !out)
    3cda:	c505                	beqz	a0,3d02 <device_get_reg+0x28>
    3cdc:	411c                	lw	a5,0(a0)
    3cde:	c785                	beqz	a5,3d06 <device_get_reg+0x2c>
    3ce0:	c60d                	beqz	a2,3d0a <device_get_reg+0x30>
        return MINI_ERR_INVAL;
    if (idx < 0 || idx >= (int)pdev->node->reg_count)
    3ce2:	0205c663          	bltz	a1,3d0e <device_get_reg+0x34>
    3ce6:	0257c703          	lbu	a4,37(a5)
    3cea:	02e5d463          	bge	a1,a4,3d12 <device_get_reg+0x38>
        return MINI_ERR_INVAL;
    if (!pdev->node->regs)
    3cee:	4f98                	lw	a4,24(a5)
    3cf0:	c31d                	beqz	a4,3d16 <device_get_reg+0x3c>
        return MINI_ERR_INVAL;
    *out = &pdev->node->regs[idx];
    3cf2:	00159793          	slli	a5,a1,0x1
    3cf6:	97ae                	add	a5,a5,a1
    3cf8:	078a                	slli	a5,a5,0x2
    3cfa:	973e                	add	a4,a4,a5
    3cfc:	c218                	sw	a4,0(a2)
    return MINI_OK;
    3cfe:	4501                	li	a0,0
    3d00:	8082                	ret
        return MINI_ERR_INVAL;
    3d02:	5529                	li	a0,-22
    3d04:	8082                	ret
    3d06:	5529                	li	a0,-22
    3d08:	8082                	ret
    3d0a:	5529                	li	a0,-22
    3d0c:	8082                	ret
        return MINI_ERR_INVAL;
    3d0e:	5529                	li	a0,-22
    3d10:	8082                	ret
    3d12:	5529                	li	a0,-22
    3d14:	8082                	ret
        return MINI_ERR_INVAL;
    3d16:	5529                	li	a0,-22
}
    3d18:	8082                	ret

00003d1a <device_get_irq>:
 * @param[out] out 输出 irq 指针
 * @return 成功返回 MINI_OK, 失败返回负数错误码
 */
int device_get_irq(const struct device* pdev, int idx, const struct device_irq** out)
{
    if (!pdev || !pdev->node || !out)
    3d1a:	c505                	beqz	a0,3d42 <device_get_irq+0x28>
    3d1c:	411c                	lw	a5,0(a0)
    3d1e:	c785                	beqz	a5,3d46 <device_get_irq+0x2c>
    3d20:	c60d                	beqz	a2,3d4a <device_get_irq+0x30>
        return MINI_ERR_INVAL;
    if (idx < 0 || idx >= (int)pdev->node->irq_count)
    3d22:	0205c663          	bltz	a1,3d4e <device_get_irq+0x34>
    3d26:	0267c703          	lbu	a4,38(a5)
    3d2a:	02e5d463          	bge	a1,a4,3d52 <device_get_irq+0x38>
        return MINI_ERR_INVAL;
    if (!pdev->node->irqs)
    3d2e:	4fd8                	lw	a4,28(a5)
    3d30:	c31d                	beqz	a4,3d56 <device_get_irq+0x3c>
        return MINI_ERR_INVAL;
    *out = &pdev->node->irqs[idx];
    3d32:	00159793          	slli	a5,a1,0x1
    3d36:	97ae                	add	a5,a5,a1
    3d38:	078a                	slli	a5,a5,0x2
    3d3a:	973e                	add	a4,a4,a5
    3d3c:	c218                	sw	a4,0(a2)
    return MINI_OK;
    3d3e:	4501                	li	a0,0
    3d40:	8082                	ret
        return MINI_ERR_INVAL;
    3d42:	5529                	li	a0,-22
    3d44:	8082                	ret
    3d46:	5529                	li	a0,-22
    3d48:	8082                	ret
    3d4a:	5529                	li	a0,-22
    3d4c:	8082                	ret
        return MINI_ERR_INVAL;
    3d4e:	5529                	li	a0,-22
    3d50:	8082                	ret
    3d52:	5529                	li	a0,-22
    3d54:	8082                	ret
        return MINI_ERR_INVAL;
    3d56:	5529                	li	a0,-22
}
    3d58:	8082                	ret

00003d5a <device_get_name>:
COMPAT_STATIC_INLINE bool IS_ERR_OR_NULL(const void* ptr) { return (ptr == NULL) || IS_ERR(ptr); }
    3d5a:	cd01                	beqz	a0,3d72 <device_get_name+0x18>
COMPAT_STATIC_INLINE bool IS_ERR(const void* ptr) { return (uintptr_t)ptr >= ERR_BASE; }
    3d5c:	ffffb797          	auipc	a5,0xffffb
    3d60:	2a478793          	addi	a5,a5,676 # fffff000 <ERR_SECTION_BASE+0x0>
COMPAT_STATIC_INLINE bool IS_ERR_OR_NULL(const void* ptr) { return (ptr == NULL) || IS_ERR(ptr); }
    3d64:	00f57663          	bgeu	a0,a5,3d70 <device_get_name+0x16>
 * @param[in] pdev device 指针
 * @return 名称字符串, pdev 无效返回 NULL
 */
const char* device_get_name(const struct device* pdev)
{
    if (IS_ERR_OR_NULL(pdev) || !pdev->node)
    3d68:	4108                	lw	a0,0(a0)
    3d6a:	c501                	beqz	a0,3d72 <device_get_name+0x18>
        return NULL;
    return pdev->node->name;
    3d6c:	4108                	lw	a0,0(a0)
    3d6e:	8082                	ret
        return NULL;
    3d70:	4501                	li	a0,0
}
    3d72:	8082                	ret

00003d74 <device_get_compatible>:
    3d74:	cd01                	beqz	a0,3d8c <device_get_compatible+0x18>
COMPAT_STATIC_INLINE bool IS_ERR(const void* ptr) { return (uintptr_t)ptr >= ERR_BASE; }
    3d76:	ffffb797          	auipc	a5,0xffffb
    3d7a:	28a78793          	addi	a5,a5,650 # fffff000 <ERR_SECTION_BASE+0x0>
COMPAT_STATIC_INLINE bool IS_ERR_OR_NULL(const void* ptr) { return (ptr == NULL) || IS_ERR(ptr); }
    3d7e:	00f57663          	bgeu	a0,a5,3d8a <device_get_compatible+0x16>
 * @param[in] pdev device 指针
 * @return compatible 字符串, pdev 无效返回 NULL
 */
const char* device_get_compatible(const struct device* pdev)
{
    if (IS_ERR_OR_NULL(pdev) || !pdev->node)
    3d82:	4108                	lw	a0,0(a0)
    3d84:	c501                	beqz	a0,3d8c <device_get_compatible+0x18>
        return NULL;
    return pdev->node->compatible;
    3d86:	4508                	lw	a0,8(a0)
    3d88:	8082                	ret
        return NULL;
    3d8a:	4501                	li	a0,0
}
    3d8c:	8082                	ret

00003d8e <device_get_status>:
    3d8e:	c909                	beqz	a0,3da0 <device_get_status+0x12>
COMPAT_STATIC_INLINE bool IS_ERR(const void* ptr) { return (uintptr_t)ptr >= ERR_BASE; }
    3d90:	ffffb797          	auipc	a5,0xffffb
    3d94:	27078793          	addi	a5,a5,624 # fffff000 <ERR_SECTION_BASE+0x0>
COMPAT_STATIC_INLINE bool IS_ERR_OR_NULL(const void* ptr) { return (ptr == NULL) || IS_ERR(ptr); }
    3d98:	00f57663          	bgeu	a0,a5,3da4 <device_get_status+0x16>
 */
enum device_status device_get_status(const struct device* pdev)
{
    if (IS_ERR_OR_NULL(pdev))
        return DEVICE_STATUS_DISABLED;
    return pdev->status;
    3d9c:	4148                	lw	a0,4(a0)
    3d9e:	8082                	ret
        return DEVICE_STATUS_DISABLED;
    3da0:	4501                	li	a0,0
    3da2:	8082                	ret
    3da4:	4501                	li	a0,0
}
    3da6:	8082                	ret

00003da8 <device_get_criticality>:
    3da8:	cd01                	beqz	a0,3dc0 <device_get_criticality+0x18>
COMPAT_STATIC_INLINE bool IS_ERR(const void* ptr) { return (uintptr_t)ptr >= ERR_BASE; }
    3daa:	ffffb797          	auipc	a5,0xffffb
    3dae:	25678793          	addi	a5,a5,598 # fffff000 <ERR_SECTION_BASE+0x0>
COMPAT_STATIC_INLINE bool IS_ERR_OR_NULL(const void* ptr) { return (ptr == NULL) || IS_ERR(ptr); }
    3db2:	00f57963          	bgeu	a0,a5,3dc4 <device_get_criticality+0x1c>
 * @param pdev device 指针
 * @return 关键性枚举, pdev 无效返回 DEVICE_CRIT_WARNING
 */
enum device_criticality device_get_criticality(const struct device* pdev)
{
    if (IS_ERR_OR_NULL(pdev) || !pdev->node)
    3db6:	411c                	lw	a5,0(a0)
    3db8:	cb81                	beqz	a5,3dc8 <device_get_criticality+0x20>
        return DEVICE_CRIT_WARNING;
    return (enum device_criticality)pdev->node->criticality;
    3dba:	0217c503          	lbu	a0,33(a5)
    3dbe:	8082                	ret
        return DEVICE_CRIT_WARNING;
    3dc0:	4505                	li	a0,1
    3dc2:	8082                	ret
    3dc4:	4505                	li	a0,1
    3dc6:	8082                	ret
    3dc8:	4505                	li	a0,1
}
    3dca:	8082                	ret

00003dcc <device_set_status>:
 * @param[in] pdev device 指针
 * @param[in] status 目标状态
 * @return 成功返回 MINI_OK, 非法迁移返回 MINI_ERR_INVAL
 */
int device_set_status(struct device* pdev, enum device_status status)
{
    3dcc:	1141                	addi	sp,sp,-16
    3dce:	c606                	sw	ra,12(sp)
    3dd0:	c422                	sw	s0,8(sp)
    3dd2:	c226                	sw	s1,4(sp)
    int ret = MINI_OK;

    if (!pdev)
    3dd4:	cd05                	beqz	a0,3e0c <device_set_status+0x40>
    3dd6:	842a                	mv	s0,a0
    3dd8:	84ae                	mv	s1,a1
        return MINI_ERR_INVAL;
    if (pdev->lock && osal_mutex_lock(pdev->lock, OSAL_LOCK_TIMEOUT_DEFAULT_MS) != OSAL_OK)
    3dda:	4908                	lw	a0,16(a0)
    3ddc:	c511                	beqz	a0,3de8 <device_set_status+0x1c>
    3dde:	06400593          	li	a1,100
    3de2:	b0cff0ef          	jal	ra,30ee <osal_mutex_lock>
    3de6:	e50d                	bnez	a0,3e10 <device_set_status+0x44>
        return MINI_ERR_BUSY;

    if (!device_status_can_transit(pdev->status, status))
    3de8:	85a6                	mv	a1,s1
    3dea:	4048                	lw	a0,4(s0)
    3dec:	324d                	jal	378e <device_status_can_transit>
    3dee:	cd09                	beqz	a0,3e08 <device_set_status+0x3c>
        ret = MINI_ERR_INVAL;
    else
        pdev->status = status;
    3df0:	c044                	sw	s1,4(s0)
    int ret = MINI_OK;
    3df2:	4481                	li	s1,0

    if (pdev->lock)
    3df4:	4808                	lw	a0,16(s0)
    3df6:	c119                	beqz	a0,3dfc <device_set_status+0x30>
        (void)osal_mutex_unlock(pdev->lock);
    3df8:	b54ff0ef          	jal	ra,314c <osal_mutex_unlock>
    return ret;
}
    3dfc:	8526                	mv	a0,s1
    3dfe:	40b2                	lw	ra,12(sp)
    3e00:	4422                	lw	s0,8(sp)
    3e02:	4492                	lw	s1,4(sp)
    3e04:	0141                	addi	sp,sp,16
    3e06:	8082                	ret
        ret = MINI_ERR_INVAL;
    3e08:	54a9                	li	s1,-22
    3e0a:	b7ed                	j	3df4 <device_set_status+0x28>
        return MINI_ERR_INVAL;
    3e0c:	54a9                	li	s1,-22
    3e0e:	b7fd                	j	3dfc <device_set_status+0x30>
        return MINI_ERR_BUSY;
    3e10:	54c1                	li	s1,-16
    3e12:	b7ed                	j	3dfc <device_set_status+0x30>

00003e14 <device_set_priv>:
 * @param[in] priv 私有数据指针
 * @return 成功返回 MINI_OK, 失败返回 MINI_ERR_INVAL
 */
int device_set_priv(struct device* pdev, void* priv)
{
    if (!pdev)
    3e14:	c501                	beqz	a0,3e1c <device_set_priv+0x8>
        return MINI_ERR_INVAL;
    pdev->priv_data = priv;
    3e16:	c50c                	sw	a1,8(a0)
    return MINI_OK;
    3e18:	4501                	li	a0,0
    3e1a:	8082                	ret
        return MINI_ERR_INVAL;
    3e1c:	5529                	li	a0,-22
}
    3e1e:	8082                	ret

00003e20 <device_get_priv>:
 * @param[in] pdev device 指针
 * @return 成功返回 priv 指针, 未设置或非法返回 ERR_PTR
 */
void* device_get_priv(const struct device* pdev)
{
    if (!pdev)
    3e20:	c501                	beqz	a0,3e28 <device_get_priv+0x8>
        return ERR_PTR(MINI_ERR_INVAL);
    if (!pdev->priv_data)
    3e22:	4508                	lw	a0,8(a0)
    3e24:	c519                	beqz	a0,3e32 <device_get_priv+0x12>
        return ERR_PTR(MINI_ERR_NODEV);
    return pdev->priv_data;
}
    3e26:	8082                	ret
    return (void*)(ERR_BASE + (uintptr_t)abs_err);
    3e28:	ffffb517          	auipc	a0,0xffffb
    3e2c:	1ee50513          	addi	a0,a0,494 # fffff016 <ERR_SECTION_BASE+0x16>
        return ERR_PTR(MINI_ERR_INVAL);
    3e30:	8082                	ret
    3e32:	ffffb517          	auipc	a0,0xffffb
    3e36:	1e150513          	addi	a0,a0,481 # fffff013 <ERR_SECTION_BASE+0x13>
        return ERR_PTR(MINI_ERR_NODEV);
    3e3a:	b7f5                	j	3e26 <device_get_priv+0x6>

00003e3c <device_get_first>:
/**
 * @brief 获取第一个 device (按 devtable 顺序)
 * @return 成功返回 device 指针, 无设备返回 ERR_PTR
 */
struct device* device_get_first(void)
{
    3e3c:	1141                	addi	sp,sp,-16
    3e3e:	c606                	sw	ra,12(sp)
    if (board_dev_count() <= 0)
    3e40:	9fefe0ef          	jal	ra,203e <board_dev_count>
    3e44:	00a05763          	blez	a0,3e52 <device_get_first+0x16>
        return (struct device*)ERR_PTR(MINI_ERR_NODEV);
    return board_dev_get((device_id_t)0);
    3e48:	4501                	li	a0,0
    3e4a:	36b5                	jal	39b6 <board_dev_get>
}
    3e4c:	40b2                	lw	ra,12(sp)
    3e4e:	0141                	addi	sp,sp,16
    3e50:	8082                	ret
    3e52:	ffffb517          	auipc	a0,0xffffb
    3e56:	1c150513          	addi	a0,a0,449 # fffff013 <ERR_SECTION_BASE+0x13>
        return (struct device*)ERR_PTR(MINI_ERR_NODEV);
    3e5a:	bfcd                	j	3e4c <device_get_first+0x10>

00003e5c <device_get_next>:
 * @param prev 当前 device 指针
 * @return 成功返回下一 device 指针, 末尾或非法返回 ERR_PTR
 */
struct device* device_get_next(const struct device* prev)
{
    if (!prev)
    3e5c:	cd11                	beqz	a0,3e78 <device_get_next+0x1c>
{
    3e5e:	1141                	addi	sp,sp,-16
    3e60:	c606                	sw	ra,12(sp)
    3e62:	c422                	sw	s0,8(sp)
    3e64:	c226                	sw	s1,4(sp)
    3e66:	84aa                	mv	s1,a0
COMPAT_STATIC_INLINE bool IS_ERR(const void* ptr) { return (uintptr_t)ptr >= ERR_BASE; }
    3e68:	ffffb797          	auipc	a5,0xffffb
    3e6c:	19878793          	addi	a5,a5,408 # fffff000 <ERR_SECTION_BASE+0x0>
        return (struct device*)ERR_PTR(MINI_ERR_INVAL);
    if (IS_ERR(prev))
    3e70:	00f57963          	bgeu	a0,a5,3e82 <device_get_next+0x26>
        return (struct device*)ERR_PTR(MINI_ERR_INVAL);
    for (int index = 0; index < board_dev_count(); index++)
    3e74:	4401                	li	s0,0
    3e76:	a01d                	j	3e9c <device_get_next+0x40>
    return (void*)(ERR_BASE + (uintptr_t)abs_err);
    3e78:	ffffb517          	auipc	a0,0xffffb
    3e7c:	19e50513          	addi	a0,a0,414 # fffff016 <ERR_SECTION_BASE+0x16>
                return (struct device*)ERR_PTR(MINI_ERR_NODEV);
            return board_dev_get((device_id_t)next);
        }
    }
    return (struct device*)ERR_PTR(MINI_ERR_INVAL);
}
    3e80:	8082                	ret
    3e82:	ffffb517          	auipc	a0,0xffffb
    3e86:	19450513          	addi	a0,a0,404 # fffff016 <ERR_SECTION_BASE+0x16>
    3e8a:	40b2                	lw	ra,12(sp)
    3e8c:	4422                	lw	s0,8(sp)
    3e8e:	4492                	lw	s1,4(sp)
    3e90:	0141                	addi	sp,sp,16
    3e92:	8082                	ret
            return board_dev_get((device_id_t)next);
    3e94:	8522                	mv	a0,s0
    3e96:	3605                	jal	39b6 <board_dev_get>
    3e98:	bfcd                	j	3e8a <device_get_next+0x2e>
    for (int index = 0; index < board_dev_count(); index++)
    3e9a:	0405                	addi	s0,s0,1
    3e9c:	9a2fe0ef          	jal	ra,203e <board_dev_count>
    3ea0:	02a45063          	bge	s0,a0,3ec0 <device_get_next+0x64>
        if (board_dev_get((device_id_t)index) == prev)
    3ea4:	8522                	mv	a0,s0
    3ea6:	3e01                	jal	39b6 <board_dev_get>
    3ea8:	fea499e3          	bne	s1,a0,3e9a <device_get_next+0x3e>
            int next = index + 1;
    3eac:	0405                	addi	s0,s0,1
            if (next >= board_dev_count())
    3eae:	990fe0ef          	jal	ra,203e <board_dev_count>
    3eb2:	fea441e3          	blt	s0,a0,3e94 <device_get_next+0x38>
    3eb6:	ffffb517          	auipc	a0,0xffffb
    3eba:	15d50513          	addi	a0,a0,349 # fffff013 <ERR_SECTION_BASE+0x13>
                return (struct device*)ERR_PTR(MINI_ERR_NODEV);
    3ebe:	b7f1                	j	3e8a <device_get_next+0x2e>
    3ec0:	ffffb517          	auipc	a0,0xffffb
    3ec4:	15650513          	addi	a0,a0,342 # fffff016 <ERR_SECTION_BASE+0x16>
    return (struct device*)ERR_PTR(MINI_ERR_INVAL);
    3ec8:	b7c9                	j	3e8a <device_get_next+0x2e>

00003eca <device_get_count>:

/**
 * @brief 获取已注册 device 数量
 * @return device 数量
 */
int device_get_count(void) { return board_dev_count(); }
    3eca:	1141                	addi	sp,sp,-16
    3ecc:	c606                	sw	ra,12(sp)
    3ece:	970fe0ef          	jal	ra,203e <board_dev_count>
    3ed2:	40b2                	lw	ra,12(sp)
    3ed4:	0141                	addi	sp,sp,16
    3ed6:	8082                	ret

00003ed8 <device_lock>:
 * @param[in] pdev device 指针
 * @return 成功返回 MINI_OK, 失败返回 MINI_ERR_BUSY 或 MINI_ERR_INVAL
 */
int device_lock(struct device* pdev)
{
    if (!pdev)
    3ed8:	cd09                	beqz	a0,3ef2 <device_lock+0x1a>
        return MINI_ERR_INVAL;
    if (!pdev->lock)
    3eda:	4908                	lw	a0,16(a0)
    3edc:	cd09                	beqz	a0,3ef6 <device_lock+0x1e>
{
    3ede:	1141                	addi	sp,sp,-16
    3ee0:	c606                	sw	ra,12(sp)
        return MINI_ERR_BUSY;
    return osal_mutex_lock(pdev->lock, OSAL_LOCK_TIMEOUT_DEFAULT_MS) == OSAL_OK ? MINI_OK :
    3ee2:	06400593          	li	a1,100
    3ee6:	a08ff0ef          	jal	ra,30ee <osal_mutex_lock>
    3eea:	e901                	bnez	a0,3efa <device_lock+0x22>
                                                                                  MINI_ERR_BUSY;
}
    3eec:	40b2                	lw	ra,12(sp)
    3eee:	0141                	addi	sp,sp,16
    3ef0:	8082                	ret
        return MINI_ERR_INVAL;
    3ef2:	5529                	li	a0,-22
    3ef4:	8082                	ret
        return MINI_ERR_BUSY;
    3ef6:	5541                	li	a0,-16
}
    3ef8:	8082                	ret
    return osal_mutex_lock(pdev->lock, OSAL_LOCK_TIMEOUT_DEFAULT_MS) == OSAL_OK ? MINI_OK :
    3efa:	5541                	li	a0,-16
    3efc:	bfc5                	j	3eec <device_lock+0x14>

00003efe <device_unlock>:
 * @param[in] pdev device 指针
 * @return 成功返回 MINI_OK, 失败返回负数错误码
 */
int device_unlock(struct device* pdev)
{
    if (!pdev || !pdev->lock)
    3efe:	c919                	beqz	a0,3f14 <device_unlock+0x16>
    3f00:	4908                	lw	a0,16(a0)
    3f02:	c919                	beqz	a0,3f18 <device_unlock+0x1a>
{
    3f04:	1141                	addi	sp,sp,-16
    3f06:	c606                	sw	ra,12(sp)
        return MINI_ERR_INVAL;
    return osal_mutex_unlock(pdev->lock) == OSAL_OK ? MINI_OK : MINI_ERR_IO;
    3f08:	a44ff0ef          	jal	ra,314c <osal_mutex_unlock>
    3f0c:	e901                	bnez	a0,3f1c <device_unlock+0x1e>
}
    3f0e:	40b2                	lw	ra,12(sp)
    3f10:	0141                	addi	sp,sp,16
    3f12:	8082                	ret
        return MINI_ERR_INVAL;
    3f14:	5529                	li	a0,-22
    3f16:	8082                	ret
    3f18:	5529                	li	a0,-22
}
    3f1a:	8082                	ret
    return osal_mutex_unlock(pdev->lock) == OSAL_OK ? MINI_OK : MINI_ERR_IO;
    3f1c:	556d                	li	a0,-5
    3f1e:	bfc5                	j	3f0e <device_unlock+0x10>

00003f20 <device_open>:
{
    3f20:	1141                	addi	sp,sp,-16
    3f22:	c606                	sw	ra,12(sp)
    3f24:	c422                	sw	s0,8(sp)
    3f26:	c226                	sw	s1,4(sp)
    3f28:	c04a                	sw	s2,0(sp)
    if (!pdev)
    3f2a:	c535                	beqz	a0,3f96 <device_open+0x76>
    3f2c:	842a                	mv	s0,a0
    3f2e:	892e                	mv	s2,a1
    if (device_lock(pdev) != MINI_OK)
    3f30:	3765                	jal	3ed8 <device_lock>
    3f32:	84aa                	mv	s1,a0
    3f34:	e13d                	bnez	a0,3f9a <device_open+0x7a>
    if (!pdev->ops || (!pdev->ops->open && !pdev->ops->init))
    3f36:	445c                	lw	a5,12(s0)
    3f38:	cb9d                	beqz	a5,3f6e <device_open+0x4e>
    3f3a:	43d8                	lw	a4,4(a5)
    3f3c:	c71d                	beqz	a4,3f6a <device_open+0x4a>
    if (pdev->status == DEVICE_STATUS_RUNNING)
    3f3e:	4054                	lw	a3,4(s0)
    3f40:	4611                	li	a2,4
    3f42:	02c68a63          	beq	a3,a2,3f76 <device_open+0x56>
    if (pdev->status != DEVICE_STATUS_PROBED)
    3f46:	460d                	li	a2,3
    3f48:	02c69a63          	bne	a3,a2,3f7c <device_open+0x5c>
    int ret = pdev->ops->open ? pdev->ops->open(pdev, arg) : pdev->ops->init(pdev);
    3f4c:	cf05                	beqz	a4,3f84 <device_open+0x64>
    3f4e:	85ca                	mv	a1,s2
    3f50:	8522                	mv	a0,s0
    3f52:	9702                	jalr	a4
    3f54:	84aa                	mv	s1,a0
    if (ret == MINI_OK)
    3f56:	cc85                	beqz	s1,3f8e <device_open+0x6e>
    COMPAT_IGNORE_RESULT(device_unlock(pdev));
    3f58:	8522                	mv	a0,s0
    3f5a:	3755                	jal	3efe <device_unlock>
}
    3f5c:	8526                	mv	a0,s1
    3f5e:	40b2                	lw	ra,12(sp)
    3f60:	4422                	lw	s0,8(sp)
    3f62:	4492                	lw	s1,4(sp)
    3f64:	4902                	lw	s2,0(sp)
    3f66:	0141                	addi	sp,sp,16
    3f68:	8082                	ret
    if (!pdev->ops || (!pdev->ops->open && !pdev->ops->init))
    3f6a:	4394                	lw	a3,0(a5)
    3f6c:	fae9                	bnez	a3,3f3e <device_open+0x1e>
        COMPAT_IGNORE_RESULT(device_unlock(pdev));
    3f6e:	8522                	mv	a0,s0
    3f70:	3779                	jal	3efe <device_unlock>
        return MINI_ERR_IO;
    3f72:	54ed                	li	s1,-5
    3f74:	b7e5                	j	3f5c <device_open+0x3c>
        COMPAT_IGNORE_RESULT(device_unlock(pdev));
    3f76:	8522                	mv	a0,s0
    3f78:	3759                	jal	3efe <device_unlock>
        return MINI_OK;
    3f7a:	b7cd                	j	3f5c <device_open+0x3c>
        COMPAT_IGNORE_RESULT(device_unlock(pdev));
    3f7c:	8522                	mv	a0,s0
    3f7e:	3741                	jal	3efe <device_unlock>
        return MINI_ERR_IO;
    3f80:	54ed                	li	s1,-5
    3f82:	bfe9                	j	3f5c <device_open+0x3c>
    int ret = pdev->ops->open ? pdev->ops->open(pdev, arg) : pdev->ops->init(pdev);
    3f84:	439c                	lw	a5,0(a5)
    3f86:	8522                	mv	a0,s0
    3f88:	9782                	jalr	a5
    3f8a:	84aa                	mv	s1,a0
    3f8c:	b7e9                	j	3f56 <device_open+0x36>
        COMPAT_IGNORE_RESULT(device_set_status(pdev, DEVICE_STATUS_RUNNING));
    3f8e:	4591                	li	a1,4
    3f90:	8522                	mv	a0,s0
    3f92:	3d2d                	jal	3dcc <device_set_status>
    3f94:	b7d1                	j	3f58 <device_open+0x38>
        return MINI_ERR_INVAL;
    3f96:	54a9                	li	s1,-22
    3f98:	b7d1                	j	3f5c <device_open+0x3c>
        return MINI_ERR_BUSY;
    3f9a:	54c1                	li	s1,-16
    3f9c:	b7c1                	j	3f5c <device_open+0x3c>

00003f9e <device_close>:
{
    3f9e:	1141                	addi	sp,sp,-16
    3fa0:	c606                	sw	ra,12(sp)
    3fa2:	c422                	sw	s0,8(sp)
    3fa4:	c226                	sw	s1,4(sp)
    if (!pdev)
    3fa6:	c529                	beqz	a0,3ff0 <device_close+0x52>
    3fa8:	842a                	mv	s0,a0
    if (device_lock(pdev) != MINI_OK)
    3faa:	373d                	jal	3ed8 <device_lock>
    3fac:	e521                	bnez	a0,3ff4 <device_close+0x56>
    if (!pdev->ops || !pdev->ops->close)
    3fae:	445c                	lw	a5,12(s0)
    3fb0:	c785                	beqz	a5,3fd8 <device_close+0x3a>
    3fb2:	4798                	lw	a4,8(a5)
    3fb4:	c315                	beqz	a4,3fd8 <device_close+0x3a>
    if (pdev->status != DEVICE_STATUS_RUNNING && pdev->status != DEVICE_STATUS_SUSPENDED)
    3fb6:	405c                	lw	a5,4(s0)
    3fb8:	17f1                	addi	a5,a5,-4
    3fba:	4685                	li	a3,1
    3fbc:	02f6e263          	bltu	a3,a5,3fe0 <device_close+0x42>
    int ret = pdev->ops->close(pdev);
    3fc0:	8522                	mv	a0,s0
    3fc2:	9702                	jalr	a4
    3fc4:	84aa                	mv	s1,a0
    if (ret == MINI_OK)
    3fc6:	c10d                	beqz	a0,3fe8 <device_close+0x4a>
    COMPAT_IGNORE_RESULT(device_unlock(pdev));
    3fc8:	8522                	mv	a0,s0
    3fca:	3f15                	jal	3efe <device_unlock>
}
    3fcc:	8526                	mv	a0,s1
    3fce:	40b2                	lw	ra,12(sp)
    3fd0:	4422                	lw	s0,8(sp)
    3fd2:	4492                	lw	s1,4(sp)
    3fd4:	0141                	addi	sp,sp,16
    3fd6:	8082                	ret
        COMPAT_IGNORE_RESULT(device_unlock(pdev));
    3fd8:	8522                	mv	a0,s0
    3fda:	3715                	jal	3efe <device_unlock>
        return MINI_ERR_IO;
    3fdc:	54ed                	li	s1,-5
    3fde:	b7fd                	j	3fcc <device_close+0x2e>
        COMPAT_IGNORE_RESULT(device_unlock(pdev));
    3fe0:	8522                	mv	a0,s0
    3fe2:	3f31                	jal	3efe <device_unlock>
        return MINI_ERR_IO;
    3fe4:	54ed                	li	s1,-5
    3fe6:	b7dd                	j	3fcc <device_close+0x2e>
        COMPAT_IGNORE_RESULT(device_set_status(pdev, DEVICE_STATUS_PROBED));
    3fe8:	458d                	li	a1,3
    3fea:	8522                	mv	a0,s0
    3fec:	33c5                	jal	3dcc <device_set_status>
    3fee:	bfe9                	j	3fc8 <device_close+0x2a>
        return MINI_ERR_INVAL;
    3ff0:	54a9                	li	s1,-22
    3ff2:	bfe9                	j	3fcc <device_close+0x2e>
        return MINI_ERR_BUSY;
    3ff4:	54c1                	li	s1,-16
    3ff6:	bfd9                	j	3fcc <device_close+0x2e>

00003ff8 <device_write>:
{
    3ff8:	1101                	addi	sp,sp,-32
    3ffa:	ce06                	sw	ra,28(sp)
    3ffc:	cc22                	sw	s0,24(sp)
    3ffe:	ca26                	sw	s1,20(sp)
    4000:	c84a                	sw	s2,16(sp)
    4002:	c64e                	sw	s3,12(sp)
    if (!pdev)
    4004:	c139                	beqz	a0,404a <device_write+0x52>
    4006:	842a                	mv	s0,a0
    4008:	84ae                	mv	s1,a1
    400a:	8932                	mv	s2,a2
    400c:	89b6                	mv	s3,a3
    if (device_lock(pdev) != MINI_OK)
    400e:	35e9                	jal	3ed8 <device_lock>
    4010:	ed1d                	bnez	a0,404e <device_write+0x56>
    if (!pdev->ops || !pdev->ops->write || pdev->status != DEVICE_STATUS_RUNNING)
    4012:	445c                	lw	a5,12(s0)
    4014:	c79d                	beqz	a5,4042 <device_write+0x4a>
    4016:	47dc                	lw	a5,12(a5)
    4018:	c78d                	beqz	a5,4042 <device_write+0x4a>
    401a:	4054                	lw	a3,4(s0)
    401c:	4711                	li	a4,4
    401e:	02e69263          	bne	a3,a4,4042 <device_write+0x4a>
    int ret = pdev->ops->write(pdev, buf, len, timeout_ms);
    4022:	86ce                	mv	a3,s3
    4024:	864a                	mv	a2,s2
    4026:	85a6                	mv	a1,s1
    4028:	8522                	mv	a0,s0
    402a:	9782                	jalr	a5
    402c:	84aa                	mv	s1,a0
    COMPAT_IGNORE_RESULT(device_unlock(pdev));
    402e:	8522                	mv	a0,s0
    4030:	35f9                	jal	3efe <device_unlock>
}
    4032:	8526                	mv	a0,s1
    4034:	40f2                	lw	ra,28(sp)
    4036:	4462                	lw	s0,24(sp)
    4038:	44d2                	lw	s1,20(sp)
    403a:	4942                	lw	s2,16(sp)
    403c:	49b2                	lw	s3,12(sp)
    403e:	6105                	addi	sp,sp,32
    4040:	8082                	ret
        COMPAT_IGNORE_RESULT(device_unlock(pdev));
    4042:	8522                	mv	a0,s0
    4044:	3d6d                	jal	3efe <device_unlock>
        return MINI_ERR_IO;
    4046:	54ed                	li	s1,-5
    4048:	b7ed                	j	4032 <device_write+0x3a>
        return MINI_ERR_INVAL;
    404a:	54a9                	li	s1,-22
    404c:	b7dd                	j	4032 <device_write+0x3a>
        return MINI_ERR_BUSY;
    404e:	54c1                	li	s1,-16
    4050:	b7cd                	j	4032 <device_write+0x3a>

00004052 <device_read>:
{
    4052:	1101                	addi	sp,sp,-32
    4054:	ce06                	sw	ra,28(sp)
    4056:	cc22                	sw	s0,24(sp)
    4058:	ca26                	sw	s1,20(sp)
    405a:	c84a                	sw	s2,16(sp)
    405c:	c64e                	sw	s3,12(sp)
    if (!pdev)
    405e:	c139                	beqz	a0,40a4 <device_read+0x52>
    4060:	842a                	mv	s0,a0
    4062:	84ae                	mv	s1,a1
    4064:	8932                	mv	s2,a2
    4066:	89b6                	mv	s3,a3
    if (device_lock(pdev) != MINI_OK)
    4068:	3d85                	jal	3ed8 <device_lock>
    406a:	ed1d                	bnez	a0,40a8 <device_read+0x56>
    if (!pdev->ops || !pdev->ops->read || pdev->status != DEVICE_STATUS_RUNNING)
    406c:	445c                	lw	a5,12(s0)
    406e:	c79d                	beqz	a5,409c <device_read+0x4a>
    4070:	4b9c                	lw	a5,16(a5)
    4072:	c78d                	beqz	a5,409c <device_read+0x4a>
    4074:	4054                	lw	a3,4(s0)
    4076:	4711                	li	a4,4
    4078:	02e69263          	bne	a3,a4,409c <device_read+0x4a>
    int ret = pdev->ops->read(pdev, buf, len, timeout_ms);
    407c:	86ce                	mv	a3,s3
    407e:	864a                	mv	a2,s2
    4080:	85a6                	mv	a1,s1
    4082:	8522                	mv	a0,s0
    4084:	9782                	jalr	a5
    4086:	84aa                	mv	s1,a0
    COMPAT_IGNORE_RESULT(device_unlock(pdev));
    4088:	8522                	mv	a0,s0
    408a:	3d95                	jal	3efe <device_unlock>
}
    408c:	8526                	mv	a0,s1
    408e:	40f2                	lw	ra,28(sp)
    4090:	4462                	lw	s0,24(sp)
    4092:	44d2                	lw	s1,20(sp)
    4094:	4942                	lw	s2,16(sp)
    4096:	49b2                	lw	s3,12(sp)
    4098:	6105                	addi	sp,sp,32
    409a:	8082                	ret
        COMPAT_IGNORE_RESULT(device_unlock(pdev));
    409c:	8522                	mv	a0,s0
    409e:	3585                	jal	3efe <device_unlock>
        return MINI_ERR_IO;
    40a0:	54ed                	li	s1,-5
    40a2:	b7ed                	j	408c <device_read+0x3a>
        return MINI_ERR_INVAL;
    40a4:	54a9                	li	s1,-22
    40a6:	b7dd                	j	408c <device_read+0x3a>
        return MINI_ERR_BUSY;
    40a8:	54c1                	li	s1,-16
    40aa:	b7cd                	j	408c <device_read+0x3a>

000040ac <device_ioctl>:
{
    40ac:	1101                	addi	sp,sp,-32
    40ae:	ce06                	sw	ra,28(sp)
    40b0:	cc22                	sw	s0,24(sp)
    40b2:	ca26                	sw	s1,20(sp)
    40b4:	c84a                	sw	s2,16(sp)
    40b6:	c64e                	sw	s3,12(sp)
    40b8:	c452                	sw	s4,8(sp)
    if (!pdev)
    40ba:	c531                	beqz	a0,4106 <device_ioctl+0x5a>
    40bc:	842a                	mv	s0,a0
    40be:	8a2e                	mv	s4,a1
    40c0:	84b2                	mv	s1,a2
    40c2:	8936                	mv	s2,a3
    40c4:	89ba                	mv	s3,a4
    if (device_lock(pdev) != MINI_OK)
    40c6:	3d09                	jal	3ed8 <device_lock>
    40c8:	e129                	bnez	a0,410a <device_ioctl+0x5e>
    if (!pdev->ops || !pdev->ops->ioctl || pdev->status != DEVICE_STATUS_RUNNING)
    40ca:	445c                	lw	a5,12(s0)
    40cc:	cb8d                	beqz	a5,40fe <device_ioctl+0x52>
    40ce:	4bdc                	lw	a5,20(a5)
    40d0:	c79d                	beqz	a5,40fe <device_ioctl+0x52>
    40d2:	4054                	lw	a3,4(s0)
    40d4:	4711                	li	a4,4
    40d6:	02e69463          	bne	a3,a4,40fe <device_ioctl+0x52>
    int ret = pdev->ops->ioctl(pdev, cmd, arg, arg_len, timeout_ms);
    40da:	874e                	mv	a4,s3
    40dc:	86ca                	mv	a3,s2
    40de:	8626                	mv	a2,s1
    40e0:	85d2                	mv	a1,s4
    40e2:	8522                	mv	a0,s0
    40e4:	9782                	jalr	a5
    40e6:	84aa                	mv	s1,a0
    COMPAT_IGNORE_RESULT(device_unlock(pdev));
    40e8:	8522                	mv	a0,s0
    40ea:	3d11                	jal	3efe <device_unlock>
}
    40ec:	8526                	mv	a0,s1
    40ee:	40f2                	lw	ra,28(sp)
    40f0:	4462                	lw	s0,24(sp)
    40f2:	44d2                	lw	s1,20(sp)
    40f4:	4942                	lw	s2,16(sp)
    40f6:	49b2                	lw	s3,12(sp)
    40f8:	4a22                	lw	s4,8(sp)
    40fa:	6105                	addi	sp,sp,32
    40fc:	8082                	ret
        COMPAT_IGNORE_RESULT(device_unlock(pdev));
    40fe:	8522                	mv	a0,s0
    4100:	3bfd                	jal	3efe <device_unlock>
        return MINI_ERR_IO;
    4102:	54ed                	li	s1,-5
    4104:	b7e5                	j	40ec <device_ioctl+0x40>
        return MINI_ERR_INVAL;
    4106:	54a9                	li	s1,-22
    4108:	b7d5                	j	40ec <device_ioctl+0x40>
        return MINI_ERR_BUSY;
    410a:	54c1                	li	s1,-16
    410c:	b7c5                	j	40ec <device_ioctl+0x40>

0000410e <device_suspend>:
{
    410e:	1141                	addi	sp,sp,-16
    4110:	c606                	sw	ra,12(sp)
    4112:	c422                	sw	s0,8(sp)
    4114:	c226                	sw	s1,4(sp)
    4116:	c04a                	sw	s2,0(sp)
    if (!pdev)
    4118:	c529                	beqz	a0,4162 <device_suspend+0x54>
    411a:	842a                	mv	s0,a0
    if (device_lock(pdev) != MINI_OK)
    411c:	3b75                	jal	3ed8 <device_lock>
    411e:	84aa                	mv	s1,a0
    4120:	e139                	bnez	a0,4166 <device_suspend+0x58>
    if (pdev->status != DEVICE_STATUS_RUNNING)
    4122:	4058                	lw	a4,4(s0)
    4124:	4791                	li	a5,4
    4126:	02f71663          	bne	a4,a5,4152 <device_suspend+0x44>
    if (pdev->ops && pdev->ops->suspend)
    412a:	445c                	lw	a5,12(s0)
    412c:	c799                	beqz	a5,413a <device_suspend+0x2c>
    412e:	4f9c                	lw	a5,24(a5)
    4130:	c789                	beqz	a5,413a <device_suspend+0x2c>
        ret = pdev->ops->suspend(pdev);
    4132:	8522                	mv	a0,s0
    4134:	9782                	jalr	a5
    4136:	892a                	mv	s2,a0
        if (ret != MINI_OK)
    4138:	e10d                	bnez	a0,415a <device_suspend+0x4c>
    COMPAT_IGNORE_RESULT(device_set_status(pdev, DEVICE_STATUS_SUSPENDED));
    413a:	4595                	li	a1,5
    413c:	8522                	mv	a0,s0
    413e:	3179                	jal	3dcc <device_set_status>
    COMPAT_IGNORE_RESULT(device_unlock(pdev));
    4140:	8522                	mv	a0,s0
    4142:	3b75                	jal	3efe <device_unlock>
}
    4144:	8526                	mv	a0,s1
    4146:	40b2                	lw	ra,12(sp)
    4148:	4422                	lw	s0,8(sp)
    414a:	4492                	lw	s1,4(sp)
    414c:	4902                	lw	s2,0(sp)
    414e:	0141                	addi	sp,sp,16
    4150:	8082                	ret
        COMPAT_IGNORE_RESULT(device_unlock(pdev));
    4152:	8522                	mv	a0,s0
    4154:	336d                	jal	3efe <device_unlock>
        return MINI_ERR_IO;
    4156:	54ed                	li	s1,-5
    4158:	b7f5                	j	4144 <device_suspend+0x36>
            COMPAT_IGNORE_RESULT(device_unlock(pdev));
    415a:	8522                	mv	a0,s0
    415c:	334d                	jal	3efe <device_unlock>
            return ret;
    415e:	84ca                	mv	s1,s2
    4160:	b7d5                	j	4144 <device_suspend+0x36>
        return MINI_ERR_INVAL;
    4162:	54a9                	li	s1,-22
    4164:	b7c5                	j	4144 <device_suspend+0x36>
        return MINI_ERR_BUSY;
    4166:	54c1                	li	s1,-16
    4168:	bff1                	j	4144 <device_suspend+0x36>

0000416a <device_resume>:
{
    416a:	1141                	addi	sp,sp,-16
    416c:	c606                	sw	ra,12(sp)
    416e:	c422                	sw	s0,8(sp)
    4170:	c226                	sw	s1,4(sp)
    4172:	c04a                	sw	s2,0(sp)
    if (!pdev)
    4174:	c529                	beqz	a0,41be <device_resume+0x54>
    4176:	842a                	mv	s0,a0
    if (device_lock(pdev) != MINI_OK)
    4178:	3385                	jal	3ed8 <device_lock>
    417a:	84aa                	mv	s1,a0
    417c:	e139                	bnez	a0,41c2 <device_resume+0x58>
    if (pdev->status != DEVICE_STATUS_SUSPENDED)
    417e:	4058                	lw	a4,4(s0)
    4180:	4795                	li	a5,5
    4182:	02f71663          	bne	a4,a5,41ae <device_resume+0x44>
    if (pdev->ops && pdev->ops->resume)
    4186:	445c                	lw	a5,12(s0)
    4188:	c799                	beqz	a5,4196 <device_resume+0x2c>
    418a:	4fdc                	lw	a5,28(a5)
    418c:	c789                	beqz	a5,4196 <device_resume+0x2c>
        ret = pdev->ops->resume(pdev);
    418e:	8522                	mv	a0,s0
    4190:	9782                	jalr	a5
    4192:	892a                	mv	s2,a0
        if (ret != MINI_OK)
    4194:	e10d                	bnez	a0,41b6 <device_resume+0x4c>
    COMPAT_IGNORE_RESULT(device_set_status(pdev, DEVICE_STATUS_RUNNING));
    4196:	4591                	li	a1,4
    4198:	8522                	mv	a0,s0
    419a:	390d                	jal	3dcc <device_set_status>
    COMPAT_IGNORE_RESULT(device_unlock(pdev));
    419c:	8522                	mv	a0,s0
    419e:	3385                	jal	3efe <device_unlock>
}
    41a0:	8526                	mv	a0,s1
    41a2:	40b2                	lw	ra,12(sp)
    41a4:	4422                	lw	s0,8(sp)
    41a6:	4492                	lw	s1,4(sp)
    41a8:	4902                	lw	s2,0(sp)
    41aa:	0141                	addi	sp,sp,16
    41ac:	8082                	ret
        COMPAT_IGNORE_RESULT(device_unlock(pdev));
    41ae:	8522                	mv	a0,s0
    41b0:	33b9                	jal	3efe <device_unlock>
        return MINI_ERR_IO;
    41b2:	54ed                	li	s1,-5
    41b4:	b7f5                	j	41a0 <device_resume+0x36>
            COMPAT_IGNORE_RESULT(device_unlock(pdev));
    41b6:	8522                	mv	a0,s0
    41b8:	3399                	jal	3efe <device_unlock>
            return ret;
    41ba:	84ca                	mv	s1,s2
    41bc:	b7d5                	j	41a0 <device_resume+0x36>
        return MINI_ERR_INVAL;
    41be:	54a9                	li	s1,-22
    41c0:	b7c5                	j	41a0 <device_resume+0x36>
        return MINI_ERR_BUSY;
    41c2:	54c1                	li	s1,-16
    41c4:	bff1                	j	41a0 <device_resume+0x36>

000041c6 <device_ops_unregister>:
 * @brief 卸载驱动: 标记 REMOVED、广播事件、持锁清空 ops/priv
 * @param[in] pdev device 指针
 */
void device_ops_unregister(struct device* pdev)
{
    if (!pdev)
    41c6:	cd1d                	beqz	a0,4204 <device_ops_unregister+0x3e>
{
    41c8:	1141                	addi	sp,sp,-16
    41ca:	c606                	sw	ra,12(sp)
    41cc:	c422                	sw	s0,8(sp)
    41ce:	842a                	mv	s0,a0
        return;

    if (device_lock(pdev) != MINI_OK)
    41d0:	3321                	jal	3ed8 <device_lock>
    41d2:	c509                	beqz	a0,41dc <device_ops_unregister+0x16>

    COMPAT_IGNORE_RESULT(device_set_priv(pdev, NULL));
    pdev->ops = NULL;

    COMPAT_IGNORE_RESULT(device_unlock(pdev));
}
    41d4:	40b2                	lw	ra,12(sp)
    41d6:	4422                	lw	s0,8(sp)
    41d8:	0141                	addi	sp,sp,16
    41da:	8082                	ret
    COMPAT_IGNORE_RESULT(device_set_status(pdev, DEVICE_STATUS_REMOVED));
    41dc:	459d                	li	a1,7
    41de:	8522                	mv	a0,s0
    41e0:	36f5                	jal	3dcc <device_set_status>
    COMPAT_IGNORE_RESULT(device_unlock(pdev));
    41e2:	8522                	mv	a0,s0
    41e4:	3b29                	jal	3efe <device_unlock>
    COMPAT_IGNORE_RESULT(event_bus_post(EVENT_SYS_DEVICE_REMOVED, (uintptr_t)pdev));
    41e6:	85a2                	mv	a1,s0
    41e8:	450d                	li	a0,3
    41ea:	6d0000ef          	jal	ra,48ba <event_bus_post>
    if (device_lock(pdev) != MINI_OK)
    41ee:	8522                	mv	a0,s0
    41f0:	31e5                	jal	3ed8 <device_lock>
    41f2:	f16d                	bnez	a0,41d4 <device_ops_unregister+0xe>
    COMPAT_IGNORE_RESULT(device_set_priv(pdev, NULL));
    41f4:	4581                	li	a1,0
    41f6:	8522                	mv	a0,s0
    41f8:	3931                	jal	3e14 <device_set_priv>
    pdev->ops = NULL;
    41fa:	00042623          	sw	zero,12(s0)
    COMPAT_IGNORE_RESULT(device_unlock(pdev));
    41fe:	8522                	mv	a0,s0
    4200:	39fd                	jal	3efe <device_unlock>
    4202:	bfc9                	j	41d4 <device_ops_unregister+0xe>
    4204:	8082                	ret

00004206 <device_lc>:
 * @param pdev device 指针
 * @return 成功返回 dev_lifecycle 指针, 非法返回 ERR_PTR
 */
struct dev_lifecycle* device_lc(struct device* pdev)
{
    if (!pdev)
    4206:	c119                	beqz	a0,420c <device_lc+0x6>
        return (struct dev_lifecycle*)ERR_PTR(MINI_ERR_INVAL);
    return &pdev->lc;
    4208:	0551                	addi	a0,a0,20
}
    420a:	8082                	ret
    420c:	ffffb517          	auipc	a0,0xffffb
    4210:	e0a50513          	addi	a0,a0,-502 # fffff016 <ERR_SECTION_BASE+0x16>
        return (struct dev_lifecycle*)ERR_PTR(MINI_ERR_INVAL);
    4214:	8082                	ret

00004216 <device_lc_bind>:
 * @brief 初始化并绑定 device 生命周期状态机
 * @param[in] pdev device 指针
 */
void device_lc_bind(struct device* pdev)
{
    if (pdev)
    4216:	c901                	beqz	a0,4226 <device_lc_bind+0x10>
{
    4218:	1141                	addi	sp,sp,-16
    421a:	c606                	sw	ra,12(sp)
        dev_lc_init(&pdev->lc);
    421c:	0551                	addi	a0,a0,20
    421e:	2a21                	jal	4336 <dev_lc_init>
}
    4220:	40b2                	lw	ra,12(sp)
    4222:	0141                	addi	sp,sp,16
    4224:	8082                	ret
    4226:	8082                	ret

00004228 <device_tree_init>:
{
    4228:	1101                	addi	sp,sp,-32
    422a:	ce06                	sw	ra,28(sp)
    422c:	cc22                	sw	s0,24(sp)
    422e:	ca26                	sw	s1,20(sp)
    for (int index = 0; index < DEV_ID_COUNT; index++)
    4230:	4401                	li	s0,0
    4232:	02805163          	blez	s0,4254 <device_tree_init+0x2c>
    if (board_dev_count() >= OSAL_MUTEX_POOL_SIZE * 9 / 10)
    4236:	e09fd0ef          	jal	ra,203e <board_dev_count>
    423a:	47d1                	li	a5,20
    423c:	0ca7cb63          	blt	a5,a0,4312 <device_tree_init+0xea>
    return board_dev_count() > 0 ? MINI_OK : MINI_ERR_IO;
    4240:	dfffd0ef          	jal	ra,203e <board_dev_count>
    4244:	0ea05763          	blez	a0,4332 <device_tree_init+0x10a>
    4248:	4501                	li	a0,0
}
    424a:	40f2                	lw	ra,28(sp)
    424c:	4462                	lw	s0,24(sp)
    424e:	44d2                	lw	s1,20(sp)
    4250:	6105                	addi	sp,sp,32
    4252:	8082                	ret
        const struct device_node* node = board_node_get((device_id_t)index);
    4254:	8522                	mv	a0,s0
    4256:	dcffd0ef          	jal	ra,2024 <board_node_get>
    425a:	84aa                	mv	s1,a0
        s_devices[index].node = node;
    425c:	00341793          	slli	a5,s0,0x3
    4260:	97a2                	add	a5,a5,s0
    4262:	078a                	slli	a5,a5,0x2
    4264:	1fffd717          	auipc	a4,0x1fffd
    4268:	0dc70713          	addi	a4,a4,220 # 20001340 <s_devices>
    426c:	97ba                	add	a5,a5,a4
    426e:	c388                	sw	a0,0(a5)
        s_devices[index].status = node ? node->status : DEVICE_STATUS_DISABLED;
    4270:	cd31                	beqz	a0,42cc <device_tree_init+0xa4>
    4272:	02054683          	lbu	a3,32(a0)
    4276:	1fffd517          	auipc	a0,0x1fffd
    427a:	0ca50513          	addi	a0,a0,202 # 20001340 <s_devices>
    427e:	00341713          	slli	a4,s0,0x3
    4282:	008707b3          	add	a5,a4,s0
    4286:	078a                	slli	a5,a5,0x2
    4288:	97aa                	add	a5,a5,a0
    428a:	c3d4                	sw	a3,4(a5)
        s_devices[index].priv_data = NULL;
    428c:	0007a423          	sw	zero,8(a5)
        s_devices[index].ops = NULL;
    4290:	0007a623          	sw	zero,12(a5)
        s_devices[index].lock = NULL;
    4294:	0007a823          	sw	zero,16(a5)
        s_devices[index].platform_data = NULL;
    4298:	0207a023          	sw	zero,32(a5)
        dev_lc_reset(&s_devices[index].lc);
    429c:	9722                	add	a4,a4,s0
    429e:	070a                	slli	a4,a4,0x2
    42a0:	0741                	addi	a4,a4,16
    42a2:	953a                	add	a0,a0,a4
    42a4:	0511                	addi	a0,a0,4
    42a6:	285d                	jal	435c <dev_lc_reset>
        if (node && s_devices[index].status != DEVICE_STATUS_DISABLED &&
    42a8:	c085                	beqz	s1,42c8 <device_tree_init+0xa0>
    42aa:	00341793          	slli	a5,s0,0x3
    42ae:	97a2                	add	a5,a5,s0
    42b0:	078a                	slli	a5,a5,0x2
    42b2:	1fffd717          	auipc	a4,0x1fffd
    42b6:	08e70713          	addi	a4,a4,142 # 20001340 <s_devices>
    42ba:	97ba                	add	a5,a5,a4
    42bc:	43dc                	lw	a5,4(a5)
    42be:	c789                	beqz	a5,42c8 <device_tree_init+0xa0>
            !(node->flags & DEVICE_FLAG_DIRECT))
    42c0:	0224c783          	lbu	a5,34(s1)
        if (node && s_devices[index].status != DEVICE_STATUS_DISABLED &&
    42c4:	8b85                	andi	a5,a5,1
    42c6:	c789                	beqz	a5,42d0 <device_tree_init+0xa8>
    for (int index = 0; index < DEV_ID_COUNT; index++)
    42c8:	0405                	addi	s0,s0,1
    42ca:	b7a5                	j	4232 <device_tree_init+0xa>
        s_devices[index].status = node ? node->status : DEVICE_STATUS_DISABLED;
    42cc:	4681                	li	a3,0
    42ce:	b765                	j	4276 <device_tree_init+0x4e>
            struct osal_mutex* lock = NULL;
    42d0:	c602                	sw	zero,12(sp)
            if (osal_mutex_create_static_recursive(&lock, s_device_lock_storage[index],
    42d2:	00741593          	slli	a1,s0,0x7
    42d6:	08000613          	li	a2,128
    42da:	1fffd797          	auipc	a5,0x1fffd
    42de:	08a78793          	addi	a5,a5,138 # 20001364 <s_device_lock_storage>
    42e2:	95be                	add	a1,a1,a5
    42e4:	0068                	addi	a0,sp,12
    42e6:	d83fe0ef          	jal	ra,3068 <osal_mutex_create_static_recursive>
    42ea:	ed11                	bnez	a0,4306 <device_tree_init+0xde>
                s_devices[index].lock = lock;
    42ec:	00341793          	slli	a5,s0,0x3
    42f0:	97a2                	add	a5,a5,s0
    42f2:	078a                	slli	a5,a5,0x2
    42f4:	1fffd517          	auipc	a0,0x1fffd
    42f8:	04c50513          	addi	a0,a0,76 # 20001340 <s_devices>
    42fc:	953e                	add	a0,a0,a5
    42fe:	47b2                	lw	a5,12(sp)
    4300:	c91c                	sw	a5,16(a0)
                device_lc_bind(&s_devices[index]);
    4302:	3f11                	jal	4216 <device_lc_bind>
    4304:	b7d1                	j	42c8 <device_tree_init+0xa0>
                enter_safe_state("device_tree_init: mutex create failed");
    4306:	00005517          	auipc	a0,0x5
    430a:	9aa50513          	addi	a0,a0,-1622 # 8cb0 <s_nodes+0x6a8>
    430e:	a4afe0ef          	jal	ra,2558 <enter_safe_state>
        osal_log(OSAL_LOG_WARN, "board", "device_tree_init: mutex pool >90%% used (%d/%d)\n",
    4312:	d2dfd0ef          	jal	ra,203e <board_dev_count>
    4316:	86aa                	mv	a3,a0
    4318:	4761                	li	a4,24
    431a:	00005617          	auipc	a2,0x5
    431e:	9be60613          	addi	a2,a2,-1602 # 8cd8 <s_nodes+0x6d0>
    4322:	00005597          	auipc	a1,0x5
    4326:	9ea58593          	addi	a1,a1,-1558 # 8d0c <s_nodes+0x704>
    432a:	4505                	li	a0,1
    432c:	b2aff0ef          	jal	ra,3656 <osal_log>
    4330:	bf01                	j	4240 <device_tree_init+0x18>
    return board_dev_count() > 0 ? MINI_OK : MINI_ERR_IO;
    4332:	556d                	li	a0,-5
    4334:	bf19                	j	424a <device_tree_init+0x22>

00004336 <dev_lc_init>:
 * @brief 初始化生命周期状态机为 LIVE
 * @param[in] lc 生命周期对象指针
 */
void dev_lc_init(struct dev_lifecycle* lc)
{
    if (!lc)
    4336:	c115                	beqz	a0,435a <dev_lc_init+0x24>
        return;
    COMPAT_ATOMIC_STORE(&lc->opens, 0, COMPAT_MO_RELEASE);
    4338:	0f50000f          	fence	iorw,ow
    433c:	0805202f          	amoswap.w	zero,zero,(a0)
    COMPAT_ATOMIC_STORE(&lc->io_active, 0, COMPAT_MO_RELEASE);
    4340:	00450793          	addi	a5,a0,4
    4344:	0f50000f          	fence	iorw,ow
    4348:	0807a02f          	amoswap.w	zero,zero,(a5)
    COMPAT_ATOMIC_STORE(&lc->state, DEV_LC_LIVE, COMPAT_MO_RELEASE);
    434c:	4785                	li	a5,1
    434e:	00850713          	addi	a4,a0,8
    4352:	0f50000f          	fence	iorw,ow
    4356:	08f7202f          	amoswap.w	zero,a5,(a4)
}
    435a:	8082                	ret

0000435c <dev_lc_reset>:
 * @brief 重置生命周期状态机为 UNINITIALIZED
 * @param[in] lc 生命周期对象指针
 */
void dev_lc_reset(struct dev_lifecycle* lc)
{
    if (!lc)
    435c:	c10d                	beqz	a0,437e <dev_lc_reset+0x22>
        return;
    COMPAT_ATOMIC_STORE(&lc->opens, 0, COMPAT_MO_RELEASE);
    435e:	0f50000f          	fence	iorw,ow
    4362:	0805202f          	amoswap.w	zero,zero,(a0)
    COMPAT_ATOMIC_STORE(&lc->io_active, 0, COMPAT_MO_RELEASE);
    4366:	00450793          	addi	a5,a0,4
    436a:	0f50000f          	fence	iorw,ow
    436e:	0807a02f          	amoswap.w	zero,zero,(a5)
    COMPAT_ATOMIC_STORE(&lc->state, DEV_LC_UNINITIALIZED, COMPAT_MO_RELEASE);
    4372:	00850793          	addi	a5,a0,8
    4376:	0f50000f          	fence	iorw,ow
    437a:	0807a02f          	amoswap.w	zero,zero,(a5)
}
    437e:	8082                	ret

00004380 <dev_lc_state>:
 * @param[in] lc 生命周期对象指针
 * @return 当前状态, lc 为 NULL 返回 DEV_LC_UNINITIALIZED
 */
dev_lc_state_t dev_lc_state(const struct dev_lifecycle* lc)
{
    return lc ? (dev_lc_state_t)COMPAT_ATOMIC_LOAD(&lc->state, COMPAT_MO_ACQUIRE) :
    4380:	c509                	beqz	a0,438a <dev_lc_state+0xa>
    4382:	4508                	lw	a0,8(a0)
    4384:	0ff0000f          	fence
    4388:	8082                	ret
    438a:	4501                	li	a0,0
                DEV_LC_UNINITIALIZED;
}
    438c:	8082                	ret

0000438e <dev_lc_opens>:
 * @param[in] lc 生命周期对象指针
 * @return open 计数
 */
int dev_lc_opens(const struct dev_lifecycle* lc)
{
    int value = lc ? COMPAT_ATOMIC_LOAD(&lc->opens, COMPAT_MO_ACQUIRE) : 0;
    438e:	c519                	beqz	a0,439c <dev_lc_opens+0xe>
    4390:	4108                	lw	a0,0(a0)
    4392:	0ff0000f          	fence
    return value < 0 ? 0 : value;
    4396:	00054563          	bltz	a0,43a0 <dev_lc_opens+0x12>
}
    439a:	8082                	ret
    int value = lc ? COMPAT_ATOMIC_LOAD(&lc->opens, COMPAT_MO_ACQUIRE) : 0;
    439c:	4501                	li	a0,0
    439e:	bfe5                	j	4396 <dev_lc_opens+0x8>
    return value < 0 ? 0 : value;
    43a0:	4501                	li	a0,0
    43a2:	bfe5                	j	439a <dev_lc_opens+0xc>

000043a4 <dev_lc_io_active_count>:
 * @param[in] lc 生命周期对象指针
 * @return io_active 计数
 */
int dev_lc_io_active_count(const struct dev_lifecycle* lc)
{
    int value = lc ? COMPAT_ATOMIC_LOAD(&lc->io_active, COMPAT_MO_ACQUIRE) : 0;
    43a4:	c519                	beqz	a0,43b2 <dev_lc_io_active_count+0xe>
    43a6:	4148                	lw	a0,4(a0)
    43a8:	0ff0000f          	fence
    return value < 0 ? 0 : value;
    43ac:	00054563          	bltz	a0,43b6 <dev_lc_io_active_count+0x12>
}
    43b0:	8082                	ret
    int value = lc ? COMPAT_ATOMIC_LOAD(&lc->io_active, COMPAT_MO_ACQUIRE) : 0;
    43b2:	4501                	li	a0,0
    43b4:	bfe5                	j	43ac <dev_lc_io_active_count+0x8>
    return value < 0 ? 0 : value;
    43b6:	4501                	li	a0,0
    43b8:	bfe5                	j	43b0 <dev_lc_io_active_count+0xc>

000043ba <dev_lc_open_begin>:
 * @param[in] lc 生命周期对象指针
 * @return 首次 open 返回 1, 重复 open 返回 0, 失败返回负数错误码
 */
int dev_lc_open_begin(struct dev_lifecycle* lc)
{
    if (!lc)
    43ba:	c905                	beqz	a0,43ea <dev_lc_open_begin+0x30>
        return MINI_ERR_INVAL;

    int old;
    do
    {
        old = COMPAT_ATOMIC_LOAD(&lc->opens, COMPAT_MO_RELAXED);
    43bc:	4118                	lw	a4,0(a0)
        if (old < 0)
    43be:	02074863          	bltz	a4,43ee <dev_lc_open_begin+0x34>
            return MINI_ERR_NODEV;
        if (COMPAT_ATOMIC_LOAD(&lc->state, COMPAT_MO_ACQUIRE) != DEV_LC_LIVE)
    43c2:	4510                	lw	a2,8(a0)
    43c4:	0ff0000f          	fence
    43c8:	4785                	li	a5,1
    43ca:	02f61463          	bne	a2,a5,43f2 <dev_lc_open_begin+0x38>
            return MINI_ERR_NODEV;
    } while (!COMPAT_ATOMIC_CAS(&lc->opens, &old, old + 1, COMPAT_MO_ACQ_REL, COMPAT_MO_RELAXED));
    43ce:	00170613          	addi	a2,a4,1
    43d2:	100527af          	lr.w	a5,(a0)
    43d6:	00e79563          	bne	a5,a4,43e0 <dev_lc_open_begin+0x26>
    43da:	1cc525af          	sc.w.aq	a1,a2,(a0)
    43de:	f9f5                	bnez	a1,43d2 <dev_lc_open_begin+0x18>
    43e0:	fce79ee3          	bne	a5,a4,43bc <dev_lc_open_begin+0x2>

    return (old + 1 == 1) ? 1 : 0;
    43e4:	0017b513          	seqz	a0,a5
    43e8:	8082                	ret
        return MINI_ERR_INVAL;
    43ea:	5529                	li	a0,-22
    43ec:	8082                	ret
            return MINI_ERR_NODEV;
    43ee:	5535                	li	a0,-19
    43f0:	8082                	ret
            return MINI_ERR_NODEV;
    43f2:	5535                	li	a0,-19
}
    43f4:	8082                	ret

000043f6 <dev_lc_open_end>:

/**
 * @brief open 完成占位 (当前无额外逻辑)
 * @param[in] lc 生命周期对象指针
 */
void dev_lc_open_end(struct dev_lifecycle* lc) { COMPAT_UNUSED_PARAM(lc); }
    43f6:	8082                	ret

000043f8 <dev_lc_open_abort>:
 * @brief 中止 open (opens -1, 用于 open 中途失败回滚)
 * @param[in] lc 生命周期对象指针
 */
void dev_lc_open_abort(struct dev_lifecycle* lc)
{
    if (!lc)
    43f8:	c511                	beqz	a0,4404 <dev_lc_open_abort+0xc>
        return;
    COMPAT_ATOMIC_SUB_FETCH(&lc->opens, 1, COMPAT_MO_RELEASE);
    43fa:	57fd                	li	a5,-1
    43fc:	0f50000f          	fence	iorw,ow
    4400:	00f5202f          	amoadd.w	zero,a5,(a0)
}
    4404:	8082                	ret

00004406 <dev_lc_close_begin>:
 * @param[in] lc 生命周期对象指针
 * @return 末次 close 返回 1, 非末次返回 0, opens<=0 返回 MINI_ERR_IO
 */
int dev_lc_close_begin(struct dev_lifecycle* lc)
{
    if (!lc)
    4406:	c505                	beqz	a0,442e <dev_lc_close_begin+0x28>
        return MINI_ERR_INVAL;

    int old;
    do
    {
        old = COMPAT_ATOMIC_LOAD(&lc->opens, COMPAT_MO_RELAXED);
    4408:	4118                	lw	a4,0(a0)
        if (old <= 0)
    440a:	02e05463          	blez	a4,4432 <dev_lc_close_begin+0x2c>
            return MINI_ERR_IO;
    } while (!COMPAT_ATOMIC_CAS(&lc->opens, &old, old - 1, COMPAT_MO_ACQ_REL, COMPAT_MO_RELAXED));
    440e:	fff70613          	addi	a2,a4,-1
    4412:	100527af          	lr.w	a5,(a0)
    4416:	00e79563          	bne	a5,a4,4420 <dev_lc_close_begin+0x1a>
    441a:	1cc525af          	sc.w.aq	a1,a2,(a0)
    441e:	f9f5                	bnez	a1,4412 <dev_lc_close_begin+0xc>
    4420:	fee794e3          	bne	a5,a4,4408 <dev_lc_close_begin+0x2>

    return (old - 1 == 0) ? 1 : 0;
    4424:	fff78513          	addi	a0,a5,-1
    4428:	00153513          	seqz	a0,a0
    442c:	8082                	ret
        return MINI_ERR_INVAL;
    442e:	5529                	li	a0,-22
    4430:	8082                	ret
            return MINI_ERR_IO;
    4432:	556d                	li	a0,-5
}
    4434:	8082                	ret

00004436 <dev_lc_close_end>:

/**
 * @brief close 完成占位 (当前无额外逻辑)
 * @param[in] lc 生命周期对象指针
 */
void dev_lc_close_end(struct dev_lifecycle* lc) { COMPAT_UNUSED_PARAM(lc); }
    4436:	8082                	ret

00004438 <dev_lc_io_begin>:
 * @param[in] lc 生命周期对象指针
 * @return 成功返回 MINI_OK, 失败返回负数错误码
 */
int dev_lc_io_begin(struct dev_lifecycle* lc)
{
    if (!lc)
    4438:	c90d                	beqz	a0,446a <dev_lc_io_begin+0x32>
        return MINI_ERR_INVAL;

    int old;
    do
    {
        old = COMPAT_ATOMIC_LOAD(&lc->io_active, COMPAT_MO_RELAXED);
    443a:	00450713          	addi	a4,a0,4
    443e:	415c                	lw	a5,4(a0)
        if (old < 0)
    4440:	0207c763          	bltz	a5,446e <dev_lc_io_begin+0x36>
            return MINI_ERR_NODEV;
        if (COMPAT_ATOMIC_LOAD(&lc->state, COMPAT_MO_ACQUIRE) != DEV_LC_LIVE)
    4444:	4510                	lw	a2,8(a0)
    4446:	0ff0000f          	fence
    444a:	4685                	li	a3,1
    444c:	02d61363          	bne	a2,a3,4472 <dev_lc_io_begin+0x3a>
            return MINI_ERR_NODEV;
    } while (
        !COMPAT_ATOMIC_CAS(&lc->io_active, &old, old + 1, COMPAT_MO_ACQ_REL, COMPAT_MO_RELAXED));
    4450:	00178613          	addi	a2,a5,1
    4454:	100726af          	lr.w	a3,(a4)
    4458:	00f69563          	bne	a3,a5,4462 <dev_lc_io_begin+0x2a>
    445c:	1cc725af          	sc.w.aq	a1,a2,(a4)
    4460:	f9f5                	bnez	a1,4454 <dev_lc_io_begin+0x1c>
    4462:	fcf69ce3          	bne	a3,a5,443a <dev_lc_io_begin+0x2>

    return MINI_OK;
    4466:	4501                	li	a0,0
    4468:	8082                	ret
        return MINI_ERR_INVAL;
    446a:	5529                	li	a0,-22
    446c:	8082                	ret
            return MINI_ERR_NODEV;
    446e:	5535                	li	a0,-19
    4470:	8082                	ret
            return MINI_ERR_NODEV;
    4472:	5535                	li	a0,-19
}
    4474:	8082                	ret

00004476 <dev_lc_io_end>:
 * @brief 结束 I/O (io_active -1)
 * @param[in] lc 生命周期对象指针
 */
void dev_lc_io_end(struct dev_lifecycle* lc)
{
    if (!lc)
    4476:	c901                	beqz	a0,4486 <dev_lc_io_end+0x10>
        return;
    COMPAT_ATOMIC_SUB_FETCH(&lc->io_active, 1, COMPAT_MO_RELEASE);
    4478:	57fd                	li	a5,-1
    447a:	00450713          	addi	a4,a0,4
    447e:	0f50000f          	fence	iorw,ow
    4482:	00f7202f          	amoadd.w	zero,a5,(a4)
}
    4486:	8082                	ret

00004488 <dev_lc_remove_start>:
 * @brief 标记设备进入 REMOVING 状态
 * @param[in] lc 生命周期对象指针
 */
void dev_lc_remove_start(struct dev_lifecycle* lc)
{
    if (!lc)
    4488:	c901                	beqz	a0,4498 <dev_lc_remove_start+0x10>
        return;
    COMPAT_ATOMIC_STORE(&lc->state, DEV_LC_REMOVING, COMPAT_MO_RELEASE);
    448a:	4789                	li	a5,2
    448c:	00850713          	addi	a4,a0,8
    4490:	0f50000f          	fence	iorw,ow
    4494:	08f7202f          	amoswap.w	zero,a5,(a4)
}
    4498:	8082                	ret

0000449a <dev_lc_remove_drain>:
 * @param[in] timeout_ms 超时 (毫秒, OSAL_WAIT_FOREVER 表示永久等待)
 * @return 成功返回 MINI_OK, 超时返回 MINI_ERR_TIMEOUT, 状态非法返回 MINI_ERR_BUSY
 */
int dev_lc_remove_drain(struct dev_lifecycle* lc, uint32_t timeout_ms)
{
    if (!lc)
    449a:	c541                	beqz	a0,4522 <dev_lc_remove_drain+0x88>
{
    449c:	1141                	addi	sp,sp,-16
    449e:	c606                	sw	ra,12(sp)
    44a0:	c422                	sw	s0,8(sp)
    44a2:	c226                	sw	s1,4(sp)
    44a4:	c04a                	sw	s2,0(sp)
    44a6:	842a                	mv	s0,a0
    44a8:	84ae                	mv	s1,a1
        return MINI_ERR_INVAL;

    if (COMPAT_ATOMIC_LOAD(&lc->state, COMPAT_MO_ACQUIRE) != DEV_LC_REMOVING)
    44aa:	4518                	lw	a4,8(a0)
    44ac:	0ff0000f          	fence
    44b0:	4789                	li	a5,2
    44b2:	06f71a63          	bne	a4,a5,4526 <dev_lc_remove_drain+0x8c>
        return MINI_ERR_BUSY;

    const uint32_t start_ms = osal_time_ms();
    44b6:	a3bfe0ef          	jal	ra,2ef0 <osal_time_ms>
    44ba:	892a                	mv	s2,a0
    for (;;)
    {
        int opens_expected = 0;
        if (COMPAT_ATOMIC_CAS(&lc->opens, &opens_expected, DEV_LC_LOCKED, COMPAT_MO_ACQ_REL,
    44bc:	577d                	li	a4,-1
    44be:	100427af          	lr.w	a5,(s0)
    44c2:	e781                	bnez	a5,44ca <dev_lc_remove_drain+0x30>
    44c4:	1ce426af          	sc.w.aq	a3,a4,(s0)
    44c8:	fafd                	bnez	a3,44be <dev_lc_remove_drain+0x24>
    44ca:	ef9d                	bnez	a5,4508 <dev_lc_remove_drain+0x6e>
            /* opens 已锁定为 -1. 在 state == REMOVING 门控下 open_begin 必拒绝,
             * 因此 opens 一旦锁定即保持锁定, 不回滚到 0 (避免短暂暴露窗口). */
            for (;;)
            {
                int io_expected = 0;
                if (COMPAT_ATOMIC_CAS(&lc->io_active, &io_expected, DEV_LC_LOCKED,
    44cc:	00440793          	addi	a5,s0,4
    44d0:	56fd                	li	a3,-1
    44d2:	1007a72f          	lr.w	a4,(a5)
    44d6:	e701                	bnez	a4,44de <dev_lc_remove_drain+0x44>
    44d8:	1cd7a62f          	sc.w.aq	a2,a3,(a5)
    44dc:	fa7d                	bnez	a2,44d2 <dev_lc_remove_drain+0x38>
    44de:	eb01                	bnez	a4,44ee <dev_lc_remove_drain+0x54>
                                      COMPAT_MO_ACQ_REL, COMPAT_MO_RELAXED))
                    return MINI_OK;
    44e0:	4501                	li	a0,0
            if (osal_time_ms() - start_ms >= timeout_ms)
                return MINI_ERR_TIMEOUT;
        }
        osal_delay_ms(1);
    }
}
    44e2:	40b2                	lw	ra,12(sp)
    44e4:	4422                	lw	s0,8(sp)
    44e6:	4492                	lw	s1,4(sp)
    44e8:	4902                	lw	s2,0(sp)
    44ea:	0141                	addi	sp,sp,16
    44ec:	8082                	ret
                if (timeout_ms != OSAL_WAIT_FOREVER && (osal_time_ms() - start_ms) >= timeout_ms)
    44ee:	57fd                	li	a5,-1
    44f0:	00f48863          	beq	s1,a5,4500 <dev_lc_remove_drain+0x66>
    44f4:	9fdfe0ef          	jal	ra,2ef0 <osal_time_ms>
    44f8:	412507b3          	sub	a5,a0,s2
    44fc:	0297f763          	bgeu	a5,s1,452a <dev_lc_remove_drain+0x90>
                osal_delay_ms(1);
    4500:	4505                	li	a0,1
    4502:	9f5fe0ef          	jal	ra,2ef6 <osal_delay_ms>
            {
    4506:	b7d9                	j	44cc <dev_lc_remove_drain+0x32>
        if (timeout_ms != OSAL_WAIT_FOREVER)
    4508:	57fd                	li	a5,-1
    450a:	00f48863          	beq	s1,a5,451a <dev_lc_remove_drain+0x80>
            if (osal_time_ms() - start_ms >= timeout_ms)
    450e:	9e3fe0ef          	jal	ra,2ef0 <osal_time_ms>
    4512:	412507b3          	sub	a5,a0,s2
    4516:	0097fd63          	bgeu	a5,s1,4530 <dev_lc_remove_drain+0x96>
        osal_delay_ms(1);
    451a:	4505                	li	a0,1
    451c:	9dbfe0ef          	jal	ra,2ef6 <osal_delay_ms>
    {
    4520:	bf71                	j	44bc <dev_lc_remove_drain+0x22>
        return MINI_ERR_INVAL;
    4522:	5529                	li	a0,-22
}
    4524:	8082                	ret
        return MINI_ERR_BUSY;
    4526:	5541                	li	a0,-16
    4528:	bf6d                	j	44e2 <dev_lc_remove_drain+0x48>
                    return MINI_ERR_TIMEOUT;
    452a:	f8c00513          	li	a0,-116
    452e:	bf55                	j	44e2 <dev_lc_remove_drain+0x48>
                return MINI_ERR_TIMEOUT;
    4530:	f8c00513          	li	a0,-116
    4534:	b77d                	j	44e2 <dev_lc_remove_drain+0x48>

00004536 <dev_lc_remove_finish>:
 * @brief remove 完成并重置生命周期状态机
 * @param[in] lc 生命周期对象指针
 */
void dev_lc_remove_finish(struct dev_lifecycle* lc)
{
    if (!lc)
    4536:	c519                	beqz	a0,4544 <dev_lc_remove_finish+0xe>
{
    4538:	1141                	addi	sp,sp,-16
    453a:	c606                	sw	ra,12(sp)
        return;
    dev_lc_reset(lc);
    453c:	3505                	jal	435c <dev_lc_reset>
}
    453e:	40b2                	lw	ra,12(sp)
    4540:	0141                	addi	sp,sp,16
    4542:	8082                	ret
    4544:	8082                	ret

00004546 <my_printf_output>:
 * @brief vprintf 输出
 * @param[in] fmt 格式
 * @param ... 参数
 */
void my_printf_output(const char* fmt, ...)
{
    4546:	7139                	addi	sp,sp,-64
    4548:	ce06                	sw	ra,28(sp)
    454a:	d22e                	sw	a1,36(sp)
    454c:	d432                	sw	a2,40(sp)
    454e:	d636                	sw	a3,44(sp)
    4550:	d83a                	sw	a4,48(sp)
    4552:	da3e                	sw	a5,52(sp)
    4554:	dc42                	sw	a6,56(sp)
    4556:	de46                	sw	a7,60(sp)
    va_list args;
    va_start(args, fmt);
    4558:	104c                	addi	a1,sp,36
    455a:	c62e                	sw	a1,12(sp)
    vprintf(fmt, args);
    455c:	066030ef          	jal	ra,75c2 <viprintf>
    va_end(args);
}
    4560:	40f2                	lw	ra,28(sp)
    4562:	6121                	addi	sp,sp,64
    4564:	8082                	ret

00004566 <event_bus_post_internal>:
 * @param[in] px_yield_required ISR 路径下输出是否需要 yield (可为 NULL)
 * @return MINI_OK 入队成功; MINI_ERR_AGAIN 总线未初始化/OS 未就绪; MINI_ERR_NOSPC 队列满
 */
static int event_bus_post_internal(uint32_t id, uintptr_t arg, bool from_isr,
                                   bool* px_yield_required)
{
    4566:	87aa                	mv	a5,a0
    if (s_bus.queue == NULL || !s_bus.inited)
    4568:	1fffd517          	auipc	a0,0x1fffd
    456c:	00452503          	lw	a0,4(a0) # 2000156c <s_bus+0x188>
    4570:	cd3d                	beqz	a0,45ee <event_bus_post_internal+0x88>
{
    4572:	1101                	addi	sp,sp,-32
    4574:	ce06                	sw	ra,28(sp)
    4576:	cc22                	sw	s0,24(sp)
    4578:	8432                	mv	s0,a2
    if (s_bus.queue == NULL || !s_bus.inited)
    457a:	1fffd717          	auipc	a4,0x1fffd
    457e:	fee74703          	lbu	a4,-18(a4) # 20001568 <s_bus+0x184>
    4582:	cb25                	beqz	a4,45f2 <event_bus_post_internal+0x8c>
        return MINI_ERR_AGAIN;

    if (!g_system_os_initialized)
    4584:	8481c703          	lbu	a4,-1976(gp) # 200000c8 <g_system_os_initialized>
    4588:	c73d                	beqz	a4,45f6 <event_bus_post_internal+0x90>
        return MINI_ERR_AGAIN;

    const struct event event = {id, arg};
    458a:	c43e                	sw	a5,8(sp)
    458c:	c62e                	sw	a1,12(sp)
    bool ok;

    if (from_isr)
    458e:	ca19                	beqz	a2,45a4 <event_bus_post_internal+0x3e>
        ok = osal_queue_send_from_isr(s_bus.queue, &event, px_yield_required);
    4590:	8636                	mv	a2,a3
    4592:	002c                	addi	a1,sp,8
    4594:	e97fe0ef          	jal	ra,342a <osal_queue_send_from_isr>
    else
        ok = osal_queue_send(s_bus.queue, &event, 0);

    if (!ok)
    4598:	c919                	beqz	a0,45ae <event_bus_post_internal+0x48>
            if ((cur % 8) == 0 && cur != 0)
                SYS_LOGW(K_TAG, "event queue full, dropped=%u", (unsigned)cur);
        }
        return MINI_ERR_NOSPC;
    }
    return MINI_OK;
    459a:	4501                	li	a0,0
}
    459c:	40f2                	lw	ra,28(sp)
    459e:	4462                	lw	s0,24(sp)
    45a0:	6105                	addi	sp,sp,32
    45a2:	8082                	ret
        ok = osal_queue_send(s_bus.queue, &event, 0);
    45a4:	4601                	li	a2,0
    45a6:	002c                	addi	a1,sp,8
    45a8:	e5dfe0ef          	jal	ra,3404 <osal_queue_send>
    45ac:	b7f5                	j	4598 <event_bus_post_internal+0x32>
        __atomic_add_fetch(&s_bus.dropped, 1, __ATOMIC_RELAXED);
    45ae:	1fffd797          	auipc	a5,0x1fffd
    45b2:	e3678793          	addi	a5,a5,-458 # 200013e4 <s_bus>
    45b6:	4705                	li	a4,1
    45b8:	19078793          	addi	a5,a5,400
    45bc:	00e7a02f          	amoadd.w	zero,a4,(a5)
        if (!from_isr)
    45c0:	c019                	beqz	s0,45c6 <event_bus_post_internal+0x60>
        return MINI_ERR_NOSPC;
    45c2:	5511                	li	a0,-28
    45c4:	bfe1                	j	459c <event_bus_post_internal+0x36>
            size_t cur = __atomic_load_n(&s_bus.dropped, __ATOMIC_RELAXED);
    45c6:	1fffd697          	auipc	a3,0x1fffd
    45ca:	fae6a683          	lw	a3,-82(a3) # 20001574 <s_bus+0x190>
            if ((cur % 8) == 0 && cur != 0)
    45ce:	0076f793          	andi	a5,a3,7
    45d2:	fbe5                	bnez	a5,45c2 <event_bus_post_internal+0x5c>
    45d4:	d6fd                	beqz	a3,45c2 <event_bus_post_internal+0x5c>
                SYS_LOGW(K_TAG, "event queue full, dropped=%u", (unsigned)cur);
    45d6:	00004617          	auipc	a2,0x4
    45da:	73e60613          	addi	a2,a2,1854 # 8d14 <s_nodes+0x70c>
    45de:	00004597          	auipc	a1,0x4
    45e2:	75658593          	addi	a1,a1,1878 # 8d34 <s_nodes+0x72c>
    45e6:	4505                	li	a0,1
    45e8:	86eff0ef          	jal	ra,3656 <osal_log>
    45ec:	bfd9                	j	45c2 <event_bus_post_internal+0x5c>
        return MINI_ERR_AGAIN;
    45ee:	5555                	li	a0,-11
}
    45f0:	8082                	ret
        return MINI_ERR_AGAIN;
    45f2:	5555                	li	a0,-11
    45f4:	b765                	j	459c <event_bus_post_internal+0x36>
        return MINI_ERR_AGAIN;
    45f6:	5555                	li	a0,-11
    45f8:	b755                	j	459c <event_bus_post_internal+0x36>

000045fa <event_bus_dispatch_task>:
{
    45fa:	7125                	addi	sp,sp,-416
    45fc:	18112e23          	sw	ra,412(sp)
    4600:	18812c23          	sw	s0,408(sp)
    4604:	18912a23          	sw	s1,404(sp)
    while (osal_queue_receive(s_bus.queue, &event, OSAL_WAIT_FOREVER))
    4608:	567d                	li	a2,-1
    460a:	032c                	addi	a1,sp,392
    460c:	1fffd517          	auipc	a0,0x1fffd
    4610:	f6052503          	lw	a0,-160(a0) # 2000156c <s_bus+0x188>
    4614:	e25fe0ef          	jal	ra,3438 <osal_queue_receive>
    4618:	0e050863          	beqz	a0,4708 <event_bus_dispatch_task+0x10e>
        if (s_bus.task == NULL)
    461c:	1fffd797          	auipc	a5,0x1fffd
    4620:	f547a783          	lw	a5,-172(a5) # 20001570 <s_bus+0x18c>
    4624:	c3f5                	beqz	a5,4708 <event_bus_dispatch_task+0x10e>
        system_wdt_feed();
    4626:	f2bfd0ef          	jal	ra,2550 <system_wdt_feed>
        system_wdt_feed_iwdg();
    462a:	d89fd0ef          	jal	ra,23b2 <system_wdt_feed_iwdg>
        if (s_bus.sub_lock)
    462e:	1fffd517          	auipc	a0,0x1fffd
    4632:	f4a52503          	lw	a0,-182(a0) # 20001578 <s_bus+0x194>
    4636:	c511                	beqz	a0,4642 <event_bus_dispatch_task+0x48>
            if (osal_mutex_lock(s_bus.sub_lock, OSAL_LOCK_TIMEOUT_DEFAULT_MS) != OSAL_OK)
    4638:	06400593          	li	a1,100
    463c:	ab3fe0ef          	jal	ra,30ee <osal_mutex_lock>
    4640:	e519                	bnez	a0,464e <event_bus_dispatch_task+0x54>
        snapshot_count = s_bus.count;
    4642:	1fffd497          	auipc	s1,0x1fffd
    4646:	f224a483          	lw	s1,-222(s1) # 20001564 <s_bus+0x180>
        for (size_t index = 0; index < snapshot_count; index++)
    464a:	4681                	li	a3,0
    464c:	a891                	j	46a0 <event_bus_dispatch_task+0xa6>
                SYS_LOGE(K_TAG, "Fatal: EventBus dispatch lock timeout — safe shutdown");
    464e:	00004617          	auipc	a2,0x4
    4652:	6f260613          	addi	a2,a2,1778 # 8d40 <s_nodes+0x738>
    4656:	00004597          	auipc	a1,0x4
    465a:	6de58593          	addi	a1,a1,1758 # 8d34 <s_nodes+0x72c>
    465e:	4501                	li	a0,0
    4660:	ff7fe0ef          	jal	ra,3656 <osal_log>
                enter_safe_state("EventBus mutex deadlock");
    4664:	00004517          	auipc	a0,0x4
    4668:	71450513          	addi	a0,a0,1812 # 8d78 <s_nodes+0x770>
    466c:	eedfd0ef          	jal	ra,2558 <enter_safe_state>
            snapshot[index] = s_bus.subscribers[index];
    4670:	00469613          	slli	a2,a3,0x4
    4674:	19060793          	addi	a5,a2,400
    4678:	00278733          	add	a4,a5,sp
    467c:	1fffd797          	auipc	a5,0x1fffd
    4680:	d6878793          	addi	a5,a5,-664 # 200013e4 <s_bus>
    4684:	97b2                	add	a5,a5,a2
    4686:	4388                	lw	a0,0(a5)
    4688:	43cc                	lw	a1,4(a5)
    468a:	4790                	lw	a2,8(a5)
    468c:	47dc                	lw	a5,12(a5)
    468e:	e6a72c23          	sw	a0,-392(a4)
    4692:	e6b72e23          	sw	a1,-388(a4)
    4696:	e8c72023          	sw	a2,-384(a4)
    469a:	e8f72223          	sw	a5,-380(a4)
        for (size_t index = 0; index < snapshot_count; index++)
    469e:	0685                	addi	a3,a3,1
    46a0:	fc96e8e3          	bltu	a3,s1,4670 <event_bus_dispatch_task+0x76>
        if (s_bus.sub_lock)
    46a4:	1fffd517          	auipc	a0,0x1fffd
    46a8:	ed452503          	lw	a0,-300(a0) # 20001578 <s_bus+0x194>
    46ac:	c119                	beqz	a0,46b2 <event_bus_dispatch_task+0xb8>
            osal_mutex_unlock(s_bus.sub_lock);
    46ae:	a9ffe0ef          	jal	ra,314c <osal_mutex_unlock>
        for (size_t index = 0; index < snapshot_count; index++)
    46b2:	4401                	li	s0,0
    46b4:	a011                	j	46b8 <event_bus_dispatch_task+0xbe>
        for (size_t index = 0; index < snapshot_count; index++)
    46b6:	0405                	addi	s0,s0,1
    46b8:	f49478e3          	bgeu	s0,s1,4608 <event_bus_dispatch_task+0xe>
            if (sub->callback != NULL && event.id >= sub->id_min && event.id <= sub->id_max)
    46bc:	00441793          	slli	a5,s0,0x4
    46c0:	19078793          	addi	a5,a5,400
    46c4:	978a                	add	a5,a5,sp
    46c6:	e807a703          	lw	a4,-384(a5)
    46ca:	d775                	beqz	a4,46b6 <event_bus_dispatch_task+0xbc>
    46cc:	18812683          	lw	a3,392(sp)
    46d0:	00441793          	slli	a5,s0,0x4
    46d4:	19078793          	addi	a5,a5,400
    46d8:	978a                	add	a5,a5,sp
    46da:	e787a783          	lw	a5,-392(a5)
    46de:	fcf6ece3          	bltu	a3,a5,46b6 <event_bus_dispatch_task+0xbc>
    46e2:	00441793          	slli	a5,s0,0x4
    46e6:	19078793          	addi	a5,a5,400
    46ea:	978a                	add	a5,a5,sp
    46ec:	e7c7a783          	lw	a5,-388(a5)
    46f0:	fcd7e3e3          	bltu	a5,a3,46b6 <event_bus_dispatch_task+0xbc>
                sub->callback(&event, sub->user_data);
    46f4:	00441793          	slli	a5,s0,0x4
    46f8:	19078793          	addi	a5,a5,400
    46fc:	978a                	add	a5,a5,sp
    46fe:	e847a583          	lw	a1,-380(a5)
    4702:	0328                	addi	a0,sp,392
    4704:	9702                	jalr	a4
    4706:	bf45                	j	46b6 <event_bus_dispatch_task+0xbc>
    SYS_LOGI(K_TAG, "dispatch task exiting");
    4708:	00004617          	auipc	a2,0x4
    470c:	68860613          	addi	a2,a2,1672 # 8d90 <s_nodes+0x788>
    4710:	00004597          	auipc	a1,0x4
    4714:	62458593          	addi	a1,a1,1572 # 8d34 <s_nodes+0x72c>
    4718:	4509                	li	a0,2
    471a:	f3dfe0ef          	jal	ra,3656 <osal_log>
    osal_task_self_delete();
    471e:	aa1fe0ef          	jal	ra,31be <osal_task_self_delete>
}
    4722:	19c12083          	lw	ra,412(sp)
    4726:	19812403          	lw	s0,408(sp)
    472a:	19412483          	lw	s1,404(sp)
    472e:	611d                	addi	sp,sp,416
    4730:	8082                	ret

00004732 <event_bus_init>:
{
    4732:	1141                	addi	sp,sp,-16
    4734:	c606                	sw	ra,12(sp)
    4736:	c422                	sw	s0,8(sp)
    if (s_bus.inited)
    4738:	1fffd797          	auipc	a5,0x1fffd
    473c:	e307c783          	lbu	a5,-464(a5) # 20001568 <s_bus+0x184>
    4740:	c799                	beqz	a5,474e <event_bus_init+0x1c>
        return MINI_OK;
    4742:	4401                	li	s0,0
}
    4744:	8522                	mv	a0,s0
    4746:	40b2                	lw	ra,12(sp)
    4748:	4422                	lw	s0,8(sp)
    474a:	0141                	addi	sp,sp,16
    474c:	8082                	ret
    s_bus.queue = osal_queue_create(K_QUEUE_LEN, sizeof(struct event));
    474e:	45a1                	li	a1,8
    4750:	04000513          	li	a0,64
    4754:	bc3fe0ef          	jal	ra,3316 <osal_queue_create>
    4758:	1fffd797          	auipc	a5,0x1fffd
    475c:	e0a7aa23          	sw	a0,-492(a5) # 2000156c <s_bus+0x188>
    if (s_bus.queue == NULL)
    4760:	c539                	beqz	a0,47ae <event_bus_init+0x7c>
    if (osal_mutex_create_static(&s_bus.sub_lock, s_bus.sub_lock_storage,
    4762:	06000613          	li	a2,96
    4766:	1fffd597          	auipc	a1,0x1fffd
    476a:	e1658593          	addi	a1,a1,-490 # 2000157c <s_bus+0x198>
    476e:	1fffd517          	auipc	a0,0x1fffd
    4772:	e0a50513          	addi	a0,a0,-502 # 20001578 <s_bus+0x194>
    4776:	8d7fe0ef          	jal	ra,304c <osal_mutex_create_static>
    477a:	842a                	mv	s0,a0
    477c:	e529                	bnez	a0,47c6 <event_bus_init+0x94>
        s_bus.sub_lock == NULL)
    477e:	1fffd797          	auipc	a5,0x1fffd
    4782:	dfa7a783          	lw	a5,-518(a5) # 20001578 <s_bus+0x194>
                                 sizeof(s_bus.sub_lock_storage)) != 0 ||
    4786:	c3a1                	beqz	a5,47c6 <event_bus_init+0x94>
    s_bus.inited = true;
    4788:	4785                	li	a5,1
    478a:	1fffd717          	auipc	a4,0x1fffd
    478e:	dcf70f23          	sb	a5,-546(a4) # 20001568 <s_bus+0x184>
    SYS_LOGI(K_TAG, "event bus initialized, queue=%u slots", (unsigned)K_QUEUE_LEN);
    4792:	04000693          	li	a3,64
    4796:	00004617          	auipc	a2,0x4
    479a:	66660613          	addi	a2,a2,1638 # 8dfc <s_nodes+0x7f4>
    479e:	00004597          	auipc	a1,0x4
    47a2:	59658593          	addi	a1,a1,1430 # 8d34 <s_nodes+0x72c>
    47a6:	4509                	li	a0,2
    47a8:	eaffe0ef          	jal	ra,3656 <osal_log>
    return MINI_OK;
    47ac:	bf61                	j	4744 <event_bus_init+0x12>
        SYS_LOGE(K_TAG, "FATAL: osal_queue_create failed — event bus unusable");
    47ae:	00004617          	auipc	a2,0x4
    47b2:	5fa60613          	addi	a2,a2,1530 # 8da8 <s_nodes+0x7a0>
    47b6:	00004597          	auipc	a1,0x4
    47ba:	57e58593          	addi	a1,a1,1406 # 8d34 <s_nodes+0x72c>
    47be:	e99fe0ef          	jal	ra,3656 <osal_log>
        return MINI_ERR_NOMEM;
    47c2:	5451                	li	s0,-12
    47c4:	b741                	j	4744 <event_bus_init+0x12>
        SYS_LOGE(K_TAG, "FATAL: mutex create failed");
    47c6:	00004617          	auipc	a2,0x4
    47ca:	61a60613          	addi	a2,a2,1562 # 8de0 <s_nodes+0x7d8>
    47ce:	00004597          	auipc	a1,0x4
    47d2:	56658593          	addi	a1,a1,1382 # 8d34 <s_nodes+0x72c>
    47d6:	4501                	li	a0,0
    47d8:	e7ffe0ef          	jal	ra,3656 <osal_log>
        osal_queue_delete(s_bus.queue);
    47dc:	1fffd417          	auipc	s0,0x1fffd
    47e0:	c0840413          	addi	s0,s0,-1016 # 200013e4 <s_bus>
    47e4:	18842503          	lw	a0,392(s0)
    47e8:	bd9fe0ef          	jal	ra,33c0 <osal_queue_delete>
        s_bus.queue = NULL;
    47ec:	18042423          	sw	zero,392(s0)
        return MINI_ERR_NOMEM;
    47f0:	5451                	li	s0,-12
    47f2:	bf89                	j	4744 <event_bus_init+0x12>

000047f4 <event_bus_subscribe>:
{
    47f4:	1101                	addi	sp,sp,-32
    47f6:	ce06                	sw	ra,28(sp)
    47f8:	cc22                	sw	s0,24(sp)
    47fa:	ca26                	sw	s1,20(sp)
    47fc:	c84a                	sw	s2,16(sp)
    47fe:	c64e                	sw	s3,12(sp)
    4800:	c452                	sw	s4,8(sp)
    4802:	89aa                	mv	s3,a0
    4804:	892e                	mv	s2,a1
    4806:	84b2                	mv	s1,a2
    4808:	8a36                	mv	s4,a3
    if (osal_in_isr())
    480a:	d64fe0ef          	jal	ra,2d6e <osal_in_isr>
    480e:	e959                	bnez	a0,48a4 <event_bus_subscribe+0xb0>
    if (s_bus.is_sealed)
    4810:	1fffd797          	auipc	a5,0x1fffd
    4814:	d597c783          	lbu	a5,-679(a5) # 20001569 <s_bus+0x185>
    4818:	ebc1                	bnez	a5,48a8 <event_bus_subscribe+0xb4>
    if (callback == NULL)
    481a:	c8d1                	beqz	s1,48ae <event_bus_subscribe+0xba>
    if (s_bus.sub_lock == NULL)
    481c:	1fffd517          	auipc	a0,0x1fffd
    4820:	d5c52503          	lw	a0,-676(a0) # 20001578 <s_bus+0x194>
    4824:	c559                	beqz	a0,48b2 <event_bus_subscribe+0xbe>
    if (id_min > id_max)
    4826:	09396863          	bltu	s2,s3,48b6 <event_bus_subscribe+0xc2>
    if (osal_mutex_lock(s_bus.sub_lock, OSAL_LOCK_TIMEOUT_DEFAULT_MS) != OSAL_OK)
    482a:	06400593          	li	a1,100
    482e:	8c1fe0ef          	jal	ra,30ee <osal_mutex_lock>
    4832:	842a                	mv	s0,a0
    4834:	e915                	bnez	a0,4868 <event_bus_subscribe+0x74>
    if (s_bus.count < K_MAX_SUBSCRIBERS)
    4836:	1fffd797          	auipc	a5,0x1fffd
    483a:	d2e7a783          	lw	a5,-722(a5) # 20001564 <s_bus+0x180>
    483e:	475d                	li	a4,23
    4840:	04f76263          	bltu	a4,a5,4884 <event_bus_subscribe+0x90>
        s_bus.subscribers[s_bus.count].id_min = id_min;
    4844:	1fffd697          	auipc	a3,0x1fffd
    4848:	ba068693          	addi	a3,a3,-1120 # 200013e4 <s_bus>
    484c:	00479713          	slli	a4,a5,0x4
    4850:	9736                	add	a4,a4,a3
    4852:	01372023          	sw	s3,0(a4)
        s_bus.subscribers[s_bus.count].id_max = id_max;
    4856:	01272223          	sw	s2,4(a4)
        s_bus.subscribers[s_bus.count].callback = callback;
    485a:	c704                	sw	s1,8(a4)
        s_bus.subscribers[s_bus.count].user_data = user_data;
    485c:	01472623          	sw	s4,12(a4)
        s_bus.count++;
    4860:	0785                	addi	a5,a5,1
    4862:	18f6a023          	sw	a5,384(a3)
        ret = MINI_OK;
    4866:	a005                	j	4886 <event_bus_subscribe+0x92>
        SYS_LOGE(K_TAG, "Fatal: EventBus subscribe lock timeout (possible deadlock)");
    4868:	00004617          	auipc	a2,0x4
    486c:	5bc60613          	addi	a2,a2,1468 # 8e24 <s_nodes+0x81c>
    4870:	00004597          	auipc	a1,0x4
    4874:	4c458593          	addi	a1,a1,1220 # 8d34 <s_nodes+0x72c>
    4878:	4501                	li	a0,0
    487a:	dddfe0ef          	jal	ra,3656 <osal_log>
        return MINI_ERR_TIMEOUT;
    487e:	f8c00413          	li	s0,-116
    4882:	a801                	j	4892 <event_bus_subscribe+0x9e>
    int ret = MINI_ERR_NOSPC;
    4884:	5411                	li	s0,-28
    osal_mutex_unlock(s_bus.sub_lock);
    4886:	1fffd517          	auipc	a0,0x1fffd
    488a:	cf252503          	lw	a0,-782(a0) # 20001578 <s_bus+0x194>
    488e:	8bffe0ef          	jal	ra,314c <osal_mutex_unlock>
}
    4892:	8522                	mv	a0,s0
    4894:	40f2                	lw	ra,28(sp)
    4896:	4462                	lw	s0,24(sp)
    4898:	44d2                	lw	s1,20(sp)
    489a:	4942                	lw	s2,16(sp)
    489c:	49b2                	lw	s3,12(sp)
    489e:	4a22                	lw	s4,8(sp)
    48a0:	6105                	addi	sp,sp,32
    48a2:	8082                	ret
        return MINI_ERR_ISR;
    48a4:	547d                	li	s0,-1
    48a6:	b7f5                	j	4892 <event_bus_subscribe+0x9e>
        return MINI_ERR_NOTSUPP;
    48a8:	fa800413          	li	s0,-88
    48ac:	b7dd                	j	4892 <event_bus_subscribe+0x9e>
        return MINI_ERR_INVAL;
    48ae:	5429                	li	s0,-22
    48b0:	b7cd                	j	4892 <event_bus_subscribe+0x9e>
        return MINI_ERR_INVAL;
    48b2:	5429                	li	s0,-22
    48b4:	bff9                	j	4892 <event_bus_subscribe+0x9e>
        return MINI_ERR_INVAL;
    48b6:	5429                	li	s0,-22
    48b8:	bfe9                	j	4892 <event_bus_subscribe+0x9e>

000048ba <event_bus_post>:
 * @param[in] id 事件 ID
 * @param[in] arg 参数
 * @return MINI_OK 成功; MINI_ERR_ISR 中断上下文调用; 其余同 event_bus_post_internal
 */
int event_bus_post(uint32_t id, uintptr_t arg)
{
    48ba:	1141                	addi	sp,sp,-16
    48bc:	c606                	sw	ra,12(sp)
    48be:	c422                	sw	s0,8(sp)
    48c0:	c226                	sw	s1,4(sp)
    48c2:	842a                	mv	s0,a0
    48c4:	84ae                	mv	s1,a1
    if (osal_in_isr())
    48c6:	ca8fe0ef          	jal	ra,2d6e <osal_in_isr>
    48ca:	e919                	bnez	a0,48e0 <event_bus_post+0x26>
        return MINI_ERR_ISR;

    return event_bus_post_internal(id, arg, false, NULL);
    48cc:	4681                	li	a3,0
    48ce:	4601                	li	a2,0
    48d0:	85a6                	mv	a1,s1
    48d2:	8522                	mv	a0,s0
    48d4:	3949                	jal	4566 <event_bus_post_internal>
}
    48d6:	40b2                	lw	ra,12(sp)
    48d8:	4422                	lw	s0,8(sp)
    48da:	4492                	lw	s1,4(sp)
    48dc:	0141                	addi	sp,sp,16
    48de:	8082                	ret
        return MINI_ERR_ISR;
    48e0:	557d                	li	a0,-1
    48e2:	bfd5                	j	48d6 <event_bus_post+0x1c>

000048e4 <event_bus_post_from_isr>:
 * @param[in] arg 参数
 * @param[in] px_yield_required yield
 * @return MINI_OK 成功; MINI_ERR_AGAIN 未就绪; MINI_ERR_NOSPC 队列满
 */
int event_bus_post_from_isr(uint32_t id, uintptr_t arg, bool* px_yield_required)
{
    48e4:	1141                	addi	sp,sp,-16
    48e6:	c606                	sw	ra,12(sp)
    48e8:	86b2                	mv	a3,a2
    return event_bus_post_internal(id, arg, true, px_yield_required);
    48ea:	4605                	li	a2,1
    48ec:	39ad                	jal	4566 <event_bus_post_internal>
}
    48ee:	40b2                	lw	ra,12(sp)
    48f0:	0141                	addi	sp,sp,16
    48f2:	8082                	ret

000048f4 <event_bus_dropped_count>:

/**
 * @brief 丢弃计数
 * @return 次数
 */
size_t event_bus_dropped_count(void) { return __atomic_load_n(&s_bus.dropped, __ATOMIC_RELAXED); }
    48f4:	1fffd517          	auipc	a0,0x1fffd
    48f8:	c8052503          	lw	a0,-896(a0) # 20001574 <s_bus+0x190>
    48fc:	8082                	ret

000048fe <event_bus_start>:
/**
 * @brief 启动 dispatch 任务
 */
void event_bus_start(void)
{
    if (s_bus.task != NULL || s_bus.queue == NULL)
    48fe:	1fffd797          	auipc	a5,0x1fffd
    4902:	c727a783          	lw	a5,-910(a5) # 20001570 <s_bus+0x18c>
    4906:	c391                	beqz	a5,490a <event_bus_start+0xc>
    4908:	8082                	ret
    490a:	1fffd797          	auipc	a5,0x1fffd
    490e:	c627a783          	lw	a5,-926(a5) # 2000156c <s_bus+0x188>
    4912:	dbfd                	beqz	a5,4908 <event_bus_start+0xa>
{
    4914:	1141                	addi	sp,sp,-16
    4916:	c606                	sw	ra,12(sp)
        return;

    if (osal_task_create_handle("evt_bus", K_DISPATCH_STACK, K_DISPATCH_PRIO,
    4918:	1fffd817          	auipc	a6,0x1fffd
    491c:	c5880813          	addi	a6,a6,-936 # 20001570 <s_bus+0x18c>
    4920:	4781                	li	a5,0
    4922:	4701                	li	a4,0
    4924:	00000697          	auipc	a3,0x0
    4928:	cd668693          	addi	a3,a3,-810 # 45fa <event_bus_dispatch_task>
    492c:	4605                	li	a2,1
    492e:	6585                	lui	a1,0x1
    4930:	80058593          	addi	a1,a1,-2048 # 800 <s_tim_oc_setup+0x1a6>
    4934:	00004517          	auipc	a0,0x4
    4938:	52c50513          	addi	a0,a0,1324 # 8e60 <s_nodes+0x858>
    493c:	871fe0ef          	jal	ra,31ac <osal_task_create_handle>
    4940:	e51d                	bnez	a0,496e <event_bus_start+0x70>
                                event_bus_dispatch_task, NULL, 0, &s_bus.task) != 0 ||
        s_bus.task == NULL)
    4942:	1fffd517          	auipc	a0,0x1fffd
    4946:	c2e52503          	lw	a0,-978(a0) # 20001570 <s_bus+0x18c>
                                event_bus_dispatch_task, NULL, 0, &s_bus.task) != 0 ||
    494a:	c115                	beqz	a0,496e <event_bus_start+0x70>
    {
        SYS_LOGW(K_TAG, "dispatch task create failed");
        return;
    }
    COMPAT_IGNORE_RESULT(system_wdt_subscribe(s_bus.task));
    494c:	bddfd0ef          	jal	ra,2528 <system_wdt_subscribe>
    SYS_LOGI(K_TAG, "dispatch task started prio %lu", (unsigned long)K_DISPATCH_PRIO);
    4950:	4685                	li	a3,1
    4952:	00004617          	auipc	a2,0x4
    4956:	53260613          	addi	a2,a2,1330 # 8e84 <s_nodes+0x87c>
    495a:	00004597          	auipc	a1,0x4
    495e:	3da58593          	addi	a1,a1,986 # 8d34 <s_nodes+0x72c>
    4962:	4509                	li	a0,2
    4964:	cf3fe0ef          	jal	ra,3656 <osal_log>
}
    4968:	40b2                	lw	ra,12(sp)
    496a:	0141                	addi	sp,sp,16
    496c:	8082                	ret
        SYS_LOGW(K_TAG, "dispatch task create failed");
    496e:	00004617          	auipc	a2,0x4
    4972:	4fa60613          	addi	a2,a2,1274 # 8e68 <s_nodes+0x860>
    4976:	00004597          	auipc	a1,0x4
    497a:	3be58593          	addi	a1,a1,958 # 8d34 <s_nodes+0x72c>
    497e:	4505                	li	a0,1
    4980:	cd7fe0ef          	jal	ra,3656 <osal_log>
        return;
    4984:	b7d5                	j	4968 <event_bus_start+0x6a>

00004986 <event_bus_stop>:

/**
 * @brief 停止并销毁
 */
void event_bus_stop(void)
{
    4986:	1101                	addi	sp,sp,-32
    4988:	ce06                	sw	ra,28(sp)
    498a:	cc22                	sw	s0,24(sp)
    498c:	ca26                	sw	s1,20(sp)
    if (!s_bus.task)
    498e:	1fffd497          	auipc	s1,0x1fffd
    4992:	be24a483          	lw	s1,-1054(s1) # 20001570 <s_bus+0x18c>
    4996:	ccb1                	beqz	s1,49f2 <event_bus_stop+0x6c>
        return;

    void* handle = s_bus.task;
    s_bus.task = NULL;
    4998:	1fffd797          	auipc	a5,0x1fffd
    499c:	a4c78793          	addi	a5,a5,-1460 # 200013e4 <s_bus>
    49a0:	1807a623          	sw	zero,396(a5)

    /* 向队列发空事件唤醒 dispatch 线程 */
    const struct event dummy = {EVENT_SYS_FAULT, 0};
    49a4:	4709                	li	a4,2
    49a6:	c43a                	sw	a4,8(sp)
    49a8:	c602                	sw	zero,12(sp)
    COMPAT_IGNORE_RESULT(osal_queue_send(s_bus.queue, &dummy, 0));
    49aa:	4601                	li	a2,0
    49ac:	002c                	addi	a1,sp,8
    49ae:	1887a503          	lw	a0,392(a5)
    49b2:	a53fe0ef          	jal	ra,3404 <osal_queue_send>

    uint32_t waited = 0;
    49b6:	4401                	li	s0,0
    while (osal_task_is_running(handle) && waited < K_STOP_WAIT_MS)
    49b8:	a029                	j	49c2 <event_bus_stop+0x3c>
    {
        osal_delay_ms(10);
    49ba:	4529                	li	a0,10
    49bc:	d3afe0ef          	jal	ra,2ef6 <osal_delay_ms>
        waited += 10;
    49c0:	0429                	addi	s0,s0,10
    while (osal_task_is_running(handle) && waited < K_STOP_WAIT_MS)
    49c2:	8526                	mv	a0,s1
    49c4:	803fe0ef          	jal	ra,31c6 <osal_task_is_running>
    49c8:	c509                	beqz	a0,49d2 <event_bus_stop+0x4c>
    49ca:	1f300793          	li	a5,499
    49ce:	fe87f6e3          	bgeu	a5,s0,49ba <event_bus_stop+0x34>
    }

    if (osal_task_is_running(handle))
    49d2:	8526                	mv	a0,s1
    49d4:	ff2fe0ef          	jal	ra,31c6 <osal_task_is_running>
    49d8:	e115                	bnez	a0,49fc <event_bus_stop+0x76>
        SYS_LOGW(K_TAG, "dispatch task did not exit, force deleting");
        osal_task_delete(handle);
    }

    /* 先标记未初始化, 阻止新的 post, 再销毁队列 */
    s_bus.inited = false;
    49da:	1fffd417          	auipc	s0,0x1fffd
    49de:	a0a40413          	addi	s0,s0,-1526 # 200013e4 <s_bus>
    49e2:	18040223          	sb	zero,388(s0)
    osal_queue_delete(s_bus.queue);
    49e6:	18842503          	lw	a0,392(s0)
    49ea:	9d7fe0ef          	jal	ra,33c0 <osal_queue_delete>
    s_bus.queue = NULL;
    49ee:	18042423          	sw	zero,392(s0)
}
    49f2:	40f2                	lw	ra,28(sp)
    49f4:	4462                	lw	s0,24(sp)
    49f6:	44d2                	lw	s1,20(sp)
    49f8:	6105                	addi	sp,sp,32
    49fa:	8082                	ret
        SYS_LOGW(K_TAG, "dispatch task did not exit, force deleting");
    49fc:	00004617          	auipc	a2,0x4
    4a00:	4a860613          	addi	a2,a2,1192 # 8ea4 <s_nodes+0x89c>
    4a04:	00004597          	auipc	a1,0x4
    4a08:	33058593          	addi	a1,a1,816 # 8d34 <s_nodes+0x72c>
    4a0c:	4505                	li	a0,1
    4a0e:	c49fe0ef          	jal	ra,3656 <osal_log>
        osal_task_delete(handle);
    4a12:	8526                	mv	a0,s1
    4a14:	fb0fe0ef          	jal	ra,31c4 <osal_task_delete>
    4a18:	b7c9                	j	49da <event_bus_stop+0x54>

00004a1a <event_bus_seal>:

/**
 * @brief 封表
 */
void event_bus_seal(void) { s_bus.is_sealed = true; }
    4a1a:	4785                	li	a5,1
    4a1c:	1fffd717          	auipc	a4,0x1fffd
    4a20:	b4f706a3          	sb	a5,-1203(a4) # 20001569 <s_bus+0x185>
    4a24:	8082                	ret

00004a26 <fifo_init>:
#include "buffer.h"

/* 原子操作原语统一由 buffer.h 的 BUFF_LOAD_xxx / BUFF_STORE_xxx 宏提供 (带降级) */

int fifo_init(struct fifo_spsc* handle, fifo_data_type* buf, uint16_t size)
{
    4a26:	87aa                	mv	a5,a0
    /**< 防御性空指针与 2的幂次方 拦截 */
    if (!handle || !buf || size == 0 || (size & (size - 1)) != 0)
    4a28:	c515                	beqz	a0,4a54 <fifo_init+0x2e>
    4a2a:	c59d                	beqz	a1,4a58 <fifo_init+0x32>
    4a2c:	ca05                	beqz	a2,4a5c <fifo_init+0x36>
    4a2e:	fff60513          	addi	a0,a2,-1
    4a32:	8d71                	and	a0,a0,a2
    4a34:	e515                	bnez	a0,4a60 <fifo_init+0x3a>
        return BUFF_ERR_INVAL;

    handle->buf = buf;
    4a36:	c38c                	sw	a1,0(a5)
    handle->size = size;
    4a38:	00c79223          	sh	a2,4(a5)
    handle->mask = (uint16_t)(size - 1);
    4a3c:	167d                	addi	a2,a2,-1
    4a3e:	00c79323          	sh	a2,6(a5)

    BUFF_STORE_RELEASE(handle->w_ptr, 0);
    4a42:	0ff0000f          	fence
    4a46:	04079023          	sh	zero,64(a5)
    BUFF_STORE_RELEASE(handle->r_ptr, 0);
    4a4a:	0ff0000f          	fence
    4a4e:	08079023          	sh	zero,128(a5)
    return BUFF_OK;
    4a52:	8082                	ret
        return BUFF_ERR_INVAL;
    4a54:	5529                	li	a0,-22
    4a56:	8082                	ret
    4a58:	5529                	li	a0,-22
    4a5a:	8082                	ret
    4a5c:	5529                	li	a0,-22
    4a5e:	8082                	ret
    4a60:	5529                	li	a0,-22
}
    4a62:	8082                	ret

00004a64 <fifo_write_data>:
int fifo_write_data(struct fifo_spsc* handle, fifo_data_type data)
{
    uint16_t read_ptr;
    uint16_t write_ptr;

    if (!handle)
    4a64:	cd1d                	beqz	a0,4aa2 <fifo_write_data+0x3e>
        return BUFF_ERR_INVAL;

    read_ptr = BUFF_LOAD_ACQUIRE(handle->r_ptr);
    4a66:	08055683          	lhu	a3,128(a0)
    4a6a:	0ff0000f          	fence
    write_ptr = BUFF_LOAD_RELAXED(handle->w_ptr);
    4a6e:	04055783          	lhu	a5,64(a0)
    4a72:	01079713          	slli	a4,a5,0x10
    4a76:	8341                	srli	a4,a4,0x10

    /**< 利用 uint16_t 溢出特性，已用空间就是纯粹的 w - r */
    if ((uint16_t)(write_ptr - read_ptr) >= handle->size)
    4a78:	8f95                	sub	a5,a5,a3
    4a7a:	07c2                	slli	a5,a5,0x10
    4a7c:	83c1                	srli	a5,a5,0x10
    4a7e:	00455683          	lhu	a3,4(a0)
    4a82:	02d7f263          	bgeu	a5,a3,4aa6 <fifo_write_data+0x42>
        return BUFF_ERR_FULL;

    /**< 写入时通过掩码映射物理数组下标 */
    handle->buf[write_ptr & handle->mask] = data;
    4a86:	4114                	lw	a3,0(a0)
    4a88:	00655783          	lhu	a5,6(a0)
    4a8c:	8ff9                	and	a5,a5,a4
    4a8e:	078a                	slli	a5,a5,0x2
    4a90:	97b6                	add	a5,a5,a3
    4a92:	c38c                	sw	a1,0(a5)

    /**< 指针自增，不执行提前裁剪 */
    BUFF_STORE_RELEASE(handle->w_ptr, (uint16_t)(write_ptr + 1));
    4a94:	0705                	addi	a4,a4,1
    4a96:	0ff0000f          	fence
    4a9a:	04e51023          	sh	a4,64(a0)
    return BUFF_OK;
    4a9e:	4501                	li	a0,0
    4aa0:	8082                	ret
        return BUFF_ERR_INVAL;
    4aa2:	5529                	li	a0,-22
    4aa4:	8082                	ret
        return BUFF_ERR_FULL;
    4aa6:	5511                	li	a0,-28
}
    4aa8:	8082                	ret

00004aaa <fifo_write_block>:

int fifo_write_block(struct fifo_spsc* handle, const fifo_data_type* p_data, uint16_t len,
                     uint16_t* p_actual)
{
    4aaa:	1101                	addi	sp,sp,-32
    4aac:	ce06                	sw	ra,28(sp)
    4aae:	cc22                	sw	s0,24(sp)
    4ab0:	ca26                	sw	s1,20(sp)
    4ab2:	c84a                	sw	s2,16(sp)
    4ab4:	c64e                	sw	s3,12(sp)
    4ab6:	c452                	sw	s4,8(sp)
    4ab8:	c256                	sw	s5,4(sp)
    4aba:	c05a                	sw	s6,0(sp)
    4abc:	892a                	mv	s2,a0
    4abe:	8a2e                	mv	s4,a1
    4ac0:	89b6                	mv	s3,a3
    uint16_t write_ptr;
    uint16_t free_len;
    uint16_t w_idx;
    uint16_t space_to_end;

    if (p_actual)
    4ac2:	c299                	beqz	a3,4ac8 <fifo_write_block+0x1e>
        *p_actual = 0;
    4ac4:	00069023          	sh	zero,0(a3)
    if (!handle || !p_data || len == 0)
    4ac8:	0a090663          	beqz	s2,4b74 <fifo_write_block+0xca>
    4acc:	0a0a0663          	beqz	s4,4b78 <fifo_write_block+0xce>
    4ad0:	c655                	beqz	a2,4b7c <fifo_write_block+0xd2>
        return BUFF_ERR_INVAL;

    read_ptr = BUFF_LOAD_ACQUIRE(handle->r_ptr);
    4ad2:	08095403          	lhu	s0,128(s2)
    4ad6:	0ff0000f          	fence
    write_ptr = BUFF_LOAD_RELAXED(handle->w_ptr);
    4ada:	04095703          	lhu	a4,64(s2)
    4ade:	01071a93          	slli	s5,a4,0x10
    4ae2:	010ada93          	srli	s5,s5,0x10

    free_len = (uint16_t)(handle->size - (uint16_t)(write_ptr - read_ptr));
    4ae6:	00495783          	lhu	a5,4(s2)
    4aea:	8c19                	sub	s0,s0,a4
    4aec:	0442                	slli	s0,s0,0x10
    4aee:	8041                	srli	s0,s0,0x10
    4af0:	943e                	add	s0,s0,a5
    4af2:	0442                	slli	s0,s0,0x10
    4af4:	8041                	srli	s0,s0,0x10
    if (free_len == 0)
    4af6:	c449                	beqz	s0,4b80 <fifo_write_block+0xd6>
        return BUFF_ERR_FULL;

    if (len > free_len)
    4af8:	00c46363          	bltu	s0,a2,4afe <fifo_write_block+0x54>
    4afc:	8432                	mv	s0,a2
        len = free_len;

    /**< 计算物理下标以及映射到连续线性末尾的实际空间 */
    w_idx = (uint16_t)(write_ptr & handle->mask);
    4afe:	00695703          	lhu	a4,6(s2)
    4b02:	01577733          	and	a4,a4,s5
    space_to_end = (uint16_t)(handle->size - w_idx);
    4b06:	8f99                	sub	a5,a5,a4
    4b08:	01079493          	slli	s1,a5,0x10
    4b0c:	80c1                	srli	s1,s1,0x10

    if (space_to_end >= len)
    4b0e:	0284ef63          	bltu	s1,s0,4b4c <fifo_write_block+0xa2>
    {
        BUFF_MEM_COPY(&handle->buf[w_idx], p_data, len * sizeof(fifo_data_type));
    4b12:	00092503          	lw	a0,0(s2)
    4b16:	070a                	slli	a4,a4,0x2
    4b18:	00241613          	slli	a2,s0,0x2
    4b1c:	85d2                	mv	a1,s4
    4b1e:	953a                	add	a0,a0,a4
    4b20:	6fc020ef          	jal	ra,721c <memcpy>
        BUFF_MEM_COPY(&handle->buf[w_idx], p_data, space_to_end * sizeof(fifo_data_type));
        BUFF_MEM_COPY(&handle->buf[0], p_data + space_to_end,
                      (len - space_to_end) * sizeof(fifo_data_type));
    }

    BUFF_STORE_RELEASE(handle->w_ptr, (uint16_t)(write_ptr + len));
    4b24:	9aa2                	add	s5,s5,s0
    4b26:	0ff0000f          	fence
    4b2a:	05591023          	sh	s5,64(s2)
    if (p_actual)
    4b2e:	04098b63          	beqz	s3,4b84 <fifo_write_block+0xda>
        *p_actual = len;
    4b32:	00899023          	sh	s0,0(s3)
    return BUFF_OK;
    4b36:	4501                	li	a0,0
}
    4b38:	40f2                	lw	ra,28(sp)
    4b3a:	4462                	lw	s0,24(sp)
    4b3c:	44d2                	lw	s1,20(sp)
    4b3e:	4942                	lw	s2,16(sp)
    4b40:	49b2                	lw	s3,12(sp)
    4b42:	4a22                	lw	s4,8(sp)
    4b44:	4a92                	lw	s5,4(sp)
    4b46:	4b02                	lw	s6,0(sp)
    4b48:	6105                	addi	sp,sp,32
    4b4a:	8082                	ret
        BUFF_MEM_COPY(&handle->buf[w_idx], p_data, space_to_end * sizeof(fifo_data_type));
    4b4c:	00092503          	lw	a0,0(s2)
    4b50:	070a                	slli	a4,a4,0x2
    4b52:	00249b13          	slli	s6,s1,0x2
    4b56:	865a                	mv	a2,s6
    4b58:	85d2                	mv	a1,s4
    4b5a:	953a                	add	a0,a0,a4
    4b5c:	6c0020ef          	jal	ra,721c <memcpy>
        BUFF_MEM_COPY(&handle->buf[0], p_data + space_to_end,
    4b60:	40940633          	sub	a2,s0,s1
    4b64:	060a                	slli	a2,a2,0x2
    4b66:	016a05b3          	add	a1,s4,s6
    4b6a:	00092503          	lw	a0,0(s2)
    4b6e:	6ae020ef          	jal	ra,721c <memcpy>
    4b72:	bf4d                	j	4b24 <fifo_write_block+0x7a>
        return BUFF_ERR_INVAL;
    4b74:	5529                	li	a0,-22
    4b76:	b7c9                	j	4b38 <fifo_write_block+0x8e>
    4b78:	5529                	li	a0,-22
    4b7a:	bf7d                	j	4b38 <fifo_write_block+0x8e>
    4b7c:	5529                	li	a0,-22
    4b7e:	bf6d                	j	4b38 <fifo_write_block+0x8e>
        return BUFF_ERR_FULL;
    4b80:	5511                	li	a0,-28
    4b82:	bf5d                	j	4b38 <fifo_write_block+0x8e>
    return BUFF_OK;
    4b84:	4501                	li	a0,0
    4b86:	bf4d                	j	4b38 <fifo_write_block+0x8e>

00004b88 <fifo_read_data>:
int fifo_read_data(struct fifo_spsc* handle, fifo_data_type* p_data)
{
    uint16_t write_ptr;
    uint16_t read_ptr;

    if (!handle || !p_data)
    4b88:	cd0d                	beqz	a0,4bc2 <fifo_read_data+0x3a>
    4b8a:	cd95                	beqz	a1,4bc6 <fifo_read_data+0x3e>
        return BUFF_ERR_INVAL;

    write_ptr = BUFF_LOAD_ACQUIRE(handle->w_ptr);
    4b8c:	04055703          	lhu	a4,64(a0)
    4b90:	0ff0000f          	fence
    4b94:	0742                	slli	a4,a4,0x10
    4b96:	8341                	srli	a4,a4,0x10
    read_ptr = BUFF_LOAD_RELAXED(handle->r_ptr);
    4b98:	08055783          	lhu	a5,128(a0)
    4b9c:	07c2                	slli	a5,a5,0x10
    4b9e:	83c1                	srli	a5,a5,0x10
    if (read_ptr == write_ptr)
    4ba0:	02f70563          	beq	a4,a5,4bca <fifo_read_data+0x42>
        return BUFF_ERR_EMPTY;

    *p_data = handle->buf[read_ptr & handle->mask];
    4ba4:	4114                	lw	a3,0(a0)
    4ba6:	00655703          	lhu	a4,6(a0)
    4baa:	8f7d                	and	a4,a4,a5
    4bac:	070a                	slli	a4,a4,0x2
    4bae:	9736                	add	a4,a4,a3
    4bb0:	4318                	lw	a4,0(a4)
    4bb2:	c198                	sw	a4,0(a1)
    BUFF_STORE_RELEASE(handle->r_ptr, (uint16_t)(read_ptr + 1));
    4bb4:	0785                	addi	a5,a5,1
    4bb6:	0ff0000f          	fence
    4bba:	08f51023          	sh	a5,128(a0)
    return BUFF_OK;
    4bbe:	4501                	li	a0,0
    4bc0:	8082                	ret
        return BUFF_ERR_INVAL;
    4bc2:	5529                	li	a0,-22
    4bc4:	8082                	ret
    4bc6:	5529                	li	a0,-22
    4bc8:	8082                	ret
        return BUFF_ERR_EMPTY;
    4bca:	fc300513          	li	a0,-61
}
    4bce:	8082                	ret

00004bd0 <fifo_read_block>:

int fifo_read_block(struct fifo_spsc* handle, fifo_data_type* p_data, uint16_t len,
                    uint16_t* p_actual)
{
    4bd0:	1101                	addi	sp,sp,-32
    4bd2:	ce06                	sw	ra,28(sp)
    4bd4:	cc22                	sw	s0,24(sp)
    4bd6:	ca26                	sw	s1,20(sp)
    4bd8:	c84a                	sw	s2,16(sp)
    4bda:	c64e                	sw	s3,12(sp)
    4bdc:	c452                	sw	s4,8(sp)
    4bde:	c256                	sw	s5,4(sp)
    4be0:	c05a                	sw	s6,0(sp)
    4be2:	84aa                	mv	s1,a0
    4be4:	8a2e                	mv	s4,a1
    4be6:	89b6                	mv	s3,a3
    uint16_t read_ptr;
    uint16_t count;
    uint16_t r_idx;
    uint16_t space_to_end;

    if (p_actual)
    4be8:	c299                	beqz	a3,4bee <fifo_read_block+0x1e>
        *p_actual = 0;
    4bea:	00069023          	sh	zero,0(a3)
    if (!handle || !p_data || len == 0)
    4bee:	c0c5                	beqz	s1,4c8e <fifo_read_block+0xbe>
    4bf0:	0a0a0163          	beqz	s4,4c92 <fifo_read_block+0xc2>
    4bf4:	c24d                	beqz	a2,4c96 <fifo_read_block+0xc6>
        return BUFF_ERR_INVAL;

    write_ptr = BUFF_LOAD_ACQUIRE(handle->w_ptr);
    4bf6:	0404d403          	lhu	s0,64(s1)
    4bfa:	0ff0000f          	fence
    read_ptr = BUFF_LOAD_RELAXED(handle->r_ptr);
    4bfe:	0804d783          	lhu	a5,128(s1)
    4c02:	01079a93          	slli	s5,a5,0x10
    4c06:	010ada93          	srli	s5,s5,0x10

    count = (uint16_t)(write_ptr - read_ptr);
    4c0a:	8c1d                	sub	s0,s0,a5
    4c0c:	0442                	slli	s0,s0,0x10
    4c0e:	8041                	srli	s0,s0,0x10
    if (count == 0)
    4c10:	c449                	beqz	s0,4c9a <fifo_read_block+0xca>
        return BUFF_ERR_EMPTY;
    if (len > count)
    4c12:	00c46363          	bltu	s0,a2,4c18 <fifo_read_block+0x48>
    4c16:	8432                	mv	s0,a2
        len = count;

    r_idx = (uint16_t)(read_ptr & handle->mask);
    4c18:	0064d783          	lhu	a5,6(s1)
    4c1c:	0157f7b3          	and	a5,a5,s5
    space_to_end = (uint16_t)(handle->size - r_idx);
    4c20:	0044d903          	lhu	s2,4(s1)
    4c24:	40f90933          	sub	s2,s2,a5
    4c28:	0942                	slli	s2,s2,0x10
    4c2a:	01095913          	srli	s2,s2,0x10

    if (space_to_end >= len)
    4c2e:	02896e63          	bltu	s2,s0,4c6a <fifo_read_block+0x9a>
    {
        BUFF_MEM_COPY(p_data, &handle->buf[r_idx], len * sizeof(fifo_data_type));
    4c32:	408c                	lw	a1,0(s1)
    4c34:	078a                	slli	a5,a5,0x2
    4c36:	00241613          	slli	a2,s0,0x2
    4c3a:	95be                	add	a1,a1,a5
    4c3c:	8552                	mv	a0,s4
    4c3e:	5de020ef          	jal	ra,721c <memcpy>
        BUFF_MEM_COPY(p_data, &handle->buf[r_idx], space_to_end * sizeof(fifo_data_type));
        BUFF_MEM_COPY(p_data + space_to_end, &handle->buf[0],
                      (len - space_to_end) * sizeof(fifo_data_type));
    }

    BUFF_STORE_RELEASE(handle->r_ptr, (uint16_t)(read_ptr + len));
    4c42:	9aa2                	add	s5,s5,s0
    4c44:	0ff0000f          	fence
    4c48:	09549023          	sh	s5,128(s1)
    if (p_actual)
    4c4c:	04098a63          	beqz	s3,4ca0 <fifo_read_block+0xd0>
        *p_actual = len;
    4c50:	00899023          	sh	s0,0(s3)
    return BUFF_OK;
    4c54:	4501                	li	a0,0
}
    4c56:	40f2                	lw	ra,28(sp)
    4c58:	4462                	lw	s0,24(sp)
    4c5a:	44d2                	lw	s1,20(sp)
    4c5c:	4942                	lw	s2,16(sp)
    4c5e:	49b2                	lw	s3,12(sp)
    4c60:	4a22                	lw	s4,8(sp)
    4c62:	4a92                	lw	s5,4(sp)
    4c64:	4b02                	lw	s6,0(sp)
    4c66:	6105                	addi	sp,sp,32
    4c68:	8082                	ret
        BUFF_MEM_COPY(p_data, &handle->buf[r_idx], space_to_end * sizeof(fifo_data_type));
    4c6a:	408c                	lw	a1,0(s1)
    4c6c:	078a                	slli	a5,a5,0x2
    4c6e:	00291b13          	slli	s6,s2,0x2
    4c72:	865a                	mv	a2,s6
    4c74:	95be                	add	a1,a1,a5
    4c76:	8552                	mv	a0,s4
    4c78:	5a4020ef          	jal	ra,721c <memcpy>
        BUFF_MEM_COPY(p_data + space_to_end, &handle->buf[0],
    4c7c:	41240633          	sub	a2,s0,s2
    4c80:	060a                	slli	a2,a2,0x2
    4c82:	408c                	lw	a1,0(s1)
    4c84:	016a0533          	add	a0,s4,s6
    4c88:	594020ef          	jal	ra,721c <memcpy>
    4c8c:	bf5d                	j	4c42 <fifo_read_block+0x72>
        return BUFF_ERR_INVAL;
    4c8e:	5529                	li	a0,-22
    4c90:	b7d9                	j	4c56 <fifo_read_block+0x86>
    4c92:	5529                	li	a0,-22
    4c94:	b7c9                	j	4c56 <fifo_read_block+0x86>
    4c96:	5529                	li	a0,-22
    4c98:	bf7d                	j	4c56 <fifo_read_block+0x86>
        return BUFF_ERR_EMPTY;
    4c9a:	fc300513          	li	a0,-61
    4c9e:	bf65                	j	4c56 <fifo_read_block+0x86>
    return BUFF_OK;
    4ca0:	4501                	li	a0,0
    4ca2:	bf55                	j	4c56 <fifo_read_block+0x86>

00004ca4 <fifo_get_count>:
int fifo_get_count(struct fifo_spsc* handle, uint16_t* p_count)
{
    uint16_t write_ptr;
    uint16_t read_ptr;

    if (!handle || !p_count)
    4ca4:	c10d                	beqz	a0,4cc6 <fifo_get_count+0x22>
    4ca6:	c195                	beqz	a1,4cca <fifo_get_count+0x26>
        return BUFF_ERR_INVAL;

    write_ptr = BUFF_LOAD_ACQUIRE(handle->w_ptr);
    4ca8:	04055783          	lhu	a5,64(a0)
    4cac:	0ff0000f          	fence
    4cb0:	07c2                	slli	a5,a5,0x10
    4cb2:	83c1                	srli	a5,a5,0x10
    read_ptr = BUFF_LOAD_ACQUIRE(handle->r_ptr);
    4cb4:	08055703          	lhu	a4,128(a0)
    4cb8:	0ff0000f          	fence
    *p_count = (uint16_t)(write_ptr - read_ptr);
    4cbc:	8f99                	sub	a5,a5,a4
    4cbe:	00f59023          	sh	a5,0(a1)
    return BUFF_OK;
    4cc2:	4501                	li	a0,0
    4cc4:	8082                	ret
        return BUFF_ERR_INVAL;
    4cc6:	5529                	li	a0,-22
    4cc8:	8082                	ret
    4cca:	5529                	li	a0,-22
}
    4ccc:	8082                	ret

00004cce <fifo_isempty>:
int fifo_isempty(struct fifo_spsc* handle, bool* p_empty)
{
    uint16_t read_ptr;
    uint16_t write_ptr;

    if (!handle || !p_empty)
    4cce:	c10d                	beqz	a0,4cf0 <fifo_isempty+0x22>
    4cd0:	c195                	beqz	a1,4cf4 <fifo_isempty+0x26>
        return BUFF_ERR_INVAL;

    read_ptr = BUFF_LOAD_RELAXED(handle->r_ptr);
    4cd2:	08055783          	lhu	a5,128(a0)
    4cd6:	07c2                	slli	a5,a5,0x10
    4cd8:	83c1                	srli	a5,a5,0x10
    write_ptr = BUFF_LOAD_ACQUIRE(handle->w_ptr);
    4cda:	04055703          	lhu	a4,64(a0)
    4cde:	0ff0000f          	fence
    *p_empty = (read_ptr == write_ptr);
    4ce2:	8f99                	sub	a5,a5,a4
    4ce4:	0017b793          	seqz	a5,a5
    4ce8:	00f58023          	sb	a5,0(a1)
    return BUFF_OK;
    4cec:	4501                	li	a0,0
    4cee:	8082                	ret
        return BUFF_ERR_INVAL;
    4cf0:	5529                	li	a0,-22
    4cf2:	8082                	ret
    4cf4:	5529                	li	a0,-22
}
    4cf6:	8082                	ret

00004cf8 <fifo_isfull>:
int fifo_isfull(struct fifo_spsc* handle, bool* p_full)
{
    uint16_t read_ptr;
    uint16_t write_ptr;

    if (!handle || !p_full)
    4cf8:	c50d                	beqz	a0,4d22 <fifo_isfull+0x2a>
    4cfa:	c595                	beqz	a1,4d26 <fifo_isfull+0x2e>
        return BUFF_ERR_INVAL;

    read_ptr = BUFF_LOAD_ACQUIRE(handle->r_ptr);
    4cfc:	08055703          	lhu	a4,128(a0)
    4d00:	0ff0000f          	fence
    write_ptr = BUFF_LOAD_RELAXED(handle->w_ptr);
    4d04:	04055783          	lhu	a5,64(a0)
    *p_full = ((uint16_t)(write_ptr - read_ptr) >= handle->size);
    4d08:	8f99                	sub	a5,a5,a4
    4d0a:	07c2                	slli	a5,a5,0x10
    4d0c:	83c1                	srli	a5,a5,0x10
    4d0e:	00455703          	lhu	a4,4(a0)
    4d12:	00e7b7b3          	sltu	a5,a5,a4
    4d16:	0017c793          	xori	a5,a5,1
    4d1a:	00f58023          	sb	a5,0(a1)
    return BUFF_OK;
    4d1e:	4501                	li	a0,0
    4d20:	8082                	ret
        return BUFF_ERR_INVAL;
    4d22:	5529                	li	a0,-22
    4d24:	8082                	ret
    4d26:	5529                	li	a0,-22
}
    4d28:	8082                	ret

00004d2a <fifo_uni_init>:
/* -------------------------------------------------------------------------- */
/* 统一环形缓冲区 SPSC无锁实现 (BUFF: 元素宽度可指定, 字节流/帧/任意定长项) */
/* -------------------------------------------------------------------------- */

int fifo_uni_init(struct fifo_uni_spsc* handle, void* buf, uint16_t item_size, uint16_t item_count)
{
    4d2a:	87aa                	mv	a5,a0
    /**< 防御性空指针 / 零宽度 / 2的幂次方 拦截 */
    if (!handle || !buf || item_size == 0 || item_count == 0 ||
    4d2c:	c90d                	beqz	a0,4d5e <fifo_uni_init+0x34>
    4d2e:	c995                	beqz	a1,4d62 <fifo_uni_init+0x38>
    4d30:	ca1d                	beqz	a2,4d66 <fifo_uni_init+0x3c>
    4d32:	ce85                	beqz	a3,4d6a <fifo_uni_init+0x40>
        (item_count & (item_count - 1)) != 0)
    4d34:	fff68513          	addi	a0,a3,-1
    4d38:	8d75                	and	a0,a0,a3
    if (!handle || !buf || item_size == 0 || item_count == 0 ||
    4d3a:	e915                	bnez	a0,4d6e <fifo_uni_init+0x44>
        return BUFF_ERR_INVAL;

    handle->buf = (uint8_t*)buf;
    4d3c:	c38c                	sw	a1,0(a5)
    handle->size = item_count;
    4d3e:	00d79223          	sh	a3,4(a5)
    handle->item_size = item_size;
    4d42:	00c79323          	sh	a2,6(a5)
    handle->mask = (uint16_t)(item_count - 1);
    4d46:	16fd                	addi	a3,a3,-1
    4d48:	00d79423          	sh	a3,8(a5)

    BUFF_STORE_RELEASE(handle->w_ptr, 0);
    4d4c:	0ff0000f          	fence
    4d50:	04079023          	sh	zero,64(a5)
    BUFF_STORE_RELEASE(handle->r_ptr, 0);
    4d54:	0ff0000f          	fence
    4d58:	08079023          	sh	zero,128(a5)
    return BUFF_OK;
    4d5c:	8082                	ret
        return BUFF_ERR_INVAL;
    4d5e:	5529                	li	a0,-22
    4d60:	8082                	ret
    4d62:	5529                	li	a0,-22
    4d64:	8082                	ret
    4d66:	5529                	li	a0,-22
    4d68:	8082                	ret
    4d6a:	5529                	li	a0,-22
    4d6c:	8082                	ret
    4d6e:	5529                	li	a0,-22
}
    4d70:	8082                	ret

00004d72 <fifo_uni_write_block>:

int fifo_uni_write_block(struct fifo_uni_spsc* handle, const void* p_data, uint16_t count,
                         uint16_t* p_actual)
{
    4d72:	7179                	addi	sp,sp,-48
    4d74:	d606                	sw	ra,44(sp)
    4d76:	d422                	sw	s0,40(sp)
    4d78:	d226                	sw	s1,36(sp)
    4d7a:	d04a                	sw	s2,32(sp)
    4d7c:	ce4e                	sw	s3,28(sp)
    4d7e:	cc52                	sw	s4,24(sp)
    4d80:	ca56                	sw	s5,20(sp)
    4d82:	c85a                	sw	s6,16(sp)
    4d84:	c65e                	sw	s7,12(sp)
    4d86:	c462                	sw	s8,8(sp)
    4d88:	892a                	mv	s2,a0
    4d8a:	8aae                	mv	s5,a1
    4d8c:	89b6                	mv	s3,a3
    uint16_t free_count;
    uint32_t bytes;
    uint32_t w_off;
    uint32_t space_to_end;

    if (p_actual)
    4d8e:	c299                	beqz	a3,4d94 <fifo_uni_write_block+0x22>
        *p_actual = 0;
    4d90:	00069023          	sh	zero,0(a3)
    if (!handle || !p_data || count == 0)
    4d94:	0a090963          	beqz	s2,4e46 <fifo_uni_write_block+0xd4>
    4d98:	0a0a8963          	beqz	s5,4e4a <fifo_uni_write_block+0xd8>
    4d9c:	ca4d                	beqz	a2,4e4e <fifo_uni_write_block+0xdc>
        return BUFF_ERR_INVAL;

    read_ptr = BUFF_LOAD_ACQUIRE(handle->r_ptr);
    4d9e:	08095403          	lhu	s0,128(s2)
    4da2:	0ff0000f          	fence
    write_ptr = BUFF_LOAD_RELAXED(handle->w_ptr);
    4da6:	04095783          	lhu	a5,64(s2)
    4daa:	01079b13          	slli	s6,a5,0x10
    4dae:	010b5b13          	srli	s6,s6,0x10

    free_count = (uint16_t)(handle->size - (uint16_t)(write_ptr - read_ptr));
    4db2:	00495703          	lhu	a4,4(s2)
    4db6:	8c1d                	sub	s0,s0,a5
    4db8:	0442                	slli	s0,s0,0x10
    4dba:	8041                	srli	s0,s0,0x10
    4dbc:	943a                	add	s0,s0,a4
    4dbe:	0442                	slli	s0,s0,0x10
    4dc0:	8041                	srli	s0,s0,0x10
    if (free_count == 0)
    4dc2:	c841                	beqz	s0,4e52 <fifo_uni_write_block+0xe0>
        return BUFF_ERR_FULL;

    if (count > free_count)
    4dc4:	00c46363          	bltu	s0,a2,4dca <fifo_uni_write_block+0x58>
    4dc8:	8432                	mv	s0,a2
        count = free_count;

    /**< 计算物理字节偏移以及映射到连续线性末尾的实际空间 (字节) */
    bytes = (uint32_t)count * handle->item_size;
    4dca:	00695783          	lhu	a5,6(s2)
    4dce:	02f40bb3          	mul	s7,s0,a5
    w_off = (uint32_t)(write_ptr & handle->mask) * handle->item_size;
    4dd2:	00895483          	lhu	s1,8(s2)
    4dd6:	0164f4b3          	and	s1,s1,s6
    4dda:	029784b3          	mul	s1,a5,s1
    space_to_end = ((uint32_t)handle->size * handle->item_size) - w_off;
    4dde:	02e78a33          	mul	s4,a5,a4
    4de2:	409a0c33          	sub	s8,s4,s1

    if (space_to_end >= bytes)
    4de6:	037c6f63          	bltu	s8,s7,4e24 <fifo_uni_write_block+0xb2>
    {
        BUFF_MEM_COPY(&handle->buf[w_off], p_data, bytes);
    4dea:	00092503          	lw	a0,0(s2)
    4dee:	865e                	mv	a2,s7
    4df0:	85d6                	mv	a1,s5
    4df2:	9526                	add	a0,a0,s1
    4df4:	428020ef          	jal	ra,721c <memcpy>
    {
        BUFF_MEM_COPY(&handle->buf[w_off], p_data, space_to_end);
        BUFF_MEM_COPY(&handle->buf[0], (const uint8_t*)p_data + space_to_end, bytes - space_to_end);
    }

    BUFF_STORE_RELEASE(handle->w_ptr, (uint16_t)(write_ptr + count));
    4df8:	9b22                	add	s6,s6,s0
    4dfa:	0ff0000f          	fence
    4dfe:	05691023          	sh	s6,64(s2)
    if (p_actual)
    4e02:	04098a63          	beqz	s3,4e56 <fifo_uni_write_block+0xe4>
        *p_actual = count;
    4e06:	00899023          	sh	s0,0(s3)
    return BUFF_OK;
    4e0a:	4501                	li	a0,0
}
    4e0c:	50b2                	lw	ra,44(sp)
    4e0e:	5422                	lw	s0,40(sp)
    4e10:	5492                	lw	s1,36(sp)
    4e12:	5902                	lw	s2,32(sp)
    4e14:	49f2                	lw	s3,28(sp)
    4e16:	4a62                	lw	s4,24(sp)
    4e18:	4ad2                	lw	s5,20(sp)
    4e1a:	4b42                	lw	s6,16(sp)
    4e1c:	4bb2                	lw	s7,12(sp)
    4e1e:	4c22                	lw	s8,8(sp)
    4e20:	6145                	addi	sp,sp,48
    4e22:	8082                	ret
        BUFF_MEM_COPY(&handle->buf[w_off], p_data, space_to_end);
    4e24:	00092503          	lw	a0,0(s2)
    4e28:	8662                	mv	a2,s8
    4e2a:	85d6                	mv	a1,s5
    4e2c:	9526                	add	a0,a0,s1
    4e2e:	3ee020ef          	jal	ra,721c <memcpy>
        BUFF_MEM_COPY(&handle->buf[0], (const uint8_t*)p_data + space_to_end, bytes - space_to_end);
    4e32:	41448633          	sub	a2,s1,s4
    4e36:	965e                	add	a2,a2,s7
    4e38:	018a85b3          	add	a1,s5,s8
    4e3c:	00092503          	lw	a0,0(s2)
    4e40:	3dc020ef          	jal	ra,721c <memcpy>
    4e44:	bf55                	j	4df8 <fifo_uni_write_block+0x86>
        return BUFF_ERR_INVAL;
    4e46:	5529                	li	a0,-22
    4e48:	b7d1                	j	4e0c <fifo_uni_write_block+0x9a>
    4e4a:	5529                	li	a0,-22
    4e4c:	b7c1                	j	4e0c <fifo_uni_write_block+0x9a>
    4e4e:	5529                	li	a0,-22
    4e50:	bf75                	j	4e0c <fifo_uni_write_block+0x9a>
        return BUFF_ERR_FULL;
    4e52:	5511                	li	a0,-28
    4e54:	bf65                	j	4e0c <fifo_uni_write_block+0x9a>
    return BUFF_OK;
    4e56:	4501                	li	a0,0
    4e58:	bf55                	j	4e0c <fifo_uni_write_block+0x9a>

00004e5a <fifo_uni_read_block>:

int fifo_uni_read_block(struct fifo_uni_spsc* handle, void* p_data, uint16_t count,
                        uint16_t* p_actual)
{
    4e5a:	7179                	addi	sp,sp,-48
    4e5c:	d606                	sw	ra,44(sp)
    4e5e:	d422                	sw	s0,40(sp)
    4e60:	d226                	sw	s1,36(sp)
    4e62:	d04a                	sw	s2,32(sp)
    4e64:	ce4e                	sw	s3,28(sp)
    4e66:	cc52                	sw	s4,24(sp)
    4e68:	ca56                	sw	s5,20(sp)
    4e6a:	c85a                	sw	s6,16(sp)
    4e6c:	c65e                	sw	s7,12(sp)
    4e6e:	c462                	sw	s8,8(sp)
    4e70:	842a                	mv	s0,a0
    4e72:	8aae                	mv	s5,a1
    4e74:	8a36                	mv	s4,a3
    uint16_t avail;
    uint32_t bytes;
    uint32_t r_off;
    uint32_t space_to_end;

    if (p_actual)
    4e76:	c299                	beqz	a3,4e7c <fifo_uni_read_block+0x22>
        *p_actual = 0;
    4e78:	00069023          	sh	zero,0(a3)
    if (!handle || !p_data || count == 0)
    4e7c:	c05d                	beqz	s0,4f22 <fifo_uni_read_block+0xc8>
    4e7e:	0a0a8463          	beqz	s5,4f26 <fifo_uni_read_block+0xcc>
    4e82:	c645                	beqz	a2,4f2a <fifo_uni_read_block+0xd0>
        return BUFF_ERR_INVAL;

    write_ptr = BUFF_LOAD_ACQUIRE(handle->w_ptr);
    4e84:	04045483          	lhu	s1,64(s0)
    4e88:	0ff0000f          	fence
    read_ptr = BUFF_LOAD_RELAXED(handle->r_ptr);
    4e8c:	08045783          	lhu	a5,128(s0)
    4e90:	01079b13          	slli	s6,a5,0x10
    4e94:	010b5b13          	srli	s6,s6,0x10

    avail = (uint16_t)(write_ptr - read_ptr);
    4e98:	8c9d                	sub	s1,s1,a5
    4e9a:	04c2                	slli	s1,s1,0x10
    4e9c:	80c1                	srli	s1,s1,0x10
    if (avail == 0)
    4e9e:	c8c1                	beqz	s1,4f2e <fifo_uni_read_block+0xd4>
        return BUFF_ERR_EMPTY;
    if (count > avail)
    4ea0:	00c4e363          	bltu	s1,a2,4ea6 <fifo_uni_read_block+0x4c>
    4ea4:	84b2                	mv	s1,a2
        count = avail;

    /**< 计算物理字节偏移以及映射到连续线性末尾的实际空间 (字节) */
    bytes = (uint32_t)count * handle->item_size;
    4ea6:	00645783          	lhu	a5,6(s0)
    4eaa:	02f48bb3          	mul	s7,s1,a5
    r_off = (uint32_t)(read_ptr & handle->mask) * handle->item_size;
    4eae:	00845903          	lhu	s2,8(s0)
    4eb2:	01697933          	and	s2,s2,s6
    4eb6:	03278933          	mul	s2,a5,s2
    space_to_end = ((uint32_t)handle->size * handle->item_size) - r_off;
    4eba:	00445703          	lhu	a4,4(s0)
    4ebe:	02e789b3          	mul	s3,a5,a4
    4ec2:	41298c33          	sub	s8,s3,s2

    if (space_to_end >= bytes)
    4ec6:	037c6f63          	bltu	s8,s7,4f04 <fifo_uni_read_block+0xaa>
    {
        BUFF_MEM_COPY(p_data, &handle->buf[r_off], bytes);
    4eca:	400c                	lw	a1,0(s0)
    4ecc:	865e                	mv	a2,s7
    4ece:	95ca                	add	a1,a1,s2
    4ed0:	8556                	mv	a0,s5
    4ed2:	34a020ef          	jal	ra,721c <memcpy>
    {
        BUFF_MEM_COPY(p_data, &handle->buf[r_off], space_to_end);
        BUFF_MEM_COPY((uint8_t*)p_data + space_to_end, &handle->buf[0], bytes - space_to_end);
    }

    BUFF_STORE_RELEASE(handle->r_ptr, (uint16_t)(read_ptr + count));
    4ed6:	016487b3          	add	a5,s1,s6
    4eda:	0ff0000f          	fence
    4ede:	08f41023          	sh	a5,128(s0)
    if (p_actual)
    4ee2:	040a0963          	beqz	s4,4f34 <fifo_uni_read_block+0xda>
        *p_actual = count;
    4ee6:	009a1023          	sh	s1,0(s4)
    return BUFF_OK;
    4eea:	4501                	li	a0,0
}
    4eec:	50b2                	lw	ra,44(sp)
    4eee:	5422                	lw	s0,40(sp)
    4ef0:	5492                	lw	s1,36(sp)
    4ef2:	5902                	lw	s2,32(sp)
    4ef4:	49f2                	lw	s3,28(sp)
    4ef6:	4a62                	lw	s4,24(sp)
    4ef8:	4ad2                	lw	s5,20(sp)
    4efa:	4b42                	lw	s6,16(sp)
    4efc:	4bb2                	lw	s7,12(sp)
    4efe:	4c22                	lw	s8,8(sp)
    4f00:	6145                	addi	sp,sp,48
    4f02:	8082                	ret
        BUFF_MEM_COPY(p_data, &handle->buf[r_off], space_to_end);
    4f04:	400c                	lw	a1,0(s0)
    4f06:	8662                	mv	a2,s8
    4f08:	95ca                	add	a1,a1,s2
    4f0a:	8556                	mv	a0,s5
    4f0c:	310020ef          	jal	ra,721c <memcpy>
        BUFF_MEM_COPY((uint8_t*)p_data + space_to_end, &handle->buf[0], bytes - space_to_end);
    4f10:	41390633          	sub	a2,s2,s3
    4f14:	965e                	add	a2,a2,s7
    4f16:	400c                	lw	a1,0(s0)
    4f18:	018a8533          	add	a0,s5,s8
    4f1c:	300020ef          	jal	ra,721c <memcpy>
    4f20:	bf5d                	j	4ed6 <fifo_uni_read_block+0x7c>
        return BUFF_ERR_INVAL;
    4f22:	5529                	li	a0,-22
    4f24:	b7e1                	j	4eec <fifo_uni_read_block+0x92>
    4f26:	5529                	li	a0,-22
    4f28:	b7d1                	j	4eec <fifo_uni_read_block+0x92>
    4f2a:	5529                	li	a0,-22
    4f2c:	b7c1                	j	4eec <fifo_uni_read_block+0x92>
        return BUFF_ERR_EMPTY;
    4f2e:	fc300513          	li	a0,-61
    4f32:	bf6d                	j	4eec <fifo_uni_read_block+0x92>
    return BUFF_OK;
    4f34:	4501                	li	a0,0
    4f36:	bf5d                	j	4eec <fifo_uni_read_block+0x92>

00004f38 <fifo_uni_write_acquire>:
int fifo_uni_write_acquire(struct fifo_uni_spsc* handle, void** p_slot)
{
    uint16_t read_ptr;
    uint16_t write_ptr;

    if (!handle || !p_slot)
    4f38:	cd15                	beqz	a0,4f74 <fifo_uni_write_acquire+0x3c>
    4f3a:	cd9d                	beqz	a1,4f78 <fifo_uni_write_acquire+0x40>
        return BUFF_ERR_INVAL;

    read_ptr = BUFF_LOAD_ACQUIRE(handle->r_ptr);
    4f3c:	08055703          	lhu	a4,128(a0)
    4f40:	0ff0000f          	fence
    write_ptr = BUFF_LOAD_RELAXED(handle->w_ptr);
    4f44:	04055783          	lhu	a5,64(a0)
    4f48:	01079693          	slli	a3,a5,0x10
    4f4c:	82c1                	srli	a3,a3,0x10

    /**< 利用 uint16_t 溢出特性，已用空间就是纯粹的 w - r */
    if ((uint16_t)(write_ptr - read_ptr) >= handle->size)
    4f4e:	8f99                	sub	a5,a5,a4
    4f50:	07c2                	slli	a5,a5,0x10
    4f52:	83c1                	srli	a5,a5,0x10
    4f54:	00455703          	lhu	a4,4(a0)
    4f58:	02e7f263          	bgeu	a5,a4,4f7c <fifo_uni_write_acquire+0x44>
        return BUFF_ERR_FULL;

    /**< 不推进写指针, 与 fifo_uni_write_commit 配对发布 */
    *p_slot = &handle->buf[(uint32_t)(write_ptr & handle->mask) * handle->item_size];
    4f5c:	4118                	lw	a4,0(a0)
    4f5e:	00855783          	lhu	a5,8(a0)
    4f62:	8ff5                	and	a5,a5,a3
    4f64:	00655683          	lhu	a3,6(a0)
    4f68:	02d787b3          	mul	a5,a5,a3
    4f6c:	97ba                	add	a5,a5,a4
    4f6e:	c19c                	sw	a5,0(a1)
    return BUFF_OK;
    4f70:	4501                	li	a0,0
    4f72:	8082                	ret
        return BUFF_ERR_INVAL;
    4f74:	5529                	li	a0,-22
    4f76:	8082                	ret
    4f78:	5529                	li	a0,-22
    4f7a:	8082                	ret
        return BUFF_ERR_FULL;
    4f7c:	5511                	li	a0,-28
}
    4f7e:	8082                	ret

00004f80 <fifo_uni_write_commit>:

int fifo_uni_write_commit(struct fifo_uni_spsc* handle)
{
    uint16_t write_ptr;

    if (!handle)
    4f80:	c911                	beqz	a0,4f94 <fifo_uni_write_commit+0x14>
        return BUFF_ERR_INVAL;

    write_ptr = BUFF_LOAD_RELAXED(handle->w_ptr);
    4f82:	04055783          	lhu	a5,64(a0)
    BUFF_STORE_RELEASE(handle->w_ptr, (uint16_t)(write_ptr + 1));
    4f86:	0785                	addi	a5,a5,1
    4f88:	0ff0000f          	fence
    4f8c:	04f51023          	sh	a5,64(a0)
    return BUFF_OK;
    4f90:	4501                	li	a0,0
    4f92:	8082                	ret
        return BUFF_ERR_INVAL;
    4f94:	5529                	li	a0,-22
}
    4f96:	8082                	ret

00004f98 <fifo_uni_read_peek>:
int fifo_uni_read_peek(struct fifo_uni_spsc* handle, void** p_slot)
{
    uint16_t write_ptr;
    uint16_t read_ptr;

    if (!handle || !p_slot)
    4f98:	c915                	beqz	a0,4fcc <fifo_uni_read_peek+0x34>
    4f9a:	c99d                	beqz	a1,4fd0 <fifo_uni_read_peek+0x38>
        return BUFF_ERR_INVAL;

    write_ptr = BUFF_LOAD_ACQUIRE(handle->w_ptr);
    4f9c:	04055783          	lhu	a5,64(a0)
    4fa0:	0ff0000f          	fence
    4fa4:	07c2                	slli	a5,a5,0x10
    4fa6:	83c1                	srli	a5,a5,0x10
    read_ptr = BUFF_LOAD_RELAXED(handle->r_ptr);
    4fa8:	08055703          	lhu	a4,128(a0)
    4fac:	0742                	slli	a4,a4,0x10
    4fae:	8341                	srli	a4,a4,0x10
    if (read_ptr == write_ptr)
    4fb0:	02e78263          	beq	a5,a4,4fd4 <fifo_uni_read_peek+0x3c>
        return BUFF_ERR_EMPTY;

    /**< 不推进读指针, 与 fifo_uni_read_release 配对消费 */
    *p_slot = &handle->buf[(uint32_t)(read_ptr & handle->mask) * handle->item_size];
    4fb4:	4114                	lw	a3,0(a0)
    4fb6:	00855783          	lhu	a5,8(a0)
    4fba:	8ff9                	and	a5,a5,a4
    4fbc:	00655703          	lhu	a4,6(a0)
    4fc0:	02e787b3          	mul	a5,a5,a4
    4fc4:	97b6                	add	a5,a5,a3
    4fc6:	c19c                	sw	a5,0(a1)
    return BUFF_OK;
    4fc8:	4501                	li	a0,0
    4fca:	8082                	ret
        return BUFF_ERR_INVAL;
    4fcc:	5529                	li	a0,-22
    4fce:	8082                	ret
    4fd0:	5529                	li	a0,-22
    4fd2:	8082                	ret
        return BUFF_ERR_EMPTY;
    4fd4:	fc300513          	li	a0,-61
}
    4fd8:	8082                	ret

00004fda <fifo_uni_read_release>:

int fifo_uni_read_release(struct fifo_uni_spsc* handle)
{
    uint16_t read_ptr;

    if (!handle)
    4fda:	c911                	beqz	a0,4fee <fifo_uni_read_release+0x14>
        return BUFF_ERR_INVAL;

    read_ptr = BUFF_LOAD_RELAXED(handle->r_ptr);
    4fdc:	08055783          	lhu	a5,128(a0)
    BUFF_STORE_RELEASE(handle->r_ptr, (uint16_t)(read_ptr + 1));
    4fe0:	0785                	addi	a5,a5,1
    4fe2:	0ff0000f          	fence
    4fe6:	08f51023          	sh	a5,128(a0)
    return BUFF_OK;
    4fea:	4501                	li	a0,0
    4fec:	8082                	ret
        return BUFF_ERR_INVAL;
    4fee:	5529                	li	a0,-22
}
    4ff0:	8082                	ret

00004ff2 <fifo_uni_get_count>:
int fifo_uni_get_count(struct fifo_uni_spsc* handle, uint16_t* p_count)
{
    uint16_t write_ptr;
    uint16_t read_ptr;

    if (!handle || !p_count)
    4ff2:	c10d                	beqz	a0,5014 <fifo_uni_get_count+0x22>
    4ff4:	c195                	beqz	a1,5018 <fifo_uni_get_count+0x26>
        return BUFF_ERR_INVAL;

    write_ptr = BUFF_LOAD_ACQUIRE(handle->w_ptr);
    4ff6:	04055783          	lhu	a5,64(a0)
    4ffa:	0ff0000f          	fence
    4ffe:	07c2                	slli	a5,a5,0x10
    5000:	83c1                	srli	a5,a5,0x10
    read_ptr = BUFF_LOAD_ACQUIRE(handle->r_ptr);
    5002:	08055703          	lhu	a4,128(a0)
    5006:	0ff0000f          	fence
    *p_count = (uint16_t)(write_ptr - read_ptr);
    500a:	8f99                	sub	a5,a5,a4
    500c:	00f59023          	sh	a5,0(a1)
    return BUFF_OK;
    5010:	4501                	li	a0,0
    5012:	8082                	ret
        return BUFF_ERR_INVAL;
    5014:	5529                	li	a0,-22
    5016:	8082                	ret
    5018:	5529                	li	a0,-22
}
    501a:	8082                	ret

0000501c <fifo_uni_isempty>:
int fifo_uni_isempty(struct fifo_uni_spsc* handle, bool* p_empty)
{
    uint16_t read_ptr;
    uint16_t write_ptr;

    if (!handle || !p_empty)
    501c:	c10d                	beqz	a0,503e <fifo_uni_isempty+0x22>
    501e:	c195                	beqz	a1,5042 <fifo_uni_isempty+0x26>
        return BUFF_ERR_INVAL;

    read_ptr = BUFF_LOAD_RELAXED(handle->r_ptr);
    5020:	08055783          	lhu	a5,128(a0)
    5024:	07c2                	slli	a5,a5,0x10
    5026:	83c1                	srli	a5,a5,0x10
    write_ptr = BUFF_LOAD_ACQUIRE(handle->w_ptr);
    5028:	04055703          	lhu	a4,64(a0)
    502c:	0ff0000f          	fence
    *p_empty = (read_ptr == write_ptr);
    5030:	8f99                	sub	a5,a5,a4
    5032:	0017b793          	seqz	a5,a5
    5036:	00f58023          	sb	a5,0(a1)
    return BUFF_OK;
    503a:	4501                	li	a0,0
    503c:	8082                	ret
        return BUFF_ERR_INVAL;
    503e:	5529                	li	a0,-22
    5040:	8082                	ret
    5042:	5529                	li	a0,-22
}
    5044:	8082                	ret

00005046 <fifo_uni_isfull>:
int fifo_uni_isfull(struct fifo_uni_spsc* handle, bool* p_full)
{
    uint16_t read_ptr;
    uint16_t write_ptr;

    if (!handle || !p_full)
    5046:	c50d                	beqz	a0,5070 <fifo_uni_isfull+0x2a>
    5048:	c595                	beqz	a1,5074 <fifo_uni_isfull+0x2e>
        return BUFF_ERR_INVAL;

    read_ptr = BUFF_LOAD_ACQUIRE(handle->r_ptr);
    504a:	08055703          	lhu	a4,128(a0)
    504e:	0ff0000f          	fence
    write_ptr = BUFF_LOAD_RELAXED(handle->w_ptr);
    5052:	04055783          	lhu	a5,64(a0)
    *p_full = ((uint16_t)(write_ptr - read_ptr) >= handle->size);
    5056:	8f99                	sub	a5,a5,a4
    5058:	07c2                	slli	a5,a5,0x10
    505a:	83c1                	srli	a5,a5,0x10
    505c:	00455703          	lhu	a4,4(a0)
    5060:	00e7b7b3          	sltu	a5,a5,a4
    5064:	0017c793          	xori	a5,a5,1
    5068:	00f58023          	sb	a5,0(a1)
    return BUFF_OK;
    506c:	4501                	li	a0,0
    506e:	8082                	ret
        return BUFF_ERR_INVAL;
    5070:	5529                	li	a0,-22
    5072:	8082                	ret
    5074:	5529                	li	a0,-22
}
    5076:	8082                	ret

00005078 <GPIO_DeInit>:
 * @param   GPIOx - where x can be (A..G) to select the GPIO peripheral.
 *
 * @return  none
 */
void GPIO_DeInit(GPIO_TypeDef *GPIOx)
{
    5078:	1141                	addi	sp,sp,-16
    507a:	c606                	sw	ra,12(sp)
    if(GPIOx == GPIOA)
    507c:	400117b7          	lui	a5,0x40011
    5080:	80078793          	addi	a5,a5,-2048 # 40010800 <_eusrstack+0x20008800>
    5084:	02f50b63          	beq	a0,a5,50ba <GPIO_DeInit+0x42>
    {
        RCC_APB2PeriphResetCmd(RCC_APB2Periph_GPIOA, ENABLE);
        RCC_APB2PeriphResetCmd(RCC_APB2Periph_GPIOA, DISABLE);
    }
    else if(GPIOx == GPIOB)
    5088:	400117b7          	lui	a5,0x40011
    508c:	c0078793          	addi	a5,a5,-1024 # 40010c00 <_eusrstack+0x20008c00>
    5090:	02f50e63          	beq	a0,a5,50cc <GPIO_DeInit+0x54>
    {
        RCC_APB2PeriphResetCmd(RCC_APB2Periph_GPIOB, ENABLE);
        RCC_APB2PeriphResetCmd(RCC_APB2Periph_GPIOB, DISABLE);
    }
    else if(GPIOx == GPIOC)
    5094:	400117b7          	lui	a5,0x40011
    5098:	04f50363          	beq	a0,a5,50de <GPIO_DeInit+0x66>
    {
        RCC_APB2PeriphResetCmd(RCC_APB2Periph_GPIOC, ENABLE);
        RCC_APB2PeriphResetCmd(RCC_APB2Periph_GPIOC, DISABLE);
    }
    else if(GPIOx == GPIOD)
    509c:	400117b7          	lui	a5,0x40011
    50a0:	40078793          	addi	a5,a5,1024 # 40011400 <_eusrstack+0x20009400>
    50a4:	04f50663          	beq	a0,a5,50f0 <GPIO_DeInit+0x78>
    {
        RCC_APB2PeriphResetCmd(RCC_APB2Periph_GPIOD, ENABLE);
        RCC_APB2PeriphResetCmd(RCC_APB2Periph_GPIOD, DISABLE);
    }
    else if(GPIOx == GPIOE)
    50a8:	400127b7          	lui	a5,0x40012
    50ac:	80078793          	addi	a5,a5,-2048 # 40011800 <_eusrstack+0x20009800>
    50b0:	04f50b63          	beq	a0,a5,5106 <GPIO_DeInit+0x8e>
    {
        RCC_APB2PeriphResetCmd(RCC_APB2Periph_GPIOE, ENABLE);
        RCC_APB2PeriphResetCmd(RCC_APB2Periph_GPIOE, DISABLE);
    }
}
    50b4:	40b2                	lw	ra,12(sp)
    50b6:	0141                	addi	sp,sp,16
    50b8:	8082                	ret
        RCC_APB2PeriphResetCmd(RCC_APB2Periph_GPIOA, ENABLE);
    50ba:	4585                	li	a1,1
    50bc:	4511                	li	a0,4
    50be:	1ed000ef          	jal	ra,5aaa <RCC_APB2PeriphResetCmd>
        RCC_APB2PeriphResetCmd(RCC_APB2Periph_GPIOA, DISABLE);
    50c2:	4581                	li	a1,0
    50c4:	4511                	li	a0,4
    50c6:	1e5000ef          	jal	ra,5aaa <RCC_APB2PeriphResetCmd>
    50ca:	b7ed                	j	50b4 <GPIO_DeInit+0x3c>
        RCC_APB2PeriphResetCmd(RCC_APB2Periph_GPIOB, ENABLE);
    50cc:	4585                	li	a1,1
    50ce:	4521                	li	a0,8
    50d0:	1db000ef          	jal	ra,5aaa <RCC_APB2PeriphResetCmd>
        RCC_APB2PeriphResetCmd(RCC_APB2Periph_GPIOB, DISABLE);
    50d4:	4581                	li	a1,0
    50d6:	4521                	li	a0,8
    50d8:	1d3000ef          	jal	ra,5aaa <RCC_APB2PeriphResetCmd>
    50dc:	bfe1                	j	50b4 <GPIO_DeInit+0x3c>
        RCC_APB2PeriphResetCmd(RCC_APB2Periph_GPIOC, ENABLE);
    50de:	4585                	li	a1,1
    50e0:	4541                	li	a0,16
    50e2:	1c9000ef          	jal	ra,5aaa <RCC_APB2PeriphResetCmd>
        RCC_APB2PeriphResetCmd(RCC_APB2Periph_GPIOC, DISABLE);
    50e6:	4581                	li	a1,0
    50e8:	4541                	li	a0,16
    50ea:	1c1000ef          	jal	ra,5aaa <RCC_APB2PeriphResetCmd>
    50ee:	b7d9                	j	50b4 <GPIO_DeInit+0x3c>
        RCC_APB2PeriphResetCmd(RCC_APB2Periph_GPIOD, ENABLE);
    50f0:	4585                	li	a1,1
    50f2:	02000513          	li	a0,32
    50f6:	1b5000ef          	jal	ra,5aaa <RCC_APB2PeriphResetCmd>
        RCC_APB2PeriphResetCmd(RCC_APB2Periph_GPIOD, DISABLE);
    50fa:	4581                	li	a1,0
    50fc:	02000513          	li	a0,32
    5100:	1ab000ef          	jal	ra,5aaa <RCC_APB2PeriphResetCmd>
    5104:	bf45                	j	50b4 <GPIO_DeInit+0x3c>
        RCC_APB2PeriphResetCmd(RCC_APB2Periph_GPIOE, ENABLE);
    5106:	4585                	li	a1,1
    5108:	04000513          	li	a0,64
    510c:	19f000ef          	jal	ra,5aaa <RCC_APB2PeriphResetCmd>
        RCC_APB2PeriphResetCmd(RCC_APB2Periph_GPIOE, DISABLE);
    5110:	4581                	li	a1,0
    5112:	04000513          	li	a0,64
    5116:	195000ef          	jal	ra,5aaa <RCC_APB2PeriphResetCmd>
}
    511a:	bf69                	j	50b4 <GPIO_DeInit+0x3c>

0000511c <GPIO_AFIODeInit>:
 *        and EXTI configuration) registers to their default reset values.
 *
 * @return  none
 */
void GPIO_AFIODeInit(void)
{
    511c:	1141                	addi	sp,sp,-16
    511e:	c606                	sw	ra,12(sp)
    RCC_APB2PeriphResetCmd(RCC_APB2Periph_AFIO, ENABLE);
    5120:	4585                	li	a1,1
    5122:	4505                	li	a0,1
    5124:	187000ef          	jal	ra,5aaa <RCC_APB2PeriphResetCmd>
    RCC_APB2PeriphResetCmd(RCC_APB2Periph_AFIO, DISABLE);
    5128:	4581                	li	a1,0
    512a:	4505                	li	a0,1
    512c:	17f000ef          	jal	ra,5aaa <RCC_APB2PeriphResetCmd>
}
    5130:	40b2                	lw	ra,12(sp)
    5132:	0141                	addi	sp,sp,16
    5134:	8082                	ret

00005136 <GPIO_Init>:
void GPIO_Init(GPIO_TypeDef *GPIOx, GPIO_InitTypeDef *GPIO_InitStruct)
{
    uint32_t currentmode = 0x00, currentpin = 0x00, pinpos = 0x00, pos = 0x00;
    uint32_t tmpreg = 0x00, pinmask = 0x00;

    currentmode = ((uint32_t)GPIO_InitStruct->GPIO_Mode) & ((uint32_t)0x0F);
    5136:	459c                	lw	a5,8(a1)
    5138:	00f7f893          	andi	a7,a5,15

    if((((uint32_t)GPIO_InitStruct->GPIO_Mode) & ((uint32_t)0x10)) != 0x00)
    513c:	8bc1                	andi	a5,a5,16
    513e:	c781                	beqz	a5,5146 <GPIO_Init+0x10>
    {
        currentmode |= (uint32_t)GPIO_InitStruct->GPIO_Speed;
    5140:	41dc                	lw	a5,4(a1)
    5142:	00f8e8b3          	or	a7,a7,a5
    }

    if(((uint32_t)GPIO_InitStruct->GPIO_Pin & ((uint32_t)0x00FF)) != 0x00)
    5146:	0005c783          	lbu	a5,0(a1)
    514a:	cfa1                	beqz	a5,51a2 <GPIO_Init+0x6c>
    {
        tmpreg = GPIOx->CFGLR;
    514c:	00052803          	lw	a6,0(a0)

        for(pinpos = 0x00; pinpos < 0x08; pinpos++)
    5150:	4701                	li	a4,0
    5152:	a019                	j	5158 <GPIO_Init+0x22>
                tmpreg &= ~pinmask;
                tmpreg |= (currentmode << pos);

                if(GPIO_InitStruct->GPIO_Mode == GPIO_Mode_IPD)
                {
                    GPIOx->BCR = (((uint32_t)0x01) << pinpos);
    5154:	c95c                	sw	a5,20(a0)
        for(pinpos = 0x00; pinpos < 0x08; pinpos++)
    5156:	0705                	addi	a4,a4,1
    5158:	479d                	li	a5,7
    515a:	04e7e263          	bltu	a5,a4,519e <GPIO_Init+0x68>
            pos = ((uint32_t)0x01) << pinpos;
    515e:	4785                	li	a5,1
    5160:	00e797b3          	sll	a5,a5,a4
            currentpin = (GPIO_InitStruct->GPIO_Pin) & pos;
    5164:	0005d683          	lhu	a3,0(a1)
    5168:	8efd                	and	a3,a3,a5
            if(currentpin == pos)
    516a:	fed796e3          	bne	a5,a3,5156 <GPIO_Init+0x20>
                pos = pinpos << 2;
    516e:	00271613          	slli	a2,a4,0x2
                pinmask = ((uint32_t)0x0F) << pos;
    5172:	46bd                	li	a3,15
    5174:	00c696b3          	sll	a3,a3,a2
                tmpreg &= ~pinmask;
    5178:	fff6c693          	not	a3,a3
    517c:	0106f833          	and	a6,a3,a6
                tmpreg |= (currentmode << pos);
    5180:	00c89633          	sll	a2,a7,a2
    5184:	01066833          	or	a6,a2,a6
                if(GPIO_InitStruct->GPIO_Mode == GPIO_Mode_IPD)
    5188:	4594                	lw	a3,8(a1)
    518a:	02800613          	li	a2,40
    518e:	fcc683e3          	beq	a3,a2,5154 <GPIO_Init+0x1e>
                }
                else
                {
                    if(GPIO_InitStruct->GPIO_Mode == GPIO_Mode_IPU)
    5192:	04800613          	li	a2,72
    5196:	fcc690e3          	bne	a3,a2,5156 <GPIO_Init+0x20>
                    {
                        GPIOx->BSHR = (((uint32_t)0x01) << pinpos);
    519a:	c91c                	sw	a5,16(a0)
    519c:	bf6d                	j	5156 <GPIO_Init+0x20>
                    }
                }
            }
        }
        GPIOx->CFGLR = tmpreg;
    519e:	01052023          	sw	a6,0(a0)
    }

    if(GPIO_InitStruct->GPIO_Pin > 0x00FF)
    51a2:	0005d703          	lhu	a4,0(a1)
    51a6:	0ff00793          	li	a5,255
    51aa:	06e7f163          	bgeu	a5,a4,520c <GPIO_Init+0xd6>
    {
        tmpreg = GPIOx->CFGHR;
    51ae:	00452803          	lw	a6,4(a0)

        for(pinpos = 0x00; pinpos < 0x08; pinpos++)
    51b2:	4701                	li	a4,0
    51b4:	a039                	j	51c2 <GPIO_Init+0x8c>
                if(GPIO_InitStruct->GPIO_Mode == GPIO_Mode_IPD)
                {
                    GPIOx->BCR = (((uint32_t)0x01) << (pinpos + 0x08));
                }

                if(GPIO_InitStruct->GPIO_Mode == GPIO_Mode_IPU)
    51b6:	4590                	lw	a2,8(a1)
    51b8:	04800693          	li	a3,72
    51bc:	04d60463          	beq	a2,a3,5204 <GPIO_Init+0xce>
        for(pinpos = 0x00; pinpos < 0x08; pinpos++)
    51c0:	0705                	addi	a4,a4,1
    51c2:	479d                	li	a5,7
    51c4:	04e7e263          	bltu	a5,a4,5208 <GPIO_Init+0xd2>
            pos = (((uint32_t)0x01) << (pinpos + 0x08));
    51c8:	00870693          	addi	a3,a4,8
    51cc:	4785                	li	a5,1
    51ce:	00d797b3          	sll	a5,a5,a3
            currentpin = ((GPIO_InitStruct->GPIO_Pin) & pos);
    51d2:	0005d683          	lhu	a3,0(a1)
    51d6:	8efd                	and	a3,a3,a5
            if(currentpin == pos)
    51d8:	fed794e3          	bne	a5,a3,51c0 <GPIO_Init+0x8a>
                pos = pinpos << 2;
    51dc:	00271613          	slli	a2,a4,0x2
                pinmask = ((uint32_t)0x0F) << pos;
    51e0:	46bd                	li	a3,15
    51e2:	00c696b3          	sll	a3,a3,a2
                tmpreg &= ~pinmask;
    51e6:	fff6c693          	not	a3,a3
    51ea:	0106f833          	and	a6,a3,a6
                tmpreg |= (currentmode << pos);
    51ee:	00c89633          	sll	a2,a7,a2
    51f2:	01066833          	or	a6,a2,a6
                if(GPIO_InitStruct->GPIO_Mode == GPIO_Mode_IPD)
    51f6:	4590                	lw	a2,8(a1)
    51f8:	02800693          	li	a3,40
    51fc:	fad61de3          	bne	a2,a3,51b6 <GPIO_Init+0x80>
                    GPIOx->BCR = (((uint32_t)0x01) << (pinpos + 0x08));
    5200:	c95c                	sw	a5,20(a0)
    5202:	bf55                	j	51b6 <GPIO_Init+0x80>
                {
                    GPIOx->BSHR = (((uint32_t)0x01) << (pinpos + 0x08));
    5204:	c91c                	sw	a5,16(a0)
    5206:	bf6d                	j	51c0 <GPIO_Init+0x8a>
                }
            }
        }
        GPIOx->CFGHR = tmpreg;
    5208:	01052223          	sw	a6,4(a0)
    }
}
    520c:	8082                	ret

0000520e <GPIO_StructInit>:
 *
 * @return  none
 */
void GPIO_StructInit(GPIO_InitTypeDef *GPIO_InitStruct)
{
    GPIO_InitStruct->GPIO_Pin = GPIO_Pin_All;
    520e:	57fd                	li	a5,-1
    5210:	00f51023          	sh	a5,0(a0)
    GPIO_InitStruct->GPIO_Speed = GPIO_Speed_2MHz;
    5214:	4789                	li	a5,2
    5216:	c15c                	sw	a5,4(a0)
    GPIO_InitStruct->GPIO_Mode = GPIO_Mode_IN_FLOATING;
    5218:	4791                	li	a5,4
    521a:	c51c                	sw	a5,8(a0)
}
    521c:	8082                	ret

0000521e <GPIO_ReadInputDataBit>:
 */
uint8_t GPIO_ReadInputDataBit(GPIO_TypeDef *GPIOx, uint16_t GPIO_Pin)
{
    uint8_t bitstatus = 0x00;

    if((GPIOx->INDR & GPIO_Pin) != (uint32_t)Bit_RESET)
    521e:	451c                	lw	a5,8(a0)
    5220:	8dfd                	and	a1,a1,a5
    5222:	c199                	beqz	a1,5228 <GPIO_ReadInputDataBit+0xa>
    {
        bitstatus = (uint8_t)Bit_SET;
    5224:	4505                	li	a0,1
    5226:	8082                	ret
    }
    else
    {
        bitstatus = (uint8_t)Bit_RESET;
    5228:	4501                	li	a0,0
    }

    return bitstatus;
}
    522a:	8082                	ret

0000522c <GPIO_ReadInputData>:
 *
 * @return  The output port pin value.
 */
uint16_t GPIO_ReadInputData(GPIO_TypeDef *GPIOx)
{
    return ((uint16_t)GPIOx->INDR);
    522c:	4508                	lw	a0,8(a0)
}
    522e:	0542                	slli	a0,a0,0x10
    5230:	8141                	srli	a0,a0,0x10
    5232:	8082                	ret

00005234 <GPIO_ReadOutputDataBit>:
 */
uint8_t GPIO_ReadOutputDataBit(GPIO_TypeDef *GPIOx, uint16_t GPIO_Pin)
{
    uint8_t bitstatus = 0x00;

    if((GPIOx->OUTDR & GPIO_Pin) != (uint32_t)Bit_RESET)
    5234:	455c                	lw	a5,12(a0)
    5236:	8dfd                	and	a1,a1,a5
    5238:	c199                	beqz	a1,523e <GPIO_ReadOutputDataBit+0xa>
    {
        bitstatus = (uint8_t)Bit_SET;
    523a:	4505                	li	a0,1
    523c:	8082                	ret
    }
    else
    {
        bitstatus = (uint8_t)Bit_RESET;
    523e:	4501                	li	a0,0
    }

    return bitstatus;
}
    5240:	8082                	ret

00005242 <GPIO_ReadOutputData>:
 *
 * @return  GPIO output port pin value.
 */
uint16_t GPIO_ReadOutputData(GPIO_TypeDef *GPIOx)
{
    return ((uint16_t)GPIOx->OUTDR);
    5242:	4548                	lw	a0,12(a0)
}
    5244:	0542                	slli	a0,a0,0x10
    5246:	8141                	srli	a0,a0,0x10
    5248:	8082                	ret

0000524a <GPIO_SetBits>:
 *
 * @return  none
 */
void GPIO_SetBits(GPIO_TypeDef *GPIOx, uint16_t GPIO_Pin)
{
    GPIOx->BSHR = GPIO_Pin;
    524a:	c90c                	sw	a1,16(a0)
}
    524c:	8082                	ret

0000524e <GPIO_ResetBits>:
 *
 * @return  none
 */
void GPIO_ResetBits(GPIO_TypeDef *GPIOx, uint16_t GPIO_Pin)
{
    GPIOx->BCR = GPIO_Pin;
    524e:	c94c                	sw	a1,20(a0)
}
    5250:	8082                	ret

00005252 <GPIO_WriteBit>:
 *
 * @return  none
 */
void GPIO_WriteBit(GPIO_TypeDef *GPIOx, uint16_t GPIO_Pin, BitAction BitVal)
{
    if(BitVal != Bit_RESET)
    5252:	c219                	beqz	a2,5258 <GPIO_WriteBit+0x6>
    {
        GPIOx->BSHR = GPIO_Pin;
    5254:	c90c                	sw	a1,16(a0)
    5256:	8082                	ret
    }
    else
    {
        GPIOx->BCR = GPIO_Pin;
    5258:	c94c                	sw	a1,20(a0)
    }
}
    525a:	8082                	ret

0000525c <GPIO_Write>:
 *
 * @return  none
 */
void GPIO_Write(GPIO_TypeDef *GPIOx, uint16_t PortVal)
{
    GPIOx->OUTDR = PortVal;
    525c:	c54c                	sw	a1,12(a0)
}
    525e:	8082                	ret

00005260 <GPIO_PinLockConfig>:
 */
void GPIO_PinLockConfig(GPIO_TypeDef *GPIOx, uint16_t GPIO_Pin)
{
    uint32_t tmp = 0x00010000;

    tmp |= GPIO_Pin;
    5260:	67c1                	lui	a5,0x10
    5262:	8fcd                	or	a5,a5,a1
    GPIOx->LCKR = tmp;
    5264:	cd1c                	sw	a5,24(a0)
    GPIOx->LCKR = GPIO_Pin;
    5266:	cd0c                	sw	a1,24(a0)
    GPIOx->LCKR = tmp;
    5268:	cd1c                	sw	a5,24(a0)
    tmp = GPIOx->LCKR;
    526a:	4d1c                	lw	a5,24(a0)
    tmp = GPIOx->LCKR;
    526c:	4d1c                	lw	a5,24(a0)
}
    526e:	8082                	ret

00005270 <GPIO_EventOutputConfig>:
 */
void GPIO_EventOutputConfig(uint8_t GPIO_PortSource, uint8_t GPIO_PinSource)
{
    uint32_t tmpreg = 0x00;

    tmpreg = AFIO->ECR;
    5270:	400106b7          	lui	a3,0x40010
    5274:	429c                	lw	a5,0(a3)
    tmpreg &= ECR_PORTPINCONFIG_MASK;
    5276:	6741                	lui	a4,0x10
    5278:	f8070713          	addi	a4,a4,-128 # ff80 <_data_lma+0x6ea8>
    527c:	8ff9                	and	a5,a5,a4
    tmpreg |= (uint32_t)GPIO_PortSource << 0x04;
    527e:	0512                	slli	a0,a0,0x4
    5280:	8d5d                	or	a0,a0,a5
    tmpreg |= GPIO_PinSource;
    5282:	8dc9                	or	a1,a1,a0
    AFIO->ECR = tmpreg;
    5284:	c28c                	sw	a1,0(a3)
}
    5286:	8082                	ret

00005288 <GPIO_EventOutputCmd>:
 *
 * @return  none
 */
void GPIO_EventOutputCmd(FunctionalState NewState)
{
    if(NewState)
    5288:	c901                	beqz	a0,5298 <GPIO_EventOutputCmd+0x10>
    {
        AFIO->ECR |= (1 << 7);
    528a:	40010737          	lui	a4,0x40010
    528e:	431c                	lw	a5,0(a4)
    5290:	0807e793          	ori	a5,a5,128
    5294:	c31c                	sw	a5,0(a4)
    5296:	8082                	ret
    }
    else
    {
        AFIO->ECR &= ~(1 << 7);
    5298:	40010737          	lui	a4,0x40010
    529c:	431c                	lw	a5,0(a4)
    529e:	f7f7f793          	andi	a5,a5,-129
    52a2:	c31c                	sw	a5,0(a4)
    }
}
    52a4:	8082                	ret

000052a6 <GPIO_PinRemapConfig>:
 */
void GPIO_PinRemapConfig(uint32_t GPIO_Remap, FunctionalState NewState)
{
    uint32_t tmp = 0x00, tmp1 = 0x00, tmpreg = 0x00, tmpmask = 0x00;

    if((GPIO_Remap & 0x80000000) == 0x80000000)
    52a6:	862a                	mv	a2,a0
    52a8:	04054363          	bltz	a0,52ee <GPIO_PinRemapConfig+0x48>
    {
        tmpreg = AFIO->PCFR2;
    }
    else
    {
        tmpreg = AFIO->PCFR1;
    52ac:	400107b7          	lui	a5,0x40010
    52b0:	43dc                	lw	a5,4(a5)
    }

    tmpmask = (GPIO_Remap & DBGAFR_POSITION_MASK) >> 0x10;
    52b2:	01055713          	srli	a4,a0,0x10
    52b6:	8b3d                	andi	a4,a4,15
    tmp = GPIO_Remap & LSB_MASK;
    52b8:	01051693          	slli	a3,a0,0x10
    52bc:	82c1                	srli	a3,a3,0x10

    /* Clear bit */
    if((GPIO_Remap & 0x80000000) == 0x80000000)
    52be:	02064c63          	bltz	a2,52f6 <GPIO_PinRemapConfig+0x50>
            tmpreg &= ~(tmp << (((GPIO_Remap & 0x7FFFFFFF)>> 0x15) * 0x10));
        }
    }
    else
    {                                                                                                                   /* PCFR1 */
        if((GPIO_Remap & (DBGAFR_LOCATION_MASK | DBGAFR_NUMBITS_MASK)) == (DBGAFR_LOCATION_MASK | DBGAFR_NUMBITS_MASK)) /* [26:24] 3bit SWD_JTAG */
    52c2:	00300837          	lui	a6,0x300
    52c6:	010578b3          	and	a7,a0,a6
    52ca:	07088c63          	beq	a7,a6,5342 <GPIO_PinRemapConfig+0x9c>
        {
            tmpreg &= DBGAFR_SWJCFG_MASK;
            AFIO->PCFR1 &= DBGAFR_SWJCFG_MASK;
        }
        else if((GPIO_Remap & DBGAFR_NUMBITS_MASK) == DBGAFR_NUMBITS_MASK) /* [15:0] 2bit */
    52ce:	00100837          	lui	a6,0x100
    52d2:	01057833          	and	a6,a0,a6
    52d6:	0a080063          	beqz	a6,5376 <GPIO_PinRemapConfig+0xd0>
        {
            tmp1 = ((uint32_t)0x03) << tmpmask;
    52da:	480d                	li	a6,3
    52dc:	00e81733          	sll	a4,a6,a4
            tmpreg &= ~tmp1;
    52e0:	fff74713          	not	a4,a4
    52e4:	8f7d                	and	a4,a4,a5
            tmpreg |= ~DBGAFR_SWJCFG_MASK;
    52e6:	0f0007b7          	lui	a5,0xf000
    52ea:	8fd9                	or	a5,a5,a4
    52ec:	a0bd                	j	535a <GPIO_PinRemapConfig+0xb4>
        tmpreg = AFIO->PCFR2;
    52ee:	400107b7          	lui	a5,0x40010
    52f2:	4fdc                	lw	a5,28(a5)
    52f4:	bf7d                	j	52b2 <GPIO_PinRemapConfig+0xc>
        if((GPIO_Remap & (DBGAFR_LOCATION_MASK | DBGAFR_NUMBITS_MASK)) == (DBGAFR_LOCATION_MASK | DBGAFR_NUMBITS_MASK)) /* [31:16] 2bit */
    52f6:	00300837          	lui	a6,0x300
    52fa:	010578b3          	and	a7,a0,a6
    52fe:	01088f63          	beq	a7,a6,531c <GPIO_PinRemapConfig+0x76>
        else if((GPIO_Remap & DBGAFR_NUMBITS_MASK) == DBGAFR_NUMBITS_MASK) /* [15:0] 2bit */
    5302:	00100837          	lui	a6,0x100
    5306:	01057833          	and	a6,a0,a6
    530a:	02080163          	beqz	a6,532c <GPIO_PinRemapConfig+0x86>
            tmp1 = ((uint32_t)0x03) << tmpmask;
    530e:	480d                	li	a6,3
    5310:	00e81733          	sll	a4,a6,a4
            tmpreg &= ~tmp1;
    5314:	fff74713          	not	a4,a4
    5318:	8ff9                	and	a5,a5,a4
    531a:	a081                	j	535a <GPIO_PinRemapConfig+0xb4>
            tmp1 = ((uint32_t)0x03) << (tmpmask + 0x10);
    531c:	0741                	addi	a4,a4,16 # 40010010 <_eusrstack+0x20008010>
    531e:	480d                	li	a6,3
    5320:	00e81733          	sll	a4,a6,a4
            tmpreg &= ~tmp1;
    5324:	fff74713          	not	a4,a4
    5328:	8ff9                	and	a5,a5,a4
    532a:	a805                	j	535a <GPIO_PinRemapConfig+0xb4>
            tmpreg &= ~(tmp << (((GPIO_Remap & 0x7FFFFFFF)>> 0x15) * 0x10));
    532c:	01555713          	srli	a4,a0,0x15
    5330:	3ff77713          	andi	a4,a4,1023
    5334:	0712                	slli	a4,a4,0x4
    5336:	00e69733          	sll	a4,a3,a4
    533a:	fff74713          	not	a4,a4
    533e:	8ff9                	and	a5,a5,a4
    5340:	a829                	j	535a <GPIO_PinRemapConfig+0xb4>
            tmpreg &= DBGAFR_SWJCFG_MASK;
    5342:	f1000737          	lui	a4,0xf1000
    5346:	177d                	addi	a4,a4,-1 # f0ffffff <ERR_SECTION_BASE+0xf1000fff>
    5348:	8ff9                	and	a5,a5,a4
            AFIO->PCFR1 &= DBGAFR_SWJCFG_MASK;
    534a:	400108b7          	lui	a7,0x40010
    534e:	0048a803          	lw	a6,4(a7) # 40010004 <_eusrstack+0x20008004>
    5352:	00e87733          	and	a4,a6,a4
    5356:	00e8a223          	sw	a4,4(a7)
            tmpreg |= ~DBGAFR_SWJCFG_MASK;
        }
    }

    /* Set bit */
    if(NewState != DISABLE)
    535a:	c981                	beqz	a1,536a <GPIO_PinRemapConfig+0xc4>
    {
        tmpreg |= (tmp << (((GPIO_Remap & 0x7FFFFFFF)>> 0x15) * 0x10));
    535c:	8155                	srli	a0,a0,0x15
    535e:	3ff57513          	andi	a0,a0,1023
    5362:	0512                	slli	a0,a0,0x4
    5364:	00a69733          	sll	a4,a3,a0
    5368:	8fd9                	or	a5,a5,a4
    }

    if((GPIO_Remap & 0x80000000) == 0x80000000)
    536a:	02064263          	bltz	a2,538e <GPIO_PinRemapConfig+0xe8>
    {
        AFIO->PCFR2 = tmpreg;
    }
    else
    {
        AFIO->PCFR1 = tmpreg;
    536e:	40010737          	lui	a4,0x40010
    5372:	c35c                	sw	a5,4(a4)
    }
}
    5374:	8082                	ret
            tmpreg &= ~(tmp << ((GPIO_Remap >> 0x15) * 0x10));
    5376:	01555713          	srli	a4,a0,0x15
    537a:	0712                	slli	a4,a4,0x4
    537c:	00e69733          	sll	a4,a3,a4
    5380:	fff74713          	not	a4,a4
    5384:	8f7d                	and	a4,a4,a5
            tmpreg |= ~DBGAFR_SWJCFG_MASK;
    5386:	0f0007b7          	lui	a5,0xf000
    538a:	8fd9                	or	a5,a5,a4
    538c:	b7f9                	j	535a <GPIO_PinRemapConfig+0xb4>
        AFIO->PCFR2 = tmpreg;
    538e:	40010737          	lui	a4,0x40010
    5392:	cf5c                	sw	a5,28(a4)
    5394:	8082                	ret

00005396 <GPIO_EXTILineConfig>:
 */
void GPIO_EXTILineConfig(uint8_t GPIO_PortSource, uint8_t GPIO_PinSource)
{
    uint32_t tmp = 0x00;

    tmp = ((uint32_t)0x0F) << (0x04 * (GPIO_PinSource & (uint8_t)0x03));
    5396:	0035f693          	andi	a3,a1,3
    539a:	068a                	slli	a3,a3,0x2
    539c:	473d                	li	a4,15
    539e:	00d71733          	sll	a4,a4,a3
    AFIO->EXTICR[GPIO_PinSource >> 0x02] &= ~tmp;
    53a2:	0fc5f593          	andi	a1,a1,252
    53a6:	400107b7          	lui	a5,0x40010
    53aa:	97ae                	add	a5,a5,a1
    53ac:	4790                	lw	a2,8(a5)
    53ae:	fff74713          	not	a4,a4
    53b2:	8f71                	and	a4,a4,a2
    53b4:	c798                	sw	a4,8(a5)
    AFIO->EXTICR[GPIO_PinSource >> 0x02] |= (((uint32_t)GPIO_PortSource) << (0x04 * (GPIO_PinSource & (uint8_t)0x03)));
    53b6:	4798                	lw	a4,8(a5)
    53b8:	00d51533          	sll	a0,a0,a3
    53bc:	8f49                	or	a4,a4,a0
    53be:	c798                	sw	a4,8(a5)
}
    53c0:	8082                	ret

000053c2 <GPIO_ETH_MediaInterfaceConfig>:
 *
 * @return  none
 */
void GPIO_ETH_MediaInterfaceConfig(uint32_t GPIO_ETH_MediaInterface)
{
    if(GPIO_ETH_MediaInterface)
    53c2:	c909                	beqz	a0,53d4 <GPIO_ETH_MediaInterfaceConfig+0x12>
    {
        AFIO->PCFR1 |= (1 << 23);
    53c4:	40010737          	lui	a4,0x40010
    53c8:	435c                	lw	a5,4(a4)
    53ca:	008006b7          	lui	a3,0x800
    53ce:	8fd5                	or	a5,a5,a3
    53d0:	c35c                	sw	a5,4(a4)
    53d2:	8082                	ret
    }
    else
    {
        AFIO->PCFR1 &= ~(1 << 23);
    53d4:	400106b7          	lui	a3,0x40010
    53d8:	42dc                	lw	a5,4(a3)
    53da:	ff800737          	lui	a4,0xff800
    53de:	177d                	addi	a4,a4,-1 # ff7fffff <ERR_SECTION_BASE+0xff800fff>
    53e0:	8ff9                	and	a5,a5,a4
    53e2:	c2dc                	sw	a5,4(a3)
    }
}
    53e4:	8082                	ret

000053e6 <GPIO_IPD_Unused>:
 * @param   none
 *
 * @return  none
 */
void GPIO_IPD_Unused(void)
{
    53e6:	1101                	addi	sp,sp,-32
    53e8:	ce06                	sw	ra,28(sp)
    53ea:	cc22                	sw	s0,24(sp)
    53ec:	ca26                	sw	s1,20(sp)
    53ee:	c84a                	sw	s2,16(sp)
    GPIO_InitTypeDef GPIO_InitStructure = {0};
    53f0:	c202                	sw	zero,4(sp)
    53f2:	c402                	sw	zero,8(sp)
    53f4:	c602                	sw	zero,12(sp)
    uint32_t chip = 0;
    RCC_APB2PeriphClockCmd(RCC_APB2Periph_GPIOA | RCC_APB2Periph_GPIOB | RCC_APB2Periph_GPIOC|\
    53f6:	4585                	li	a1,1
    53f8:	07c00513          	li	a0,124
    53fc:	2d8d                	jal	5a6e <RCC_APB2PeriphClockCmd>
                           RCC_APB2Periph_GPIOD | RCC_APB2Periph_GPIOE, ENABLE);
    chip =  *( uint32_t * )0x1FFFF704 & (~0x000000F0);
    53fe:	1ffff7b7          	lui	a5,0x1ffff
    5402:	7047a783          	lw	a5,1796(a5) # 1ffff704 <_data_lma+0x1fff662c>
    5406:	f0f7f793          	andi	a5,a5,-241
    switch(chip)
    540a:	30710737          	lui	a4,0x30710
    540e:	50870713          	addi	a4,a4,1288 # 30710508 <_eusrstack+0x10708508>
    5412:	1ee78063          	beq	a5,a4,55f2 <GPIO_IPD_Unused+0x20c>
    5416:	30710737          	lui	a4,0x30710
    541a:	50870713          	addi	a4,a4,1288 # 30710508 <_eusrstack+0x10708508>
    541e:	08f76a63          	bltu	a4,a5,54b2 <GPIO_IPD_Unused+0xcc>
    5422:	30520737          	lui	a4,0x30520
    5426:	50870713          	addi	a4,a4,1288 # 30520508 <_eusrstack+0x10518508>
    542a:	14e78363          	beq	a5,a4,5570 <GPIO_IPD_Unused+0x18a>
    542e:	305c0737          	lui	a4,0x305c0
    5432:	50870713          	addi	a4,a4,1288 # 305c0508 <_eusrstack+0x105b8508>
    5436:	04e79163          	bne	a5,a4,5478 <GPIO_IPD_Unused+0x92>
            GPIO_Init(GPIOE, &GPIO_InitStructure);
            break;
        }
        case 0x305C0508:     //CH32V305CCT
        {
            GPIO_InitStructure.GPIO_Pin = GPIO_Pin_7|GPIO_Pin_8\
    543a:	f8000793          	li	a5,-128
    543e:	00f11223          	sh	a5,4(sp)
                                         |GPIO_Pin_9|GPIO_Pin_10\
                                         |GPIO_Pin_11|GPIO_Pin_12\
                                         |GPIO_Pin_13|GPIO_Pin_14\
                                         |GPIO_Pin_15;
            GPIO_InitStructure.GPIO_Mode = GPIO_Mode_IPU;
    5442:	04800413          	li	s0,72
    5446:	c622                	sw	s0,12(sp)
            GPIO_Init(GPIOC, &GPIO_InitStructure);
    5448:	004c                	addi	a1,sp,4
    544a:	40011537          	lui	a0,0x40011
    544e:	31e5                	jal	5136 <GPIO_Init>
            GPIO_InitStructure.GPIO_Pin = GPIO_Pin_0|GPIO_Pin_1\
    5450:	54fd                	li	s1,-1
    5452:	00911223          	sh	s1,4(sp)
                                         |GPIO_Pin_6|GPIO_Pin_7\
                                         |GPIO_Pin_8|GPIO_Pin_9\
                                         |GPIO_Pin_10|GPIO_Pin_11\
                                         |GPIO_Pin_12|GPIO_Pin_13\
                                         |GPIO_Pin_14|GPIO_Pin_15;
            GPIO_InitStructure.GPIO_Mode = GPIO_Mode_IPU;
    5456:	c622                	sw	s0,12(sp)
            GPIO_Init(GPIOD, &GPIO_InitStructure);
    5458:	004c                	addi	a1,sp,4
    545a:	40011537          	lui	a0,0x40011
    545e:	40050513          	addi	a0,a0,1024 # 40011400 <_eusrstack+0x20009400>
    5462:	39d1                	jal	5136 <GPIO_Init>
            GPIO_InitStructure.GPIO_Pin = GPIO_Pin_0|GPIO_Pin_1\
    5464:	00911223          	sh	s1,4(sp)
                                         |GPIO_Pin_8|GPIO_Pin_9\
                                         |GPIO_Pin_10|GPIO_Pin_11\
                                         |GPIO_Pin_12|GPIO_Pin_13\
                                         |GPIO_Pin_14|GPIO_Pin_15;

            GPIO_InitStructure.GPIO_Mode = GPIO_Mode_IPU;
    5468:	c622                	sw	s0,12(sp)
            GPIO_Init(GPIOE, &GPIO_InitStructure);
    546a:	004c                	addi	a1,sp,4
    546c:	40012537          	lui	a0,0x40012
    5470:	80050513          	addi	a0,a0,-2048 # 40011800 <_eusrstack+0x20009800>
    5474:	31c9                	jal	5136 <GPIO_Init>
            break;
    5476:	aa85                	j	55e6 <GPIO_IPD_Unused+0x200>
    switch(chip)
    5478:	30500737          	lui	a4,0x30500
    547c:	50870713          	addi	a4,a4,1288 # 30500508 <_eusrstack+0x104f8508>
    5480:	16e79363          	bne	a5,a4,55e6 <GPIO_IPD_Unused+0x200>
        }
        case 0x30500508:     //CH32V305RBT
        {
            GPIO_InitStructure.GPIO_Pin = GPIO_Pin_0|GPIO_Pin_1\
    5484:	57ed                	li	a5,-5
    5486:	00f11223          	sh	a5,4(sp)
                                          |GPIO_Pin_7|GPIO_Pin_8\
                                          |GPIO_Pin_9|GPIO_Pin_10\
                                          |GPIO_Pin_11|GPIO_Pin_12\
                                          |GPIO_Pin_13|GPIO_Pin_14\
                                          |GPIO_Pin_15;
            GPIO_InitStructure.GPIO_Mode = GPIO_Mode_IPU;
    548a:	04800413          	li	s0,72
    548e:	c622                	sw	s0,12(sp)
            GPIO_Init(GPIOD, &GPIO_InitStructure);
    5490:	004c                	addi	a1,sp,4
    5492:	40011537          	lui	a0,0x40011
    5496:	40050513          	addi	a0,a0,1024 # 40011400 <_eusrstack+0x20009400>
    549a:	3971                	jal	5136 <GPIO_Init>
            GPIO_InitStructure.GPIO_Pin = GPIO_Pin_0|GPIO_Pin_1\
    549c:	57fd                	li	a5,-1
    549e:	00f11223          	sh	a5,4(sp)
                                          |GPIO_Pin_6|GPIO_Pin_7\
                                          |GPIO_Pin_8|GPIO_Pin_9\
                                          |GPIO_Pin_10|GPIO_Pin_11\
                                          |GPIO_Pin_12|GPIO_Pin_13\
                                          |GPIO_Pin_14|GPIO_Pin_15;
            GPIO_InitStructure.GPIO_Mode = GPIO_Mode_IPU;
    54a2:	c622                	sw	s0,12(sp)
            GPIO_Init(GPIOE, &GPIO_InitStructure);
    54a4:	004c                	addi	a1,sp,4
    54a6:	40012537          	lui	a0,0x40012
    54aa:	80050513          	addi	a0,a0,-2048 # 40011800 <_eusrstack+0x20009800>
    54ae:	3161                	jal	5136 <GPIO_Init>
            break;
    54b0:	aa1d                	j	55e6 <GPIO_IPD_Unused+0x200>
    switch(chip)
    54b2:	3173b737          	lui	a4,0x3173b
    54b6:	50870713          	addi	a4,a4,1288 # 3173b508 <_eusrstack+0x11733508>
    54ba:	16e78363          	beq	a5,a4,5620 <GPIO_IPD_Unused+0x23a>
    54be:	3175b737          	lui	a4,0x3175b
    54c2:	50870713          	addi	a4,a4,1288 # 3175b508 <_eusrstack+0x11753508>
    54c6:	06e79763          	bne	a5,a4,5534 <GPIO_IPD_Unused+0x14e>
            GPIO_Init(GPIOE, &GPIO_InitStructure);
            break;
        }
        case 0x3175B508:     //CH32V317TCU
        {
            GPIO_InitStructure.GPIO_Pin = GPIO_Pin_9|GPIO_Pin_10;
    54ca:	60000793          	li	a5,1536
    54ce:	00f11223          	sh	a5,4(sp)
            GPIO_InitStructure.GPIO_Mode = GPIO_Mode_IPU;
    54d2:	04800413          	li	s0,72
    54d6:	c622                	sw	s0,12(sp)
            GPIO_Init(GPIOA, &GPIO_InitStructure);
    54d8:	004c                	addi	a1,sp,4
    54da:	400114b7          	lui	s1,0x40011
    54de:	80048513          	addi	a0,s1,-2048 # 40010800 <_eusrstack+0x20008800>
    54e2:	3991                	jal	5136 <GPIO_Init>
            GPIO_InitStructure.GPIO_Pin = GPIO_Pin_9|GPIO_Pin_10\
    54e4:	6785                	lui	a5,0x1
    54e6:	e0078793          	addi	a5,a5,-512 # e00 <hal_tim_get_capture_value+0x54>
    54ea:	00f11223          	sh	a5,4(sp)
                                          |GPIO_Pin_11;
            GPIO_InitStructure.GPIO_Mode = GPIO_Mode_IPU;
    54ee:	c622                	sw	s0,12(sp)
            GPIO_Init(GPIOB, &GPIO_InitStructure);
    54f0:	004c                	addi	a1,sp,4
    54f2:	c0048513          	addi	a0,s1,-1024
    54f6:	3181                	jal	5136 <GPIO_Init>
            GPIO_InitStructure.GPIO_Pin = GPIO_Pin_0|GPIO_Pin_1\
    54f8:	6791                	lui	a5,0x4
    54fa:	178d                	addi	a5,a5,-29 # 3fe3 <device_close+0x45>
    54fc:	00f11223          	sh	a5,4(sp)
                                          |GPIO_Pin_5|GPIO_Pin_6\
                                          |GPIO_Pin_7|GPIO_Pin_8\
                                          |GPIO_Pin_9|GPIO_Pin_10\
                                          |GPIO_Pin_11|GPIO_Pin_12\
                                          |GPIO_Pin_13;
            GPIO_InitStructure.GPIO_Mode = GPIO_Mode_IPU;
    5500:	c622                	sw	s0,12(sp)
            GPIO_Init(GPIOC, &GPIO_InitStructure);
    5502:	004c                	addi	a1,sp,4
    5504:	40011537          	lui	a0,0x40011
    5508:	313d                	jal	5136 <GPIO_Init>
            GPIO_InitStructure.GPIO_Pin = GPIO_Pin_9\
    550a:	eff00793          	li	a5,-257
    550e:	00f11223          	sh	a5,4(sp)
                                          |GPIO_Pin_14|GPIO_Pin_15\
                                          |GPIO_Pin_0|GPIO_Pin_1|GPIO_Pin_2\
                                          |GPIO_Pin_3|GPIO_Pin_4\
                                          |GPIO_Pin_5|GPIO_Pin_6\
                                          |GPIO_Pin_7;
            GPIO_InitStructure.GPIO_Mode = GPIO_Mode_IPU;
    5512:	c622                	sw	s0,12(sp)
            GPIO_Init(GPIOD, &GPIO_InitStructure);
    5514:	004c                	addi	a1,sp,4
    5516:	40048513          	addi	a0,s1,1024
    551a:	3931                	jal	5136 <GPIO_Init>
            GPIO_InitStructure.GPIO_Pin = GPIO_Pin_0|GPIO_Pin_1|GPIO_Pin_2\
    551c:	07f00793          	li	a5,127
    5520:	00f11223          	sh	a5,4(sp)
                                          |GPIO_Pin_3|GPIO_Pin_4\
                                          |GPIO_Pin_5|GPIO_Pin_6;
            GPIO_InitStructure.GPIO_Mode = GPIO_Mode_IPU;
    5524:	c622                	sw	s0,12(sp)
            GPIO_Init(GPIOE, &GPIO_InitStructure);
    5526:	004c                	addi	a1,sp,4
    5528:	40012537          	lui	a0,0x40012
    552c:	80050513          	addi	a0,a0,-2048 # 40011800 <_eusrstack+0x20009800>
    5530:	3119                	jal	5136 <GPIO_Init>
        default:
        {
            break;
        }
    }
}
    5532:	a855                	j	55e6 <GPIO_IPD_Unused+0x200>
    switch(chip)
    5534:	30730737          	lui	a4,0x30730
    5538:	50870713          	addi	a4,a4,1288 # 30730508 <_eusrstack+0x10728508>
    553c:	0ae79563          	bne	a5,a4,55e6 <GPIO_IPD_Unused+0x200>
            GPIO_InitStructure.GPIO_Pin = GPIO_Pin_0|GPIO_Pin_1\
    5540:	cfb00793          	li	a5,-773
    5544:	00f11223          	sh	a5,4(sp)
            GPIO_InitStructure.GPIO_Mode = GPIO_Mode_IPU;
    5548:	04800413          	li	s0,72
    554c:	c622                	sw	s0,12(sp)
            GPIO_Init(GPIOD, &GPIO_InitStructure);
    554e:	004c                	addi	a1,sp,4
    5550:	40011537          	lui	a0,0x40011
    5554:	40050513          	addi	a0,a0,1024 # 40011400 <_eusrstack+0x20009400>
    5558:	3ef9                	jal	5136 <GPIO_Init>
            GPIO_InitStructure.GPIO_Pin = GPIO_Pin_1|GPIO_Pin_2\
    555a:	57f9                	li	a5,-2
    555c:	00f11223          	sh	a5,4(sp)
            GPIO_InitStructure.GPIO_Mode = GPIO_Mode_IPU;
    5560:	c622                	sw	s0,12(sp)
            GPIO_Init(GPIOE, &GPIO_InitStructure);
    5562:	004c                	addi	a1,sp,4
    5564:	40012537          	lui	a0,0x40012
    5568:	80050513          	addi	a0,a0,-2048 # 40011800 <_eusrstack+0x20009800>
    556c:	36e9                	jal	5136 <GPIO_Init>
            break;
    556e:	a8a5                	j	55e6 <GPIO_IPD_Unused+0x200>
            GPIO_InitStructure.GPIO_Pin = GPIO_Pin_0|GPIO_Pin_2\
    5570:	77e9                	lui	a5,0xffffa
    5572:	cdd78793          	addi	a5,a5,-803 # ffff9cdd <ERR_SECTION_BASE+0xffffacdd>
    5576:	00f11223          	sh	a5,4(sp)
            GPIO_InitStructure.GPIO_Mode = GPIO_Mode_IPU;
    557a:	04800413          	li	s0,72
    557e:	c622                	sw	s0,12(sp)
            GPIO_Init(GPIOA, &GPIO_InitStructure);
    5580:	004c                	addi	a1,sp,4
    5582:	400114b7          	lui	s1,0x40011
    5586:	80048513          	addi	a0,s1,-2048 # 40010800 <_eusrstack+0x20008800>
    558a:	3675                	jal	5136 <GPIO_Init>
            GPIO_InitStructure.GPIO_Pin = GPIO_Pin_2;
    558c:	4791                	li	a5,4
    558e:	00f11223          	sh	a5,4(sp)
            GPIO_InitStructure.GPIO_Mode = GPIO_Mode_IPD;
    5592:	02800793          	li	a5,40
    5596:	c63e                	sw	a5,12(sp)
            GPIO_Init(GPIOB, &GPIO_InitStructure);
    5598:	004c                	addi	a1,sp,4
    559a:	c0048513          	addi	a0,s1,-1024
    559e:	3e61                	jal	5136 <GPIO_Init>
            GPIO_InitStructure.GPIO_Pin = GPIO_Pin_0|GPIO_Pin_1\
    55a0:	33b00793          	li	a5,827
    55a4:	00f11223          	sh	a5,4(sp)
            GPIO_InitStructure.GPIO_Mode = GPIO_Mode_IPU;
    55a8:	c622                	sw	s0,12(sp)
            GPIO_Init(GPIOB, &GPIO_InitStructure);
    55aa:	004c                	addi	a1,sp,4
    55ac:	c0048513          	addi	a0,s1,-1024
    55b0:	3659                	jal	5136 <GPIO_Init>
            GPIO_InitStructure.GPIO_Pin = GPIO_Pin_0|GPIO_Pin_1\
    55b2:	c3f00793          	li	a5,-961
    55b6:	00f11223          	sh	a5,4(sp)
            GPIO_InitStructure.GPIO_Mode = GPIO_Mode_IPU;
    55ba:	c622                	sw	s0,12(sp)
            GPIO_Init(GPIOC, &GPIO_InitStructure);
    55bc:	004c                	addi	a1,sp,4
    55be:	40011537          	lui	a0,0x40011
    55c2:	3e95                	jal	5136 <GPIO_Init>
            GPIO_InitStructure.GPIO_Pin = GPIO_Pin_0|GPIO_Pin_1\
    55c4:	597d                	li	s2,-1
    55c6:	01211223          	sh	s2,4(sp)
            GPIO_InitStructure.GPIO_Mode = GPIO_Mode_IPU;
    55ca:	c622                	sw	s0,12(sp)
            GPIO_Init(GPIOD, &GPIO_InitStructure);
    55cc:	004c                	addi	a1,sp,4
    55ce:	40048513          	addi	a0,s1,1024
    55d2:	3695                	jal	5136 <GPIO_Init>
            GPIO_InitStructure.GPIO_Pin = GPIO_Pin_0|GPIO_Pin_1\
    55d4:	01211223          	sh	s2,4(sp)
            GPIO_InitStructure.GPIO_Mode = GPIO_Mode_IPU;
    55d8:	c622                	sw	s0,12(sp)
            GPIO_Init(GPIOE, &GPIO_InitStructure);
    55da:	004c                	addi	a1,sp,4
    55dc:	40012537          	lui	a0,0x40012
    55e0:	80050513          	addi	a0,a0,-2048 # 40011800 <_eusrstack+0x20009800>
    55e4:	3e89                	jal	5136 <GPIO_Init>
}
    55e6:	40f2                	lw	ra,28(sp)
    55e8:	4462                	lw	s0,24(sp)
    55ea:	44d2                	lw	s1,20(sp)
    55ec:	4942                	lw	s2,16(sp)
    55ee:	6105                	addi	sp,sp,32
    55f0:	8082                	ret
            GPIO_InitStructure.GPIO_Pin = GPIO_Pin_0|GPIO_Pin_1\
    55f2:	57ed                	li	a5,-5
    55f4:	00f11223          	sh	a5,4(sp)
            GPIO_InitStructure.GPIO_Mode = GPIO_Mode_IPU;
    55f8:	04800413          	li	s0,72
    55fc:	c622                	sw	s0,12(sp)
            GPIO_Init(GPIOD, &GPIO_InitStructure);
    55fe:	004c                	addi	a1,sp,4
    5600:	40011537          	lui	a0,0x40011
    5604:	40050513          	addi	a0,a0,1024 # 40011400 <_eusrstack+0x20009400>
    5608:	363d                	jal	5136 <GPIO_Init>
            GPIO_InitStructure.GPIO_Pin = GPIO_Pin_0|GPIO_Pin_1\
    560a:	57fd                	li	a5,-1
    560c:	00f11223          	sh	a5,4(sp)
            GPIO_InitStructure.GPIO_Mode = GPIO_Mode_IPU;
    5610:	c622                	sw	s0,12(sp)
            GPIO_Init(GPIOE, &GPIO_InitStructure);
    5612:	004c                	addi	a1,sp,4
    5614:	40012537          	lui	a0,0x40012
    5618:	80050513          	addi	a0,a0,-2048 # 40011800 <_eusrstack+0x20009800>
    561c:	3e29                	jal	5136 <GPIO_Init>
            break;
    561e:	b7e1                	j	55e6 <GPIO_IPD_Unused+0x200>
            GPIO_InitStructure.GPIO_Pin = GPIO_Pin_6|GPIO_Pin_7\
    5620:	3c000793          	li	a5,960
    5624:	00f11223          	sh	a5,4(sp)
            GPIO_InitStructure.GPIO_Mode = GPIO_Mode_IPU;
    5628:	04800413          	li	s0,72
    562c:	c622                	sw	s0,12(sp)
            GPIO_Init(GPIOC, &GPIO_InitStructure);
    562e:	004c                	addi	a1,sp,4
    5630:	40011537          	lui	a0,0x40011
    5634:	3609                	jal	5136 <GPIO_Init>
            GPIO_InitStructure.GPIO_Pin = GPIO_Pin_9\
    5636:	6791                	lui	a5,0x4
    5638:	efb78793          	addi	a5,a5,-261 # 3efb <device_lock+0x23>
    563c:	00f11223          	sh	a5,4(sp)
            GPIO_InitStructure.GPIO_Mode = GPIO_Mode_IPU;
    5640:	c622                	sw	s0,12(sp)
            GPIO_Init(GPIOD, &GPIO_InitStructure);
    5642:	004c                	addi	a1,sp,4
    5644:	40011537          	lui	a0,0x40011
    5648:	40050513          	addi	a0,a0,1024 # 40011400 <_eusrstack+0x20009400>
    564c:	34ed                	jal	5136 <GPIO_Init>
            GPIO_InitStructure.GPIO_Pin = GPIO_Pin_1|GPIO_Pin_2\
    564e:	07e00793          	li	a5,126
    5652:	00f11223          	sh	a5,4(sp)
            GPIO_InitStructure.GPIO_Mode = GPIO_Mode_IPU;
    5656:	c622                	sw	s0,12(sp)
            GPIO_Init(GPIOE, &GPIO_InitStructure);
    5658:	004c                	addi	a1,sp,4
    565a:	40012537          	lui	a0,0x40012
    565e:	80050513          	addi	a0,a0,-2048 # 40011800 <_eusrstack+0x20009800>
    5662:	3cd1                	jal	5136 <GPIO_Init>
            break;
    5664:	b749                	j	55e6 <GPIO_IPD_Unused+0x200>

00005666 <RCC_DeInit>:
 *          HSE can not be stopped if it is used directly or through the PLL as system clock.
 * @return  none
 */
void RCC_DeInit(void)
{
    RCC->CTLR |= (uint32_t)0x00000001;
    5666:	400217b7          	lui	a5,0x40021
    566a:	4398                	lw	a4,0(a5)
    566c:	00176713          	ori	a4,a4,1
    5670:	c398                	sw	a4,0(a5)

#ifdef CH32V30x_D8C
    RCC->CFGR0 &= (uint32_t)0xF8FF0000;
    5672:	43d8                	lw	a4,4(a5)
    5674:	f8ff06b7          	lui	a3,0xf8ff0
    5678:	8f75                	and	a4,a4,a3
    567a:	c3d8                	sw	a4,4(a5)
#else
    RCC->CFGR0 &= (uint32_t)0xF0FF0000;
#endif

    RCC->CTLR &= (uint32_t)0xFEF6FFFF;
    567c:	4398                	lw	a4,0(a5)
    567e:	fef706b7          	lui	a3,0xfef70
    5682:	16fd                	addi	a3,a3,-1 # fef6ffff <ERR_SECTION_BASE+0xfef70fff>
    5684:	8f75                	and	a4,a4,a3
    5686:	c398                	sw	a4,0(a5)
    RCC->CTLR &= (uint32_t)0xFFFBFFFF;
    5688:	4398                	lw	a4,0(a5)
    568a:	fffc06b7          	lui	a3,0xfffc0
    568e:	16fd                	addi	a3,a3,-1 # fffbffff <ERR_SECTION_BASE+0xfffc0fff>
    5690:	8f75                	and	a4,a4,a3
    5692:	c398                	sw	a4,0(a5)
    RCC->CFGR0 &= (uint32_t)0xFF80FFFF;
    5694:	43d8                	lw	a4,4(a5)
    5696:	ff8106b7          	lui	a3,0xff810
    569a:	16fd                	addi	a3,a3,-1 # ff80ffff <ERR_SECTION_BASE+0xff810fff>
    569c:	8f75                	and	a4,a4,a3
    569e:	c3d8                	sw	a4,4(a5)

#ifdef CH32V30x_D8C
    RCC->CTLR &= (uint32_t)0xEBFFFFFF;
    56a0:	4398                	lw	a4,0(a5)
    56a2:	ec0006b7          	lui	a3,0xec000
    56a6:	16fd                	addi	a3,a3,-1 # ebffffff <ERR_SECTION_BASE+0xec000fff>
    56a8:	8f75                	and	a4,a4,a3
    56aa:	c398                	sw	a4,0(a5)
    RCC->INTR = 0x00FF0000;
    56ac:	00ff0737          	lui	a4,0xff0
    56b0:	c798                	sw	a4,8(a5)
    RCC->CFGR2 = 0x00000000;
    56b2:	0207a623          	sw	zero,44(a5) # 4002102c <_eusrstack+0x2001902c>
#else
    RCC->INTR = 0x009F0000;
#endif
}
    56b6:	8082                	ret

000056b8 <RCC_HSEConfig>:
 *            HSE can not be stopped if it is used directly or through the PLL as system clock.
 * @return  none
 */
void RCC_HSEConfig(uint32_t RCC_HSE)
{
    RCC->CTLR &= CTLR_HSEON_Reset;
    56b8:	400217b7          	lui	a5,0x40021
    56bc:	4398                	lw	a4,0(a5)
    56be:	76c1                	lui	a3,0xffff0
    56c0:	16fd                	addi	a3,a3,-1 # fffeffff <ERR_SECTION_BASE+0xffff0fff>
    56c2:	8f75                	and	a4,a4,a3
    56c4:	c398                	sw	a4,0(a5)
    RCC->CTLR &= CTLR_HSEBYP_Reset;
    56c6:	4398                	lw	a4,0(a5)
    56c8:	fffc06b7          	lui	a3,0xfffc0
    56cc:	16fd                	addi	a3,a3,-1 # fffbffff <ERR_SECTION_BASE+0xfffc0fff>
    56ce:	8f75                	and	a4,a4,a3
    56d0:	c398                	sw	a4,0(a5)

    switch(RCC_HSE)
    56d2:	67c1                	lui	a5,0x10
    56d4:	00f50763          	beq	a0,a5,56e2 <RCC_HSEConfig+0x2a>
    56d8:	000407b7          	lui	a5,0x40
    56dc:	00f50a63          	beq	a0,a5,56f0 <RCC_HSEConfig+0x38>
    56e0:	8082                	ret
    {
        case RCC_HSE_ON:
            RCC->CTLR |= CTLR_HSEON_Set;
    56e2:	40021737          	lui	a4,0x40021
    56e6:	431c                	lw	a5,0(a4)
    56e8:	66c1                	lui	a3,0x10
    56ea:	8fd5                	or	a5,a5,a3
    56ec:	c31c                	sw	a5,0(a4)
            break;
    56ee:	8082                	ret

        case RCC_HSE_Bypass:
            RCC->CTLR |= CTLR_HSEBYP_Set | CTLR_HSEON_Set;
    56f0:	40021737          	lui	a4,0x40021
    56f4:	431c                	lw	a5,0(a4)
    56f6:	000506b7          	lui	a3,0x50
    56fa:	8fd5                	or	a5,a5,a3
    56fc:	c31c                	sw	a5,0(a4)
            break;

        default:
            break;
    }
}
    56fe:	8082                	ret

00005700 <RCC_AdjustHSICalibrationValue>:
 */
void RCC_AdjustHSICalibrationValue(uint8_t HSICalibrationValue)
{
    uint32_t tmpreg = 0;

    tmpreg = RCC->CTLR;
    5700:	40021737          	lui	a4,0x40021
    5704:	431c                	lw	a5,0(a4)
    tmpreg &= CTLR_HSITRIM_Mask;
    5706:	f077f793          	andi	a5,a5,-249
    tmpreg |= (uint32_t)HSICalibrationValue << 3;
    570a:	050e                	slli	a0,a0,0x3
    570c:	8d5d                	or	a0,a0,a5
    RCC->CTLR = tmpreg;
    570e:	c308                	sw	a0,0(a4)
}
    5710:	8082                	ret

00005712 <RCC_HSICmd>:
 *
 * @return  none
 */
void RCC_HSICmd(FunctionalState NewState)
{
    if(NewState)
    5712:	c901                	beqz	a0,5722 <RCC_HSICmd+0x10>
    {
        RCC->CTLR |= (1 << 0);
    5714:	40021737          	lui	a4,0x40021
    5718:	431c                	lw	a5,0(a4)
    571a:	0017e793          	ori	a5,a5,1
    571e:	c31c                	sw	a5,0(a4)
    5720:	8082                	ret
    }
    else
    {
        RCC->CTLR &= ~(1 << 0);
    5722:	40021737          	lui	a4,0x40021
    5726:	431c                	lw	a5,0(a4)
    5728:	9bf9                	andi	a5,a5,-2
    572a:	c31c                	sw	a5,0(a4)
    }
}
    572c:	8082                	ret

0000572e <RCC_PLLConfig>:
 */
void RCC_PLLConfig(uint32_t RCC_PLLSource, uint32_t RCC_PLLMul)
{
    uint32_t tmpreg = 0;

    tmpreg = RCC->CFGR0;
    572e:	400217b7          	lui	a5,0x40021
    5732:	43dc                	lw	a5,4(a5)

    if(((*(uint32_t *)0x1FFFF70C) & (1 << 14)) != (1 << 14))
    5734:	1ffff737          	lui	a4,0x1ffff
    5738:	70c72703          	lw	a4,1804(a4) # 1ffff70c <_data_lma+0x1fff6634>
    573c:	6691                	lui	a3,0x4
    573e:	8f75                	and	a4,a4,a3
    5740:	eb19                	bnez	a4,5756 <RCC_PLLConfig+0x28>
    { /* for other CH32V30x */
        tmpreg &= CFGR0_PLL_Mask;
    5742:	ffc10737          	lui	a4,0xffc10
    5746:	177d                	addi	a4,a4,-1 # ffc0ffff <ERR_SECTION_BASE+0xffc10fff>
    5748:	8ff9                	and	a5,a5,a4
    else
    { /* for CH32V307 */
        tmpreg &= CFGR0_PLL_Mask_1;
    }

    tmpreg |= RCC_PLLSource | RCC_PLLMul;
    574a:	8d4d                	or	a0,a0,a1
    574c:	8d5d                	or	a0,a0,a5
    RCC->CFGR0 = tmpreg;
    574e:	400217b7          	lui	a5,0x40021
    5752:	c3c8                	sw	a0,4(a5)
}
    5754:	8082                	ret
        tmpreg &= CFGR0_PLL_Mask_1;
    5756:	ffc30737          	lui	a4,0xffc30
    575a:	177d                	addi	a4,a4,-1 # ffc2ffff <ERR_SECTION_BASE+0xffc30fff>
    575c:	8ff9                	and	a5,a5,a4
    575e:	b7f5                	j	574a <RCC_PLLConfig+0x1c>

00005760 <RCC_PLLCmd>:
 *
 * @return  none
 */
void RCC_PLLCmd(FunctionalState NewState)
{
    if(NewState)
    5760:	c909                	beqz	a0,5772 <RCC_PLLCmd+0x12>
    {
        RCC->CTLR |= (1 << 24);
    5762:	40021737          	lui	a4,0x40021
    5766:	431c                	lw	a5,0(a4)
    5768:	010006b7          	lui	a3,0x1000
    576c:	8fd5                	or	a5,a5,a3
    576e:	c31c                	sw	a5,0(a4)
    5770:	8082                	ret
    }
    else
    {
        RCC->CTLR &= ~(1 << 24);
    5772:	400216b7          	lui	a3,0x40021
    5776:	429c                	lw	a5,0(a3)
    5778:	ff000737          	lui	a4,0xff000
    577c:	177d                	addi	a4,a4,-1 # feffffff <ERR_SECTION_BASE+0xff000fff>
    577e:	8ff9                	and	a5,a5,a4
    5780:	c29c                	sw	a5,0(a3)
    }
}
    5782:	8082                	ret

00005784 <RCC_SYSCLKConfig>:
 */
void RCC_SYSCLKConfig(uint32_t RCC_SYSCLKSource)
{
    uint32_t tmpreg = 0;

    tmpreg = RCC->CFGR0;
    5784:	40021737          	lui	a4,0x40021
    5788:	435c                	lw	a5,4(a4)
    tmpreg &= CFGR0_SW_Mask;
    578a:	9bf1                	andi	a5,a5,-4
    tmpreg |= RCC_SYSCLKSource;
    578c:	8fc9                	or	a5,a5,a0
    RCC->CFGR0 = tmpreg;
    578e:	c35c                	sw	a5,4(a4)
}
    5790:	8082                	ret

00005792 <RCC_GetSYSCLKSource>:
 *          0x04 - HSE used as system clock.
 *          0x08 - PLL used as system clock.
 */
uint8_t RCC_GetSYSCLKSource(void)
{
    return ((uint8_t)(RCC->CFGR0 & CFGR0_SWS_Mask));
    5792:	400217b7          	lui	a5,0x40021
    5796:	43c8                	lw	a0,4(a5)
}
    5798:	8931                	andi	a0,a0,12
    579a:	8082                	ret

0000579c <RCC_HCLKConfig>:
 */
void RCC_HCLKConfig(uint32_t RCC_SYSCLK)
{
    uint32_t tmpreg = 0;

    tmpreg = RCC->CFGR0;
    579c:	40021737          	lui	a4,0x40021
    57a0:	435c                	lw	a5,4(a4)
    tmpreg &= CFGR0_HPRE_Reset_Mask;
    57a2:	f0f7f793          	andi	a5,a5,-241
    tmpreg |= RCC_SYSCLK;
    57a6:	8fc9                	or	a5,a5,a0
    RCC->CFGR0 = tmpreg;
    57a8:	c35c                	sw	a5,4(a4)
}
    57aa:	8082                	ret

000057ac <RCC_PCLK1Config>:
 */
void RCC_PCLK1Config(uint32_t RCC_HCLK)
{
    uint32_t tmpreg = 0;

    tmpreg = RCC->CFGR0;
    57ac:	40021737          	lui	a4,0x40021
    57b0:	435c                	lw	a5,4(a4)
    tmpreg &= CFGR0_PPRE1_Reset_Mask;
    57b2:	8ff7f793          	andi	a5,a5,-1793
    tmpreg |= RCC_HCLK;
    57b6:	8fc9                	or	a5,a5,a0
    RCC->CFGR0 = tmpreg;
    57b8:	c35c                	sw	a5,4(a4)
}
    57ba:	8082                	ret

000057bc <RCC_PCLK2Config>:
 */
void RCC_PCLK2Config(uint32_t RCC_HCLK)
{
    uint32_t tmpreg = 0;

    tmpreg = RCC->CFGR0;
    57bc:	400216b7          	lui	a3,0x40021
    57c0:	42dc                	lw	a5,4(a3)
    tmpreg &= CFGR0_PPRE2_Reset_Mask;
    57c2:	7771                	lui	a4,0xffffc
    57c4:	7ff70713          	addi	a4,a4,2047 # ffffc7ff <ERR_SECTION_BASE+0xffffd7ff>
    57c8:	8ff9                	and	a5,a5,a4
    tmpreg |= RCC_HCLK << 3;
    57ca:	050e                	slli	a0,a0,0x3
    57cc:	8d5d                	or	a0,a0,a5
    RCC->CFGR0 = tmpreg;
    57ce:	c2c8                	sw	a0,4(a3)
}
    57d0:	8082                	ret

000057d2 <RCC_ITConfig>:
 *
 * @return  none
 */
void RCC_ITConfig(uint8_t RCC_IT, FunctionalState NewState)
{
    if(NewState != DISABLE)
    57d2:	c989                	beqz	a1,57e4 <RCC_ITConfig+0x12>
    {
        *(__IO uint8_t *)INTR_BYTE2_ADDRESS |= RCC_IT;
    57d4:	40021737          	lui	a4,0x40021
    57d8:	00974783          	lbu	a5,9(a4) # 40021009 <_eusrstack+0x20019009>
    57dc:	8fc9                	or	a5,a5,a0
    57de:	00f704a3          	sb	a5,9(a4)
    57e2:	8082                	ret
    }
    else
    {
        *(__IO uint8_t *)INTR_BYTE2_ADDRESS &= (uint8_t)~RCC_IT;
    57e4:	400217b7          	lui	a5,0x40021
    57e8:	0097c703          	lbu	a4,9(a5) # 40021009 <_eusrstack+0x20019009>
    57ec:	fff54513          	not	a0,a0
    57f0:	8d79                	and	a0,a0,a4
    57f2:	00a784a3          	sb	a0,9(a5)
    }
}
    57f6:	8082                	ret

000057f8 <RCC_ADCCLKConfig>:
 */
void RCC_ADCCLKConfig(uint32_t RCC_PCLK2)
{
    uint32_t tmpreg = 0;

    tmpreg = RCC->CFGR0;
    57f8:	400216b7          	lui	a3,0x40021
    57fc:	42dc                	lw	a5,4(a3)
    tmpreg &= CFGR0_ADCPRE_Reset_Mask;
    57fe:	7751                	lui	a4,0xffff4
    5800:	177d                	addi	a4,a4,-1 # ffff3fff <ERR_SECTION_BASE+0xffff4fff>
    5802:	8ff9                	and	a5,a5,a4
    tmpreg |= RCC_PCLK2;
    5804:	8fc9                	or	a5,a5,a0
    RCC->CFGR0 = tmpreg;
    5806:	c2dc                	sw	a5,4(a3)
}
    5808:	8082                	ret

0000580a <RCC_LSEConfig>:
 *
 * @return  none
 */
void RCC_LSEConfig(uint8_t RCC_LSE)
{
    *(__IO uint8_t *)BDCTLR_ADDRESS = RCC_LSE_OFF;
    580a:	400217b7          	lui	a5,0x40021
    580e:	02078023          	sb	zero,32(a5) # 40021020 <_eusrstack+0x20019020>
    *(__IO uint8_t *)BDCTLR_ADDRESS = RCC_LSE_OFF;
    5812:	02078023          	sb	zero,32(a5)

    switch(RCC_LSE)
    5816:	4785                	li	a5,1
    5818:	00f50663          	beq	a0,a5,5824 <RCC_LSEConfig+0x1a>
    581c:	4791                	li	a5,4
    581e:	00f50963          	beq	a0,a5,5830 <RCC_LSEConfig+0x26>
    5822:	8082                	ret
    {
        case RCC_LSE_ON:
            *(__IO uint8_t *)BDCTLR_ADDRESS = RCC_LSE_ON;
    5824:	400217b7          	lui	a5,0x40021
    5828:	4705                	li	a4,1
    582a:	02e78023          	sb	a4,32(a5) # 40021020 <_eusrstack+0x20019020>
            break;
    582e:	8082                	ret

        case RCC_LSE_Bypass:
            *(__IO uint8_t *)BDCTLR_ADDRESS = RCC_LSE_Bypass | RCC_LSE_ON;
    5830:	400217b7          	lui	a5,0x40021
    5834:	4715                	li	a4,5
    5836:	02e78023          	sb	a4,32(a5) # 40021020 <_eusrstack+0x20019020>
            break;

        default:
            break;
    }
}
    583a:	8082                	ret

0000583c <RCC_LSICmd>:
 *
 * @return  none
 */
void RCC_LSICmd(FunctionalState NewState)
{
    if(NewState)
    583c:	c901                	beqz	a0,584c <RCC_LSICmd+0x10>
    {
        RCC->RSTSCKR |= (1 << 0);
    583e:	40021737          	lui	a4,0x40021
    5842:	535c                	lw	a5,36(a4)
    5844:	0017e793          	ori	a5,a5,1
    5848:	d35c                	sw	a5,36(a4)
    584a:	8082                	ret
    }
    else
    {
        RCC->RSTSCKR &= ~(1 << 0);
    584c:	40021737          	lui	a4,0x40021
    5850:	535c                	lw	a5,36(a4)
    5852:	9bf9                	andi	a5,a5,-2
    5854:	d35c                	sw	a5,36(a4)
    }
}
    5856:	8082                	ret

00005858 <RCC_RTCCLKConfig>:
 *           Once the RTC clock is selected it can't be changed unless the Backup domain is reset.
 * @return  none
 */
void RCC_RTCCLKConfig(uint32_t RCC_RTCCLKSource)
{
    RCC->BDCTLR |= RCC_RTCCLKSource;
    5858:	40021737          	lui	a4,0x40021
    585c:	531c                	lw	a5,32(a4)
    585e:	8fc9                	or	a5,a5,a0
    5860:	d31c                	sw	a5,32(a4)
}
    5862:	8082                	ret

00005864 <RCC_RTCCLKCmd>:
 *
 * @return  none
 */
void RCC_RTCCLKCmd(FunctionalState NewState)
{
    if(NewState)
    5864:	c901                	beqz	a0,5874 <RCC_RTCCLKCmd+0x10>
    {
        RCC->BDCTLR |= (1 << 15);
    5866:	40021737          	lui	a4,0x40021
    586a:	531c                	lw	a5,32(a4)
    586c:	66a1                	lui	a3,0x8
    586e:	8fd5                	or	a5,a5,a3
    5870:	d31c                	sw	a5,32(a4)
    5872:	8082                	ret
    }
    else
    {
        RCC->BDCTLR &= ~(1 << 15);
    5874:	400216b7          	lui	a3,0x40021
    5878:	529c                	lw	a5,32(a3)
    587a:	7761                	lui	a4,0xffff8
    587c:	177d                	addi	a4,a4,-1 # ffff7fff <ERR_SECTION_BASE+0xffff8fff>
    587e:	8ff9                	and	a5,a5,a4
    5880:	d29c                	sw	a5,32(a3)
    }
}
    5882:	8082                	ret

00005884 <RCC_GetClocksFreq>:
#ifdef CH32V30x_D8C
    uint8_t Pll2mull = 0;

#endif

    tmp = RCC->CFGR0 & CFGR0_SWS_Mask;
    5884:	400217b7          	lui	a5,0x40021
    5888:	43dc                	lw	a5,4(a5)
    588a:	8bb1                	andi	a5,a5,12

    switch(tmp)
    588c:	4711                	li	a4,4
    588e:	08e78163          	beq	a5,a4,5910 <RCC_GetClocksFreq+0x8c>
    5892:	4721                	li	a4,8
    5894:	08e78463          	beq	a5,a4,591c <RCC_GetClocksFreq+0x98>
    5898:	c799                	beqz	a5,58a6 <RCC_GetClocksFreq+0x22>
                RCC_Clocks->SYSCLK_Frequency = (RCC_Clocks->SYSCLK_Frequency / 2);

            break;

        default:
            RCC_Clocks->SYSCLK_Frequency = HSI_VALUE;
    589a:	007a17b7          	lui	a5,0x7a1
    589e:	20078793          	addi	a5,a5,512 # 7a1200 <_data_lma+0x798128>
    58a2:	c11c                	sw	a5,0(a0)
            break;
    58a4:	a031                	j	58b0 <RCC_GetClocksFreq+0x2c>
            RCC_Clocks->SYSCLK_Frequency = HSI_VALUE;
    58a6:	007a17b7          	lui	a5,0x7a1
    58aa:	20078793          	addi	a5,a5,512 # 7a1200 <_data_lma+0x798128>
    58ae:	c11c                	sw	a5,0(a0)
    }

    tmp = RCC->CFGR0 & CFGR0_HPRE_Set_Mask;
    58b0:	40021637          	lui	a2,0x40021
    58b4:	425c                	lw	a5,4(a2)
    tmp = tmp >> 4;
    58b6:	8391                	srli	a5,a5,0x4
    58b8:	8bbd                	andi	a5,a5,15
    presc = APBAHBPrescTable[tmp];
    58ba:	1fffa697          	auipc	a3,0x1fffa
    58be:	75668693          	addi	a3,a3,1878 # 20000010 <APBAHBPrescTable>
    58c2:	97b6                	add	a5,a5,a3
    58c4:	0007c703          	lbu	a4,0(a5)
    RCC_Clocks->HCLK_Frequency = RCC_Clocks->SYSCLK_Frequency >> presc;
    58c8:	411c                	lw	a5,0(a0)
    58ca:	00e7d7b3          	srl	a5,a5,a4
    58ce:	c15c                	sw	a5,4(a0)
    tmp = RCC->CFGR0 & CFGR0_PPRE1_Set_Mask;
    58d0:	4258                	lw	a4,4(a2)
    tmp = tmp >> 8;
    58d2:	8321                	srli	a4,a4,0x8
    58d4:	8b1d                	andi	a4,a4,7
    presc = APBAHBPrescTable[tmp];
    58d6:	9736                	add	a4,a4,a3
    58d8:	00074703          	lbu	a4,0(a4)
    RCC_Clocks->PCLK1_Frequency = RCC_Clocks->HCLK_Frequency >> presc;
    58dc:	00e7d733          	srl	a4,a5,a4
    58e0:	c518                	sw	a4,8(a0)
    tmp = RCC->CFGR0 & CFGR0_PPRE2_Set_Mask;
    58e2:	4258                	lw	a4,4(a2)
    tmp = tmp >> 11;
    58e4:	832d                	srli	a4,a4,0xb
    58e6:	8b1d                	andi	a4,a4,7
    presc = APBAHBPrescTable[tmp];
    58e8:	96ba                	add	a3,a3,a4
    58ea:	0006c703          	lbu	a4,0(a3)
    RCC_Clocks->PCLK2_Frequency = RCC_Clocks->HCLK_Frequency >> presc;
    58ee:	00e7d7b3          	srl	a5,a5,a4
    58f2:	c55c                	sw	a5,12(a0)
    tmp = RCC->CFGR0 & CFGR0_ADCPRE_Set_Mask;
    58f4:	4258                	lw	a4,4(a2)
    tmp = tmp >> 14;
    58f6:	8339                	srli	a4,a4,0xe
    58f8:	8b0d                	andi	a4,a4,3
    presc = ADCPrescTable[tmp];
    58fa:	80818693          	addi	a3,gp,-2040 # 20000088 <ADCPrescTable>
    58fe:	9736                	add	a4,a4,a3
    5900:	00074703          	lbu	a4,0(a4)
    5904:	0ff77713          	zext.b	a4,a4
    RCC_Clocks->ADCCLK_Frequency = RCC_Clocks->PCLK2_Frequency / presc;
    5908:	02e7d7b3          	divu	a5,a5,a4
    590c:	c91c                	sw	a5,16(a0)
}
    590e:	8082                	ret
            RCC_Clocks->SYSCLK_Frequency = HSE_VALUE;
    5910:	007a17b7          	lui	a5,0x7a1
    5914:	20078793          	addi	a5,a5,512 # 7a1200 <_data_lma+0x798128>
    5918:	c11c                	sw	a5,0(a0)
            break;
    591a:	bf59                	j	58b0 <RCC_GetClocksFreq+0x2c>
            pllmull = RCC->CFGR0 & CFGR0_PLLMull_Mask;
    591c:	40021737          	lui	a4,0x40021
    5920:	435c                	lw	a5,4(a4)
            pllsource = RCC->CFGR0 & CFGR0_PLLSRC_Mask;
    5922:	4358                	lw	a4,4(a4)
    5924:	66c1                	lui	a3,0x10
    5926:	8f75                	and	a4,a4,a3
            pllmull = (pllmull >> 18) + 2;
    5928:	83c9                	srli	a5,a5,0x12
    592a:	8bbd                	andi	a5,a5,15
    592c:	0789                	addi	a5,a5,2
            if(((*(uint32_t *)0x1FFFF70C) & (1 << 14)) != (1 << 14))
    592e:	1ffff6b7          	lui	a3,0x1ffff
    5932:	70c6a683          	lw	a3,1804(a3) # 1ffff70c <_data_lma+0x1fff6634>
    5936:	6611                	lui	a2,0x4
    5938:	8ef1                	and	a3,a3,a2
    593a:	e685                	bnez	a3,5962 <RCC_GetClocksFreq+0xde>
                if(pllmull == 17)
    593c:	46c5                	li	a3,17
    593e:	04d78663          	beq	a5,a3,598a <RCC_GetClocksFreq+0x106>
    uint8_t Pll_6_5 = 0;
    5942:	4681                	li	a3,0
            if(pllsource == 0x00)
    5944:	e32d                	bnez	a4,59a6 <RCC_GetClocksFreq+0x122>
                if(EXTEN->EXTEN_CTR & EXTEN_PLL_HSI_PRE)
    5946:	40024737          	lui	a4,0x40024
    594a:	80072703          	lw	a4,-2048(a4) # 40023800 <_eusrstack+0x2001b800>
    594e:	8b41                	andi	a4,a4,16
    5950:	c339                	beqz	a4,5996 <RCC_GetClocksFreq+0x112>
                    RCC_Clocks->SYSCLK_Frequency = (HSI_VALUE)*pllmull;
    5952:	007a1737          	lui	a4,0x7a1
    5956:	20070713          	addi	a4,a4,512 # 7a1200 <_data_lma+0x798128>
    595a:	02e787b3          	mul	a5,a5,a4
    595e:	c11c                	sw	a5,0(a0)
    5960:	a861                	j	59f8 <RCC_GetClocksFreq+0x174>
                if(pllmull == 2)
    5962:	4689                	li	a3,2
    5964:	00d78e63          	beq	a5,a3,5980 <RCC_GetClocksFreq+0xfc>
                if(pllmull == 15)
    5968:	46bd                	li	a3,15
    596a:	00d78d63          	beq	a5,a3,5984 <RCC_GetClocksFreq+0x100>
                if(pllmull == 16)
    596e:	46c1                	li	a3,16
    5970:	02d78063          	beq	a5,a3,5990 <RCC_GetClocksFreq+0x10c>
    5974:	4681                	li	a3,0
                if(pllmull == 17)
    5976:	4645                	li	a2,17
    5978:	fcc796e3          	bne	a5,a2,5944 <RCC_GetClocksFreq+0xc0>
                    pllmull = 16;
    597c:	47c1                	li	a5,16
    597e:	b7d9                	j	5944 <RCC_GetClocksFreq+0xc0>
                    pllmull = 18;
    5980:	47c9                	li	a5,18
    5982:	b7f5                	j	596e <RCC_GetClocksFreq+0xea>
                    Pll_6_5 = 1;
    5984:	4685                	li	a3,1
                    pllmull = 13; /* *6.5 */
    5986:	47b5                	li	a5,13
    5988:	b7fd                	j	5976 <RCC_GetClocksFreq+0xf2>
    uint8_t Pll_6_5 = 0;
    598a:	4681                	li	a3,0
                    pllmull = 18;
    598c:	47c9                	li	a5,18
    598e:	bf5d                	j	5944 <RCC_GetClocksFreq+0xc0>
    5990:	4681                	li	a3,0
                    pllmull = 15;
    5992:	47bd                	li	a5,15
    5994:	bf45                	j	5944 <RCC_GetClocksFreq+0xc0>
                    RCC_Clocks->SYSCLK_Frequency = (HSI_VALUE >> 1) * pllmull;
    5996:	003d1737          	lui	a4,0x3d1
    599a:	90070713          	addi	a4,a4,-1792 # 3d0900 <_data_lma+0x3c7828>
    599e:	02e787b3          	mul	a5,a5,a4
    59a2:	c11c                	sw	a5,0(a0)
    59a4:	a891                	j	59f8 <RCC_GetClocksFreq+0x174>
                if(RCC->CFGR2 & (1<<16)){ /* PLL2 */
    59a6:	40021737          	lui	a4,0x40021
    59aa:	5758                	lw	a4,44(a4)
    59ac:	6641                	lui	a2,0x10
    59ae:	8f71                	and	a4,a4,a2
    59b0:	c359                	beqz	a4,5a36 <RCC_GetClocksFreq+0x1b2>
                    RCC_Clocks->SYSCLK_Frequency = HSE_VALUE/(((RCC->CFGR2 & 0xF0)>>4) + 1);  /* PREDIV2 */
    59b2:	400215b7          	lui	a1,0x40021
    59b6:	55d0                	lw	a2,44(a1)
    59b8:	8211                	srli	a2,a2,0x4
    59ba:	8a3d                	andi	a2,a2,15
    59bc:	0605                	addi	a2,a2,1 # 10001 <_data_lma+0x6f29>
    59be:	007a1737          	lui	a4,0x7a1
    59c2:	20070713          	addi	a4,a4,512 # 7a1200 <_data_lma+0x798128>
    59c6:	02c75733          	divu	a4,a4,a2
    59ca:	c118                	sw	a4,0(a0)
                    Pll2mull = (uint8_t)((RCC->CFGR2 & 0xF00)>>8);
    59cc:	55d0                	lw	a2,44(a1)
    59ce:	8221                	srli	a2,a2,0x8
    59d0:	8a3d                	andi	a2,a2,15
                    if(Pll2mull == 0) RCC_Clocks->SYSCLK_Frequency = (RCC_Clocks->SYSCLK_Frequency * 5)>>1;
    59d2:	ea0d                	bnez	a2,5a04 <RCC_GetClocksFreq+0x180>
    59d4:	00271613          	slli	a2,a4,0x2
    59d8:	9732                	add	a4,a4,a2
    59da:	8305                	srli	a4,a4,0x1
    59dc:	c118                	sw	a4,0(a0)
                    RCC_Clocks->SYSCLK_Frequency = RCC_Clocks->SYSCLK_Frequency/((RCC->CFGR2 & 0xF) + 1);  /* PREDIV1 */
    59de:	4110                	lw	a2,0(a0)
    59e0:	40021737          	lui	a4,0x40021
    59e4:	5758                	lw	a4,44(a4)
    59e6:	8b3d                	andi	a4,a4,15
    59e8:	0705                	addi	a4,a4,1 # 40021001 <_eusrstack+0x20019001>
    59ea:	02e65733          	divu	a4,a2,a4
    59ee:	c118                	sw	a4,0(a0)
                RCC_Clocks->SYSCLK_Frequency = RCC_Clocks->SYSCLK_Frequency * pllmull;
    59f0:	4118                	lw	a4,0(a0)
    59f2:	02f707b3          	mul	a5,a4,a5
    59f6:	c11c                	sw	a5,0(a0)
            if(Pll_6_5 == 1)
    59f8:	ea068ce3          	beqz	a3,58b0 <RCC_GetClocksFreq+0x2c>
                RCC_Clocks->SYSCLK_Frequency = (RCC_Clocks->SYSCLK_Frequency / 2);
    59fc:	411c                	lw	a5,0(a0)
    59fe:	8385                	srli	a5,a5,0x1
    5a00:	c11c                	sw	a5,0(a0)
    5a02:	b57d                	j	58b0 <RCC_GetClocksFreq+0x2c>
                    else if(Pll2mull == 1) RCC_Clocks->SYSCLK_Frequency = (RCC_Clocks->SYSCLK_Frequency * 25)>>1;
    5a04:	4585                	li	a1,1
    5a06:	00b60a63          	beq	a2,a1,5a1a <RCC_GetClocksFreq+0x196>
                    else if(Pll2mull == 15) RCC_Clocks->SYSCLK_Frequency = RCC_Clocks->SYSCLK_Frequency * 20;
    5a0a:	45bd                	li	a1,15
    5a0c:	00b60f63          	beq	a2,a1,5a2a <RCC_GetClocksFreq+0x1a6>
                    else  RCC_Clocks->SYSCLK_Frequency = RCC_Clocks->SYSCLK_Frequency * (Pll2mull + 2);
    5a10:	0609                	addi	a2,a2,2
    5a12:	02c70733          	mul	a4,a4,a2
    5a16:	c118                	sw	a4,0(a0)
    5a18:	b7d9                	j	59de <RCC_GetClocksFreq+0x15a>
                    else if(Pll2mull == 1) RCC_Clocks->SYSCLK_Frequency = (RCC_Clocks->SYSCLK_Frequency * 25)>>1;
    5a1a:	00171613          	slli	a2,a4,0x1
    5a1e:	963a                	add	a2,a2,a4
    5a20:	060e                	slli	a2,a2,0x3
    5a22:	9732                	add	a4,a4,a2
    5a24:	8305                	srli	a4,a4,0x1
    5a26:	c118                	sw	a4,0(a0)
    5a28:	bf5d                	j	59de <RCC_GetClocksFreq+0x15a>
                    else if(Pll2mull == 15) RCC_Clocks->SYSCLK_Frequency = RCC_Clocks->SYSCLK_Frequency * 20;
    5a2a:	00271613          	slli	a2,a4,0x2
    5a2e:	9732                	add	a4,a4,a2
    5a30:	070a                	slli	a4,a4,0x2
    5a32:	c118                	sw	a4,0(a0)
    5a34:	b76d                	j	59de <RCC_GetClocksFreq+0x15a>
                    RCC_Clocks->SYSCLK_Frequency = HSE_VALUE/((RCC->CFGR2 & 0xF) + 1);  /* PREDIV1 */
    5a36:	40021737          	lui	a4,0x40021
    5a3a:	5750                	lw	a2,44(a4)
    5a3c:	8a3d                	andi	a2,a2,15
    5a3e:	0605                	addi	a2,a2,1
    5a40:	007a1737          	lui	a4,0x7a1
    5a44:	20070713          	addi	a4,a4,512 # 7a1200 <_data_lma+0x798128>
    5a48:	02c75733          	divu	a4,a4,a2
    5a4c:	c118                	sw	a4,0(a0)
    5a4e:	b74d                	j	59f0 <RCC_GetClocksFreq+0x16c>

00005a50 <RCC_AHBPeriphClockCmd>:
 *
 * @return  none
 */
void RCC_AHBPeriphClockCmd(uint32_t RCC_AHBPeriph, FunctionalState NewState)
{
    if(NewState != DISABLE)
    5a50:	c599                	beqz	a1,5a5e <RCC_AHBPeriphClockCmd+0xe>
    {
        RCC->AHBPCENR |= RCC_AHBPeriph;
    5a52:	40021737          	lui	a4,0x40021
    5a56:	4b5c                	lw	a5,20(a4)
    5a58:	8fc9                	or	a5,a5,a0
    5a5a:	cb5c                	sw	a5,20(a4)
    5a5c:	8082                	ret
    }
    else
    {
        RCC->AHBPCENR &= ~RCC_AHBPeriph;
    5a5e:	40021737          	lui	a4,0x40021
    5a62:	4b5c                	lw	a5,20(a4)
    5a64:	fff54513          	not	a0,a0
    5a68:	8fe9                	and	a5,a5,a0
    5a6a:	cb5c                	sw	a5,20(a4)
    }
}
    5a6c:	8082                	ret

00005a6e <RCC_APB2PeriphClockCmd>:
 *
 * @return  none
 */
void RCC_APB2PeriphClockCmd(uint32_t RCC_APB2Periph, FunctionalState NewState)
{
    if(NewState != DISABLE)
    5a6e:	c599                	beqz	a1,5a7c <RCC_APB2PeriphClockCmd+0xe>
    {
        RCC->APB2PCENR |= RCC_APB2Periph;
    5a70:	40021737          	lui	a4,0x40021
    5a74:	4f1c                	lw	a5,24(a4)
    5a76:	8fc9                	or	a5,a5,a0
    5a78:	cf1c                	sw	a5,24(a4)
    5a7a:	8082                	ret
    }
    else
    {
        RCC->APB2PCENR &= ~RCC_APB2Periph;
    5a7c:	40021737          	lui	a4,0x40021
    5a80:	4f1c                	lw	a5,24(a4)
    5a82:	fff54513          	not	a0,a0
    5a86:	8fe9                	and	a5,a5,a0
    5a88:	cf1c                	sw	a5,24(a4)
    }
}
    5a8a:	8082                	ret

00005a8c <RCC_APB1PeriphClockCmd>:
 *
 * @return  none
 */
void RCC_APB1PeriphClockCmd(uint32_t RCC_APB1Periph, FunctionalState NewState)
{
    if(NewState != DISABLE)
    5a8c:	c599                	beqz	a1,5a9a <RCC_APB1PeriphClockCmd+0xe>
    {
        RCC->APB1PCENR |= RCC_APB1Periph;
    5a8e:	40021737          	lui	a4,0x40021
    5a92:	4f5c                	lw	a5,28(a4)
    5a94:	8fc9                	or	a5,a5,a0
    5a96:	cf5c                	sw	a5,28(a4)
    5a98:	8082                	ret
    }
    else
    {
        RCC->APB1PCENR &= ~RCC_APB1Periph;
    5a9a:	40021737          	lui	a4,0x40021
    5a9e:	4f5c                	lw	a5,28(a4)
    5aa0:	fff54513          	not	a0,a0
    5aa4:	8fe9                	and	a5,a5,a0
    5aa6:	cf5c                	sw	a5,28(a4)
    }
}
    5aa8:	8082                	ret

00005aaa <RCC_APB2PeriphResetCmd>:
 *
 * @return  none
 */
void RCC_APB2PeriphResetCmd(uint32_t RCC_APB2Periph, FunctionalState NewState)
{
    if(NewState != DISABLE)
    5aaa:	c599                	beqz	a1,5ab8 <RCC_APB2PeriphResetCmd+0xe>
    {
        RCC->APB2PRSTR |= RCC_APB2Periph;
    5aac:	40021737          	lui	a4,0x40021
    5ab0:	475c                	lw	a5,12(a4)
    5ab2:	8fc9                	or	a5,a5,a0
    5ab4:	c75c                	sw	a5,12(a4)
    5ab6:	8082                	ret
    }
    else
    {
        RCC->APB2PRSTR &= ~RCC_APB2Periph;
    5ab8:	40021737          	lui	a4,0x40021
    5abc:	475c                	lw	a5,12(a4)
    5abe:	fff54513          	not	a0,a0
    5ac2:	8fe9                	and	a5,a5,a0
    5ac4:	c75c                	sw	a5,12(a4)
    }
}
    5ac6:	8082                	ret

00005ac8 <RCC_APB1PeriphResetCmd>:
 *
 * @return  none
 */
void RCC_APB1PeriphResetCmd(uint32_t RCC_APB1Periph, FunctionalState NewState)
{
    if(NewState != DISABLE)
    5ac8:	c599                	beqz	a1,5ad6 <RCC_APB1PeriphResetCmd+0xe>
    {
        RCC->APB1PRSTR |= RCC_APB1Periph;
    5aca:	40021737          	lui	a4,0x40021
    5ace:	4b1c                	lw	a5,16(a4)
    5ad0:	8fc9                	or	a5,a5,a0
    5ad2:	cb1c                	sw	a5,16(a4)
    5ad4:	8082                	ret
    }
    else
    {
        RCC->APB1PRSTR &= ~RCC_APB1Periph;
    5ad6:	40021737          	lui	a4,0x40021
    5ada:	4b1c                	lw	a5,16(a4)
    5adc:	fff54513          	not	a0,a0
    5ae0:	8fe9                	and	a5,a5,a0
    5ae2:	cb1c                	sw	a5,16(a4)
    }
}
    5ae4:	8082                	ret

00005ae6 <RCC_BackupResetCmd>:
 *
 * @return  none
 */
void RCC_BackupResetCmd(FunctionalState NewState)
{
    if(NewState)
    5ae6:	c901                	beqz	a0,5af6 <RCC_BackupResetCmd+0x10>
    {
        RCC->BDCTLR |= (1 << 16);
    5ae8:	40021737          	lui	a4,0x40021
    5aec:	531c                	lw	a5,32(a4)
    5aee:	66c1                	lui	a3,0x10
    5af0:	8fd5                	or	a5,a5,a3
    5af2:	d31c                	sw	a5,32(a4)
    5af4:	8082                	ret
    }
    else
    {
        RCC->BDCTLR &= ~(1 << 16);
    5af6:	400216b7          	lui	a3,0x40021
    5afa:	529c                	lw	a5,32(a3)
    5afc:	7741                	lui	a4,0xffff0
    5afe:	177d                	addi	a4,a4,-1 # fffeffff <ERR_SECTION_BASE+0xffff0fff>
    5b00:	8ff9                	and	a5,a5,a4
    5b02:	d29c                	sw	a5,32(a3)
    }
}
    5b04:	8082                	ret

00005b06 <RCC_ClockSecuritySystemCmd>:
 *
 * @return  none
 */
void RCC_ClockSecuritySystemCmd(FunctionalState NewState)
{
    if(NewState)
    5b06:	c909                	beqz	a0,5b18 <RCC_ClockSecuritySystemCmd+0x12>
    {
        RCC->CTLR |= (1 << 19);
    5b08:	40021737          	lui	a4,0x40021
    5b0c:	431c                	lw	a5,0(a4)
    5b0e:	000806b7          	lui	a3,0x80
    5b12:	8fd5                	or	a5,a5,a3
    5b14:	c31c                	sw	a5,0(a4)
    5b16:	8082                	ret
    }
    else
    {
        RCC->CTLR &= ~(1 << 19);
    5b18:	400216b7          	lui	a3,0x40021
    5b1c:	429c                	lw	a5,0(a3)
    5b1e:	fff80737          	lui	a4,0xfff80
    5b22:	177d                	addi	a4,a4,-1 # fff7ffff <ERR_SECTION_BASE+0xfff80fff>
    5b24:	8ff9                	and	a5,a5,a4
    5b26:	c29c                	sw	a5,0(a3)
    }
}
    5b28:	8082                	ret

00005b2a <RCC_MCOConfig>:
 *
 * @return  none
 */
void RCC_MCOConfig(uint8_t RCC_MCO)
{
    *(__IO uint8_t *)CFGR0_BYTE4_ADDRESS = RCC_MCO;
    5b2a:	400217b7          	lui	a5,0x40021
    5b2e:	00a783a3          	sb	a0,7(a5) # 40021007 <_eusrstack+0x20019007>
}
    5b32:	8082                	ret

00005b34 <RCC_GetFlagStatus>:
{
    uint32_t tmp = 0;
    uint32_t statusreg = 0;

    FlagStatus bitstatus = RESET;
    tmp = RCC_FLAG >> 5;
    5b34:	00555793          	srli	a5,a0,0x5

    if(tmp == 1)
    5b38:	4705                	li	a4,1
    5b3a:	00e78e63          	beq	a5,a4,5b56 <RCC_GetFlagStatus+0x22>
    {
        statusreg = RCC->CTLR;
    }
    else if(tmp == 2)
    5b3e:	4709                	li	a4,2
    5b40:	00e78f63          	beq	a5,a4,5b5e <RCC_GetFlagStatus+0x2a>
    {
        statusreg = RCC->BDCTLR;
    }
    else
    {
        statusreg = RCC->RSTSCKR;
    5b44:	400217b7          	lui	a5,0x40021
    5b48:	53dc                	lw	a5,36(a5)
    }

    tmp = RCC_FLAG & FLAG_Mask;

    if((statusreg & ((uint32_t)1 << tmp)) != (uint32_t)RESET)
    5b4a:	00a7d533          	srl	a0,a5,a0
    5b4e:	8905                	andi	a0,a0,1
    5b50:	c111                	beqz	a0,5b54 <RCC_GetFlagStatus+0x20>
    {
        bitstatus = SET;
    5b52:	4505                	li	a0,1
    {
        bitstatus = RESET;
    }

    return bitstatus;
}
    5b54:	8082                	ret
        statusreg = RCC->CTLR;
    5b56:	400217b7          	lui	a5,0x40021
    5b5a:	439c                	lw	a5,0(a5)
    5b5c:	b7fd                	j	5b4a <RCC_GetFlagStatus+0x16>
        statusreg = RCC->BDCTLR;
    5b5e:	400217b7          	lui	a5,0x40021
    5b62:	539c                	lw	a5,32(a5)
    5b64:	b7dd                	j	5b4a <RCC_GetFlagStatus+0x16>

00005b66 <RCC_WaitForHSEStartUp>:
{
    5b66:	1101                	addi	sp,sp,-32
    5b68:	ce06                	sw	ra,28(sp)
    __IO uint32_t StartUpCounter = 0;
    5b6a:	c602                	sw	zero,12(sp)
        HSEStatus = RCC_GetFlagStatus(RCC_FLAG_HSERDY);
    5b6c:	03100513          	li	a0,49
    5b70:	37d1                	jal	5b34 <RCC_GetFlagStatus>
        StartUpCounter++;
    5b72:	47b2                	lw	a5,12(sp)
    5b74:	0785                	addi	a5,a5,1 # 40021001 <_eusrstack+0x20019001>
    5b76:	c63e                	sw	a5,12(sp)
    } while((StartUpCounter != HSE_STARTUP_TIMEOUT) && (HSEStatus == RESET));
    5b78:	4732                	lw	a4,12(sp)
    5b7a:	6785                	lui	a5,0x1
    5b7c:	00f70363          	beq	a4,a5,5b82 <RCC_WaitForHSEStartUp+0x1c>
    5b80:	d575                	beqz	a0,5b6c <RCC_WaitForHSEStartUp+0x6>
    if(RCC_GetFlagStatus(RCC_FLAG_HSERDY) != RESET)
    5b82:	03100513          	li	a0,49
    5b86:	377d                	jal	5b34 <RCC_GetFlagStatus>
    5b88:	c111                	beqz	a0,5b8c <RCC_WaitForHSEStartUp+0x26>
        status = READY;
    5b8a:	4505                	li	a0,1
}
    5b8c:	40f2                	lw	ra,28(sp)
    5b8e:	6105                	addi	sp,sp,32
    5b90:	8082                	ret

00005b92 <RCC_ClearFlag>:
 *          RCC_FLAG_IWDGRST, RCC_FLAG_WWDGRST, RCC_FLAG_LPWRRST
 * @return  none
 */
void RCC_ClearFlag(void)
{
    RCC->RSTSCKR |= RSTSCKR_RMVF_Set;
    5b92:	40021737          	lui	a4,0x40021
    5b96:	535c                	lw	a5,36(a4)
    5b98:	010006b7          	lui	a3,0x1000
    5b9c:	8fd5                	or	a5,a5,a3
    5b9e:	d35c                	sw	a5,36(a4)
}
    5ba0:	8082                	ret

00005ba2 <RCC_GetITStatus>:

ITStatus RCC_GetITStatus(uint8_t RCC_IT)
{
    ITStatus bitstatus = RESET;

    if((RCC->INTR & RCC_IT) != (uint32_t)RESET)
    5ba2:	400217b7          	lui	a5,0x40021
    5ba6:	479c                	lw	a5,8(a5)
    5ba8:	8d7d                	and	a0,a0,a5
    5baa:	c111                	beqz	a0,5bae <RCC_GetITStatus+0xc>
    {
        bitstatus = SET;
    5bac:	4505                	li	a0,1
    {
        bitstatus = RESET;
    }

    return bitstatus;
}
    5bae:	8082                	ret

00005bb0 <RCC_ClearITPendingBit>:
 *
 * @return  none
 */
void RCC_ClearITPendingBit(uint8_t RCC_IT)
{
    *(__IO uint8_t *)INTR_BYTE3_ADDRESS = RCC_IT;
    5bb0:	400217b7          	lui	a5,0x40021
    5bb4:	00a78523          	sb	a0,10(a5) # 4002100a <_eusrstack+0x2001900a>
}
    5bb8:	8082                	ret

00005bba <RCC_PREDIV1Config>:
 */
void RCC_PREDIV1Config(uint32_t RCC_PREDIV1_Source, uint32_t RCC_PREDIV1_Div)
{
    uint32_t tmpreg = 0;

    tmpreg = RCC->CFGR2;
    5bba:	400216b7          	lui	a3,0x40021
    5bbe:	56dc                	lw	a5,44(a3)
    tmpreg &= ~(CFGR2_PREDIV1 | CFGR2_PREDIV1SRC);
    5bc0:	7741                	lui	a4,0xffff0
    5bc2:	1741                	addi	a4,a4,-16 # fffefff0 <ERR_SECTION_BASE+0xffff0ff0>
    5bc4:	8ff9                	and	a5,a5,a4
    tmpreg |= RCC_PREDIV1_Source | RCC_PREDIV1_Div;
    5bc6:	8d4d                	or	a0,a0,a1
    5bc8:	8d5d                	or	a0,a0,a5
    RCC->CFGR2 = tmpreg;
    5bca:	d6c8                	sw	a0,44(a3)
}
    5bcc:	8082                	ret

00005bce <RCC_PREDIV2Config>:
 */
void RCC_PREDIV2Config(uint32_t RCC_PREDIV2_Div)
{
    uint32_t tmpreg = 0;

    tmpreg = RCC->CFGR2;
    5bce:	40021737          	lui	a4,0x40021
    5bd2:	575c                	lw	a5,44(a4)
    tmpreg &= ~CFGR2_PREDIV2;
    5bd4:	f0f7f793          	andi	a5,a5,-241
    tmpreg |= RCC_PREDIV2_Div;
    5bd8:	8fc9                	or	a5,a5,a0
    RCC->CFGR2 = tmpreg;
    5bda:	d75c                	sw	a5,44(a4)
}
    5bdc:	8082                	ret

00005bde <RCC_PLL2Config>:
 */
void RCC_PLL2Config(uint32_t RCC_PLL2Mul)
{
    uint32_t tmpreg = 0;

    tmpreg = RCC->CFGR2;
    5bde:	400216b7          	lui	a3,0x40021
    5be2:	56dc                	lw	a5,44(a3)
    tmpreg &= ~CFGR2_PLL2MUL;
    5be4:	777d                	lui	a4,0xfffff
    5be6:	0ff70713          	addi	a4,a4,255 # fffff0ff <ERR_SECTION_BASE+0xff>
    5bea:	8ff9                	and	a5,a5,a4
    tmpreg |= RCC_PLL2Mul;
    5bec:	8fc9                	or	a5,a5,a0
    RCC->CFGR2 = tmpreg;
    5bee:	d6dc                	sw	a5,44(a3)
}
    5bf0:	8082                	ret

00005bf2 <RCC_PLL2Cmd>:
 *
 * @return  none
 */
void RCC_PLL2Cmd(FunctionalState NewState)
{
    if(NewState)
    5bf2:	c909                	beqz	a0,5c04 <RCC_PLL2Cmd+0x12>
    {
        RCC->CTLR |= (1 << 26);
    5bf4:	40021737          	lui	a4,0x40021
    5bf8:	431c                	lw	a5,0(a4)
    5bfa:	040006b7          	lui	a3,0x4000
    5bfe:	8fd5                	or	a5,a5,a3
    5c00:	c31c                	sw	a5,0(a4)
    5c02:	8082                	ret
    }
    else
    {
        RCC->CTLR &= ~(1 << 26);
    5c04:	400216b7          	lui	a3,0x40021
    5c08:	429c                	lw	a5,0(a3)
    5c0a:	fc000737          	lui	a4,0xfc000
    5c0e:	177d                	addi	a4,a4,-1 # fbffffff <ERR_SECTION_BASE+0xfc000fff>
    5c10:	8ff9                	and	a5,a5,a4
    5c12:	c29c                	sw	a5,0(a3)
    }
}
    5c14:	8082                	ret

00005c16 <RCC_PLL3Config>:
 */
void RCC_PLL3Config(uint32_t RCC_PLL3Mul)
{
    uint32_t tmpreg = 0;

    tmpreg = RCC->CFGR2;
    5c16:	400216b7          	lui	a3,0x40021
    5c1a:	56dc                	lw	a5,44(a3)
    tmpreg &= ~CFGR2_PLL3MUL;
    5c1c:	7745                	lui	a4,0xffff1
    5c1e:	177d                	addi	a4,a4,-1 # ffff0fff <ERR_SECTION_BASE+0xffff1fff>
    5c20:	8ff9                	and	a5,a5,a4
    tmpreg |= RCC_PLL3Mul;
    5c22:	8fc9                	or	a5,a5,a0
    RCC->CFGR2 = tmpreg;
    5c24:	d6dc                	sw	a5,44(a3)
}
    5c26:	8082                	ret

00005c28 <RCC_PLL3Cmd>:
 *
 * @return  none
 */
void RCC_PLL3Cmd(FunctionalState NewState)
{
    if(NewState)
    5c28:	c909                	beqz	a0,5c3a <RCC_PLL3Cmd+0x12>
    {
        RCC->CTLR |= (1 << 28);
    5c2a:	40021737          	lui	a4,0x40021
    5c2e:	431c                	lw	a5,0(a4)
    5c30:	100006b7          	lui	a3,0x10000
    5c34:	8fd5                	or	a5,a5,a3
    5c36:	c31c                	sw	a5,0(a4)
    5c38:	8082                	ret
    }
    else
    {
        RCC->CTLR &= ~(1 << 28);
    5c3a:	400216b7          	lui	a3,0x40021
    5c3e:	429c                	lw	a5,0(a3)
    5c40:	f0000737          	lui	a4,0xf0000
    5c44:	177d                	addi	a4,a4,-1 # efffffff <ERR_SECTION_BASE+0xf0000fff>
    5c46:	8ff9                	and	a5,a5,a4
    5c48:	c29c                	sw	a5,0(a3)
    }
}
    5c4a:	8082                	ret

00005c4c <RCC_USBFSCLKConfig>:
 *
 * @return  none
 */
void RCC_USBFSCLKConfig(uint32_t RCC_USBFSCLKSource)
{
    RCC->CFGR0 &= ~(3 << 22);
    5c4c:	400217b7          	lui	a5,0x40021
    5c50:	43d8                	lw	a4,4(a5)
    5c52:	ff4006b7          	lui	a3,0xff400
    5c56:	16fd                	addi	a3,a3,-1 # ff3fffff <ERR_SECTION_BASE+0xff400fff>
    5c58:	8f75                	and	a4,a4,a3
    5c5a:	c3d8                	sw	a4,4(a5)
    RCC->CFGR0 |= RCC_USBFSCLKSource << 22;
    5c5c:	43d8                	lw	a4,4(a5)
    5c5e:	055a                	slli	a0,a0,0x16
    5c60:	8f49                	or	a4,a4,a0
    5c62:	c3d8                	sw	a4,4(a5)
}
    5c64:	8082                	ret

00005c66 <RCC_I2S2CLKConfig>:
 *          - This function must be called before enabling I2S2 APB clock.
 * @return  none
 */
void RCC_I2S2CLKConfig(uint32_t RCC_I2S2CLKSource)
{
    RCC->CFGR2 &= ~(1 << 17);
    5c66:	400217b7          	lui	a5,0x40021
    5c6a:	57d8                	lw	a4,44(a5)
    5c6c:	7681                	lui	a3,0xfffe0
    5c6e:	16fd                	addi	a3,a3,-1 # fffdffff <ERR_SECTION_BASE+0xfffe0fff>
    5c70:	8f75                	and	a4,a4,a3
    5c72:	d7d8                	sw	a4,44(a5)
    RCC->CFGR2 |= RCC_I2S2CLKSource << 17;
    5c74:	57d8                	lw	a4,44(a5)
    5c76:	0546                	slli	a0,a0,0x11
    5c78:	8f49                	or	a4,a4,a0
    5c7a:	d7d8                	sw	a4,44(a5)
}
    5c7c:	8082                	ret

00005c7e <RCC_I2S3CLKConfig>:
 *         - This function must be called before enabling I2S3 APB clock.
 * @return  none
 */
void RCC_I2S3CLKConfig(uint32_t RCC_I2S3CLKSource)
{
    RCC->CFGR2 &= ~(1 << 18);
    5c7e:	400217b7          	lui	a5,0x40021
    5c82:	57d8                	lw	a4,44(a5)
    5c84:	fffc06b7          	lui	a3,0xfffc0
    5c88:	16fd                	addi	a3,a3,-1 # fffbffff <ERR_SECTION_BASE+0xfffc0fff>
    5c8a:	8f75                	and	a4,a4,a3
    5c8c:	d7d8                	sw	a4,44(a5)
    RCC->CFGR2 |= RCC_I2S3CLKSource << 18;
    5c8e:	57d8                	lw	a4,44(a5)
    5c90:	054a                	slli	a0,a0,0x12
    5c92:	8f49                	or	a4,a4,a0
    5c94:	d7d8                	sw	a4,44(a5)
}
    5c96:	8082                	ret

00005c98 <RCC_AHBPeriphResetCmd>:
 *
 * @return  none
 */
void RCC_AHBPeriphResetCmd(uint32_t RCC_AHBPeriph, FunctionalState NewState)
{
    if(NewState != DISABLE)
    5c98:	c599                	beqz	a1,5ca6 <RCC_AHBPeriphResetCmd+0xe>
    {
        RCC->AHBRSTR |= RCC_AHBPeriph;
    5c9a:	40021737          	lui	a4,0x40021
    5c9e:	571c                	lw	a5,40(a4)
    5ca0:	8fc9                	or	a5,a5,a0
    5ca2:	d71c                	sw	a5,40(a4)
    5ca4:	8082                	ret
    }
    else
    {
        RCC->AHBRSTR &= ~RCC_AHBPeriph;
    5ca6:	40021737          	lui	a4,0x40021
    5caa:	571c                	lw	a5,40(a4)
    5cac:	fff54513          	not	a0,a0
    5cb0:	8fe9                	and	a5,a5,a0
    5cb2:	d71c                	sw	a5,40(a4)
    }
}
    5cb4:	8082                	ret

00005cb6 <RCC_ADCCLKADJcmd>:
 *
 * @return  none
 */
void RCC_ADCCLKADJcmd(FunctionalState NewState)
{
    if(NewState != DISABLE)
    5cb6:	c909                	beqz	a0,5cc8 <RCC_ADCCLKADJcmd+0x12>
    {
        RCC->CFGR0 |= (1 << 31);
    5cb8:	40021737          	lui	a4,0x40021
    5cbc:	435c                	lw	a5,4(a4)
    5cbe:	800006b7          	lui	a3,0x80000
    5cc2:	8fd5                	or	a5,a5,a3
    5cc4:	c35c                	sw	a5,4(a4)
    5cc6:	8082                	ret
    }
    else
    {
        RCC->CFGR0 &= ~(1 << 31);
    5cc8:	400216b7          	lui	a3,0x40021
    5ccc:	42dc                	lw	a5,4(a3)
    5cce:	80000737          	lui	a4,0x80000
    5cd2:	177d                	addi	a4,a4,-1 # 7fffffff <ERR_SECTION_BASE+0x80000fff>
    5cd4:	8ff9                	and	a5,a5,a4
    5cd6:	c2dc                	sw	a5,4(a3)
    }
}
    5cd8:	8082                	ret

00005cda <RCC_RNGCLKConfig>:
 *
 * @return  none
 */
void RCC_RNGCLKConfig(uint32_t RCC_RNGCLKSource)
{
    RCC->CFGR2 &= ~(1 << 19);
    5cda:	400217b7          	lui	a5,0x40021
    5cde:	57d8                	lw	a4,44(a5)
    5ce0:	fff806b7          	lui	a3,0xfff80
    5ce4:	16fd                	addi	a3,a3,-1 # fff7ffff <ERR_SECTION_BASE+0xfff80fff>
    5ce6:	8f75                	and	a4,a4,a3
    5ce8:	d7d8                	sw	a4,44(a5)
    RCC->CFGR2 |= RCC_RNGCLKSource << 19;
    5cea:	57d8                	lw	a4,44(a5)
    5cec:	054e                	slli	a0,a0,0x13
    5cee:	8f49                	or	a4,a4,a0
    5cf0:	d7d8                	sw	a4,44(a5)
}
    5cf2:	8082                	ret

00005cf4 <RCC_ETH1GCLKConfig>:
 *
 * @return  none
 */
void RCC_ETH1GCLKConfig(uint32_t RCC_ETH1GCLKSource)
{
    RCC->CFGR2 &= ~(3 << 20);
    5cf4:	400217b7          	lui	a5,0x40021
    5cf8:	57d8                	lw	a4,44(a5)
    5cfa:	ffd006b7          	lui	a3,0xffd00
    5cfe:	16fd                	addi	a3,a3,-1 # ffcfffff <ERR_SECTION_BASE+0xffd00fff>
    5d00:	8f75                	and	a4,a4,a3
    5d02:	d7d8                	sw	a4,44(a5)
    RCC->CFGR2 |= RCC_ETH1GCLKSource << 20;
    5d04:	57d8                	lw	a4,44(a5)
    5d06:	0552                	slli	a0,a0,0x14
    5d08:	8f49                	or	a4,a4,a0
    5d0a:	d7d8                	sw	a4,44(a5)
}
    5d0c:	8082                	ret

00005d0e <RCC_ETH1G_125Mcmd>:
 *
 * @return  none
 */
void RCC_ETH1G_125Mcmd(FunctionalState NewState)
{
    if(NewState != DISABLE)
    5d0e:	c909                	beqz	a0,5d20 <RCC_ETH1G_125Mcmd+0x12>
    {
        RCC->CFGR2 |= (1 << 22);
    5d10:	40021737          	lui	a4,0x40021
    5d14:	575c                	lw	a5,44(a4)
    5d16:	004006b7          	lui	a3,0x400
    5d1a:	8fd5                	or	a5,a5,a3
    5d1c:	d75c                	sw	a5,44(a4)
    5d1e:	8082                	ret
    }
    else
    {
        RCC->CFGR2 &= ~(1 << 22);
    5d20:	400216b7          	lui	a3,0x40021
    5d24:	56dc                	lw	a5,44(a3)
    5d26:	ffc00737          	lui	a4,0xffc00
    5d2a:	177d                	addi	a4,a4,-1 # ffbfffff <ERR_SECTION_BASE+0xffc00fff>
    5d2c:	8ff9                	and	a5,a5,a4
    5d2e:	d6dc                	sw	a5,44(a3)
    }
}
    5d30:	8082                	ret

00005d32 <RCC_USBHSConfig>:
 *
 * @return  none
 */
void RCC_USBHSConfig(uint32_t RCC_USBHS)
{
    RCC->CFGR2 &= ~(7 << 24);
    5d32:	400217b7          	lui	a5,0x40021
    5d36:	57d8                	lw	a4,44(a5)
    5d38:	f90006b7          	lui	a3,0xf9000
    5d3c:	16fd                	addi	a3,a3,-1 # f8ffffff <ERR_SECTION_BASE+0xf9000fff>
    5d3e:	8f75                	and	a4,a4,a3
    5d40:	d7d8                	sw	a4,44(a5)
    RCC->CFGR2 |= RCC_USBHS << 24;
    5d42:	57d8                	lw	a4,44(a5)
    5d44:	0562                	slli	a0,a0,0x18
    5d46:	8f49                	or	a4,a4,a0
    5d48:	d7d8                	sw	a4,44(a5)
}
    5d4a:	8082                	ret

00005d4c <RCC_USBHSPLLCLKConfig>:
 *
 * @return  none
 */
void RCC_USBHSPLLCLKConfig(uint32_t RCC_USBHSPLLCLKSource)
{
    RCC->CFGR2 &= ~(1 << 27);
    5d4c:	400217b7          	lui	a5,0x40021
    5d50:	57d8                	lw	a4,44(a5)
    5d52:	f80006b7          	lui	a3,0xf8000
    5d56:	16fd                	addi	a3,a3,-1 # f7ffffff <ERR_SECTION_BASE+0xf8000fff>
    5d58:	8f75                	and	a4,a4,a3
    5d5a:	d7d8                	sw	a4,44(a5)
    RCC->CFGR2 |= RCC_USBHSPLLCLKSource << 27;
    5d5c:	57d8                	lw	a4,44(a5)
    5d5e:	056e                	slli	a0,a0,0x1b
    5d60:	8f49                	or	a4,a4,a0
    5d62:	d7d8                	sw	a4,44(a5)
}
    5d64:	8082                	ret

00005d66 <RCC_USBHSPLLCKREFCLKConfig>:
 *
 * @return  none
 */
void RCC_USBHSPLLCKREFCLKConfig(uint32_t RCC_USBHSPLLCKREFCLKSource)
{
    RCC->CFGR2 &= ~(3 << 28);
    5d66:	400217b7          	lui	a5,0x40021
    5d6a:	57d8                	lw	a4,44(a5)
    5d6c:	d00006b7          	lui	a3,0xd0000
    5d70:	16fd                	addi	a3,a3,-1 # cfffffff <ERR_SECTION_BASE+0xd0000fff>
    5d72:	8f75                	and	a4,a4,a3
    5d74:	d7d8                	sw	a4,44(a5)
    RCC->CFGR2 |= RCC_USBHSPLLCKREFCLKSource << 28;
    5d76:	57d8                	lw	a4,44(a5)
    5d78:	0572                	slli	a0,a0,0x1c
    5d7a:	8f49                	or	a4,a4,a0
    5d7c:	d7d8                	sw	a4,44(a5)
}
    5d7e:	8082                	ret

00005d80 <RCC_USBHSPHYPLLALIVEcmd>:
 *
 * @return  none
 */
void RCC_USBHSPHYPLLALIVEcmd(FunctionalState NewState)
{
    if(NewState != DISABLE)
    5d80:	c909                	beqz	a0,5d92 <RCC_USBHSPHYPLLALIVEcmd+0x12>
    {
        RCC->CFGR2 |= (1 << 30);
    5d82:	40021737          	lui	a4,0x40021
    5d86:	575c                	lw	a5,44(a4)
    5d88:	400006b7          	lui	a3,0x40000
    5d8c:	8fd5                	or	a5,a5,a3
    5d8e:	d75c                	sw	a5,44(a4)
    5d90:	8082                	ret
    }
    else
    {
        RCC->CFGR2 &= ~(1 << 30);
    5d92:	400216b7          	lui	a3,0x40021
    5d96:	56dc                	lw	a5,44(a3)
    5d98:	c0000737          	lui	a4,0xc0000
    5d9c:	177d                	addi	a4,a4,-1 # bfffffff <ERR_SECTION_BASE+0xc0000fff>
    5d9e:	8ff9                	and	a5,a5,a4
    5da0:	d6dc                	sw	a5,44(a3)
    }
}
    5da2:	8082                	ret

00005da4 <RCC_USBCLK48MConfig>:
 *
 * @return  none
 */
void RCC_USBCLK48MConfig(uint32_t RCC_USBCLK48MSource)
{
    RCC->CFGR2 &= ~(1 << 31);
    5da4:	400217b7          	lui	a5,0x40021
    5da8:	57d8                	lw	a4,44(a5)
    5daa:	800006b7          	lui	a3,0x80000
    5dae:	16fd                	addi	a3,a3,-1 # 7fffffff <ERR_SECTION_BASE+0x80000fff>
    5db0:	8f75                	and	a4,a4,a3
    5db2:	d7d8                	sw	a4,44(a5)
    RCC->CFGR2 |= RCC_USBCLK48MSource << 31;
    5db4:	57d8                	lw	a4,44(a5)
    5db6:	057e                	slli	a0,a0,0x1f
    5db8:	8f49                	or	a4,a4,a0
    5dba:	d7d8                	sw	a4,44(a5)
}
    5dbc:	8082                	ret

00005dbe <USART_DeInit>:
 *          UARTx   where x can be 4 to 8 to select the UART peripheral.
 *
 * @return  none
 */
void USART_DeInit(USART_TypeDef *USARTx)
{
    5dbe:	1141                	addi	sp,sp,-16
    5dc0:	c606                	sw	ra,12(sp)
    if(USARTx == USART1)
    5dc2:	400147b7          	lui	a5,0x40014
    5dc6:	80078793          	addi	a5,a5,-2048 # 40013800 <_eusrstack+0x2000b800>
    5dca:	04f50b63          	beq	a0,a5,5e20 <USART_DeInit+0x62>
    {
        RCC_APB2PeriphResetCmd(RCC_APB2Periph_USART1, ENABLE);
        RCC_APB2PeriphResetCmd(RCC_APB2Periph_USART1, DISABLE);
    }
    else if(USARTx == USART2)
    5dce:	400047b7          	lui	a5,0x40004
    5dd2:	40078793          	addi	a5,a5,1024 # 40004400 <_eusrstack+0x1fffc400>
    5dd6:	04f50e63          	beq	a0,a5,5e32 <USART_DeInit+0x74>
    {
        RCC_APB1PeriphResetCmd(RCC_APB1Periph_USART2, ENABLE);
        RCC_APB1PeriphResetCmd(RCC_APB1Periph_USART2, DISABLE);
    }
    else if(USARTx == USART3)
    5dda:	400057b7          	lui	a5,0x40005
    5dde:	80078793          	addi	a5,a5,-2048 # 40004800 <_eusrstack+0x1fffc800>
    5de2:	06f50363          	beq	a0,a5,5e48 <USART_DeInit+0x8a>
    {
        RCC_APB1PeriphResetCmd(RCC_APB1Periph_USART3, ENABLE);
        RCC_APB1PeriphResetCmd(RCC_APB1Periph_USART3, DISABLE);
    }
    else if(USARTx == UART4)
    5de6:	400057b7          	lui	a5,0x40005
    5dea:	c0078793          	addi	a5,a5,-1024 # 40004c00 <_eusrstack+0x1fffcc00>
    5dee:	06f50863          	beq	a0,a5,5e5e <USART_DeInit+0xa0>
    {
        RCC_APB1PeriphResetCmd(RCC_APB1Periph_UART4, ENABLE);
        RCC_APB1PeriphResetCmd(RCC_APB1Periph_UART4, DISABLE);
    }
    else if(USARTx == UART5)
    5df2:	400057b7          	lui	a5,0x40005
    5df6:	06f50f63          	beq	a0,a5,5e74 <USART_DeInit+0xb6>
    {
        RCC_APB1PeriphResetCmd(RCC_APB1Periph_UART5, ENABLE);
        RCC_APB1PeriphResetCmd(RCC_APB1Periph_UART5, DISABLE);
    }
    else if(USARTx == UART6)
    5dfa:	400027b7          	lui	a5,0x40002
    5dfe:	80078793          	addi	a5,a5,-2048 # 40001800 <_eusrstack+0x1fff9800>
    5e02:	08f50463          	beq	a0,a5,5e8a <USART_DeInit+0xcc>
    {
        RCC_APB1PeriphResetCmd(RCC_APB1Periph_UART6, ENABLE);
        RCC_APB1PeriphResetCmd(RCC_APB1Periph_UART6, DISABLE);
    }
    else if(USARTx == UART7)
    5e06:	400027b7          	lui	a5,0x40002
    5e0a:	c0078793          	addi	a5,a5,-1024 # 40001c00 <_eusrstack+0x1fff9c00>
    5e0e:	08f50963          	beq	a0,a5,5ea0 <USART_DeInit+0xe2>
    {
        RCC_APB1PeriphResetCmd(RCC_APB1Periph_UART7, ENABLE);
        RCC_APB1PeriphResetCmd(RCC_APB1Periph_UART7, DISABLE);
    }
    else if(USARTx == UART8)
    5e12:	400027b7          	lui	a5,0x40002
    5e16:	0af50063          	beq	a0,a5,5eb6 <USART_DeInit+0xf8>
    {
        RCC_APB1PeriphResetCmd(RCC_APB1Periph_UART8, ENABLE);
        RCC_APB1PeriphResetCmd(RCC_APB1Periph_UART8, DISABLE);
    }
}
    5e1a:	40b2                	lw	ra,12(sp)
    5e1c:	0141                	addi	sp,sp,16
    5e1e:	8082                	ret
        RCC_APB2PeriphResetCmd(RCC_APB2Periph_USART1, ENABLE);
    5e20:	4585                	li	a1,1
    5e22:	6511                	lui	a0,0x4
    5e24:	c87ff0ef          	jal	ra,5aaa <RCC_APB2PeriphResetCmd>
        RCC_APB2PeriphResetCmd(RCC_APB2Periph_USART1, DISABLE);
    5e28:	4581                	li	a1,0
    5e2a:	6511                	lui	a0,0x4
    5e2c:	c7fff0ef          	jal	ra,5aaa <RCC_APB2PeriphResetCmd>
    5e30:	b7ed                	j	5e1a <USART_DeInit+0x5c>
        RCC_APB1PeriphResetCmd(RCC_APB1Periph_USART2, ENABLE);
    5e32:	4585                	li	a1,1
    5e34:	00020537          	lui	a0,0x20
    5e38:	c91ff0ef          	jal	ra,5ac8 <RCC_APB1PeriphResetCmd>
        RCC_APB1PeriphResetCmd(RCC_APB1Periph_USART2, DISABLE);
    5e3c:	4581                	li	a1,0
    5e3e:	00020537          	lui	a0,0x20
    5e42:	c87ff0ef          	jal	ra,5ac8 <RCC_APB1PeriphResetCmd>
    5e46:	bfd1                	j	5e1a <USART_DeInit+0x5c>
        RCC_APB1PeriphResetCmd(RCC_APB1Periph_USART3, ENABLE);
    5e48:	4585                	li	a1,1
    5e4a:	00040537          	lui	a0,0x40
    5e4e:	c7bff0ef          	jal	ra,5ac8 <RCC_APB1PeriphResetCmd>
        RCC_APB1PeriphResetCmd(RCC_APB1Periph_USART3, DISABLE);
    5e52:	4581                	li	a1,0
    5e54:	00040537          	lui	a0,0x40
    5e58:	c71ff0ef          	jal	ra,5ac8 <RCC_APB1PeriphResetCmd>
    5e5c:	bf7d                	j	5e1a <USART_DeInit+0x5c>
        RCC_APB1PeriphResetCmd(RCC_APB1Periph_UART4, ENABLE);
    5e5e:	4585                	li	a1,1
    5e60:	00080537          	lui	a0,0x80
    5e64:	c65ff0ef          	jal	ra,5ac8 <RCC_APB1PeriphResetCmd>
        RCC_APB1PeriphResetCmd(RCC_APB1Periph_UART4, DISABLE);
    5e68:	4581                	li	a1,0
    5e6a:	00080537          	lui	a0,0x80
    5e6e:	c5bff0ef          	jal	ra,5ac8 <RCC_APB1PeriphResetCmd>
    5e72:	b765                	j	5e1a <USART_DeInit+0x5c>
        RCC_APB1PeriphResetCmd(RCC_APB1Periph_UART5, ENABLE);
    5e74:	4585                	li	a1,1
    5e76:	00100537          	lui	a0,0x100
    5e7a:	c4fff0ef          	jal	ra,5ac8 <RCC_APB1PeriphResetCmd>
        RCC_APB1PeriphResetCmd(RCC_APB1Periph_UART5, DISABLE);
    5e7e:	4581                	li	a1,0
    5e80:	00100537          	lui	a0,0x100
    5e84:	c45ff0ef          	jal	ra,5ac8 <RCC_APB1PeriphResetCmd>
    5e88:	bf49                	j	5e1a <USART_DeInit+0x5c>
        RCC_APB1PeriphResetCmd(RCC_APB1Periph_UART6, ENABLE);
    5e8a:	4585                	li	a1,1
    5e8c:	04000513          	li	a0,64
    5e90:	c39ff0ef          	jal	ra,5ac8 <RCC_APB1PeriphResetCmd>
        RCC_APB1PeriphResetCmd(RCC_APB1Periph_UART6, DISABLE);
    5e94:	4581                	li	a1,0
    5e96:	04000513          	li	a0,64
    5e9a:	c2fff0ef          	jal	ra,5ac8 <RCC_APB1PeriphResetCmd>
    5e9e:	bfb5                	j	5e1a <USART_DeInit+0x5c>
        RCC_APB1PeriphResetCmd(RCC_APB1Periph_UART7, ENABLE);
    5ea0:	4585                	li	a1,1
    5ea2:	08000513          	li	a0,128
    5ea6:	c23ff0ef          	jal	ra,5ac8 <RCC_APB1PeriphResetCmd>
        RCC_APB1PeriphResetCmd(RCC_APB1Periph_UART7, DISABLE);
    5eaa:	4581                	li	a1,0
    5eac:	08000513          	li	a0,128
    5eb0:	c19ff0ef          	jal	ra,5ac8 <RCC_APB1PeriphResetCmd>
    5eb4:	b79d                	j	5e1a <USART_DeInit+0x5c>
        RCC_APB1PeriphResetCmd(RCC_APB1Periph_UART8, ENABLE);
    5eb6:	4585                	li	a1,1
    5eb8:	10000513          	li	a0,256
    5ebc:	c0dff0ef          	jal	ra,5ac8 <RCC_APB1PeriphResetCmd>
        RCC_APB1PeriphResetCmd(RCC_APB1Periph_UART8, DISABLE);
    5ec0:	4581                	li	a1,0
    5ec2:	10000513          	li	a0,256
    5ec6:	c03ff0ef          	jal	ra,5ac8 <RCC_APB1PeriphResetCmd>
}
    5eca:	bf81                	j	5e1a <USART_DeInit+0x5c>

00005ecc <USART_Init>:
 *        USART peripheral.
 *
 * @return  none
 */
void USART_Init(USART_TypeDef *USARTx, USART_InitTypeDef *USART_InitStruct)
{
    5ecc:	7179                	addi	sp,sp,-48
    5ece:	d606                	sw	ra,44(sp)
    5ed0:	d422                	sw	s0,40(sp)
    5ed2:	d226                	sw	s1,36(sp)
    5ed4:	842a                	mv	s0,a0
    5ed6:	84ae                	mv	s1,a1
    uint32_t          fractionaldivider = 0x00;
    uint32_t          usartxbase = 0;
    RCC_ClocksTypeDef RCC_ClocksStatus;

    usartxbase = (uint32_t)USARTx;
    tmpreg = USARTx->CTLR2;
    5ed8:	01055703          	lhu	a4,16(a0) # 100010 <_data_lma+0xf6f38>
    tmpreg &= CTLR2_STOP_CLEAR_Mask;
    tmpreg |= (uint32_t)USART_InitStruct->USART_StopBits;
    5edc:	0065d783          	lhu	a5,6(a1) # 40021006 <_eusrstack+0x20019006>
    5ee0:	76f5                	lui	a3,0xffffd
    5ee2:	16fd                	addi	a3,a3,-1 # ffffcfff <ERR_SECTION_BASE+0xffffdfff>
    5ee4:	8f75                	and	a4,a4,a3
    5ee6:	8fd9                	or	a5,a5,a4

    USARTx->CTLR2 = (uint16_t)tmpreg;
    5ee8:	00f51823          	sh	a5,16(a0)
    tmpreg = USARTx->CTLR1;
    5eec:	00c55703          	lhu	a4,12(a0)
    tmpreg &= CTLR1_CLEAR_Mask;
    tmpreg |= (uint32_t)USART_InitStruct->USART_WordLength | USART_InitStruct->USART_Parity |
    5ef0:	0045d683          	lhu	a3,4(a1)
    5ef4:	0085d603          	lhu	a2,8(a1)
              USART_InitStruct->USART_Mode;
    5ef8:	00a5d783          	lhu	a5,10(a1)
    tmpreg |= (uint32_t)USART_InitStruct->USART_WordLength | USART_InitStruct->USART_Parity |
    5efc:	8ed1                	or	a3,a3,a2
    5efe:	8fd5                	or	a5,a5,a3
    5f00:	76fd                	lui	a3,0xfffff
    5f02:	9f368693          	addi	a3,a3,-1549 # ffffe9f3 <ERR_SECTION_BASE+0xfffff9f3>
    5f06:	8f75                	and	a4,a4,a3
    5f08:	8fd9                	or	a5,a5,a4
    USARTx->CTLR1 = (uint16_t)tmpreg;
    5f0a:	00f51623          	sh	a5,12(a0)

    tmpreg = USARTx->CTLR3;
    5f0e:	01455783          	lhu	a5,20(a0)
    5f12:	07c2                	slli	a5,a5,0x10
    5f14:	83c1                	srli	a5,a5,0x10
    tmpreg &= CTLR3_CLEAR_Mask;
    tmpreg |= USART_InitStruct->USART_HardwareFlowControl;
    5f16:	00c5d703          	lhu	a4,12(a1)
    5f1a:	cff7f793          	andi	a5,a5,-769
    5f1e:	8fd9                	or	a5,a5,a4
    USARTx->CTLR3 = (uint16_t)tmpreg;
    5f20:	00f51a23          	sh	a5,20(a0)

    RCC_GetClocksFreq(&RCC_ClocksStatus);
    5f24:	0068                	addi	a0,sp,12
    5f26:	95fff0ef          	jal	ra,5884 <RCC_GetClocksFreq>

    if(usartxbase == USART1_BASE)
    5f2a:	400147b7          	lui	a5,0x40014
    5f2e:	80078793          	addi	a5,a5,-2048 # 40013800 <_eusrstack+0x2000b800>
    5f32:	04f40d63          	beq	s0,a5,5f8c <USART_Init+0xc0>
    {
        apbclock = RCC_ClocksStatus.PCLK2_Frequency;
    }
    else
    {
        apbclock = RCC_ClocksStatus.PCLK1_Frequency;
    5f36:	4752                	lw	a4,20(sp)
    }

    integerdivider = ((25 * apbclock) / (4 * (USART_InitStruct->USART_BaudRate)));
    5f38:	00171793          	slli	a5,a4,0x1
    5f3c:	97ba                	add	a5,a5,a4
    5f3e:	078e                	slli	a5,a5,0x3
    5f40:	97ba                	add	a5,a5,a4
    5f42:	4098                	lw	a4,0(s1)
    5f44:	070a                	slli	a4,a4,0x2
    5f46:	02e7d7b3          	divu	a5,a5,a4
    tmpreg = (integerdivider / 100) << 4;
    5f4a:	06400693          	li	a3,100
    5f4e:	02d7d733          	divu	a4,a5,a3
    5f52:	00471613          	slli	a2,a4,0x4
    fractionaldivider = integerdivider - (100 * (tmpreg >> 4));
    5f56:	100005b7          	lui	a1,0x10000
    5f5a:	15fd                	addi	a1,a1,-1 # fffffff <_data_lma+0xfff6f27>
    5f5c:	8f6d                	and	a4,a4,a1
    5f5e:	02d70733          	mul	a4,a4,a3
    5f62:	8f99                	sub	a5,a5,a4
    fractionaldivider = (((fractionaldivider * 16) + 50) / 100);
    5f64:	0792                	slli	a5,a5,0x4
    5f66:	03278793          	addi	a5,a5,50
    5f6a:	02d7d6b3          	divu	a3,a5,a3
    if (fractionaldivider > 0xf)
    5f6e:	63f00713          	li	a4,1599
    5f72:	00f77f63          	bgeu	a4,a5,5f90 <USART_Init+0xc4>
    {
        tmpreg += 1 << 4;
    5f76:	01060793          	addi	a5,a2,16
    else
    {
        tmpreg |= fractionaldivider & ((uint8_t)0x0f);
    }
    
    USARTx->BRR = (uint16_t)tmpreg; 
    5f7a:	07c2                	slli	a5,a5,0x10
    5f7c:	83c1                	srli	a5,a5,0x10
    5f7e:	00f41423          	sh	a5,8(s0)
}
    5f82:	50b2                	lw	ra,44(sp)
    5f84:	5422                	lw	s0,40(sp)
    5f86:	5492                	lw	s1,36(sp)
    5f88:	6145                	addi	sp,sp,48
    5f8a:	8082                	ret
        apbclock = RCC_ClocksStatus.PCLK2_Frequency;
    5f8c:	4762                	lw	a4,24(sp)
    5f8e:	b76d                	j	5f38 <USART_Init+0x6c>
        tmpreg |= fractionaldivider & ((uint8_t)0x0f);
    5f90:	8abd                	andi	a3,a3,15
    5f92:	00c6e7b3          	or	a5,a3,a2
    5f96:	b7d5                	j	5f7a <USART_Init+0xae>

00005f98 <USART_StructInit>:
 *
 * @return  none
 */
void USART_StructInit(USART_InitTypeDef *USART_InitStruct)
{
    USART_InitStruct->USART_BaudRate = 9600;
    5f98:	6789                	lui	a5,0x2
    5f9a:	58078793          	addi	a5,a5,1408 # 2580 <safe_state_check_bootloop+0x14>
    5f9e:	c11c                	sw	a5,0(a0)
    USART_InitStruct->USART_WordLength = USART_WordLength_8b;
    5fa0:	00051223          	sh	zero,4(a0)
    USART_InitStruct->USART_StopBits = USART_StopBits_1;
    5fa4:	00051323          	sh	zero,6(a0)
    USART_InitStruct->USART_Parity = USART_Parity_No;
    5fa8:	00051423          	sh	zero,8(a0)
    USART_InitStruct->USART_Mode = USART_Mode_Rx | USART_Mode_Tx;
    5fac:	47b1                	li	a5,12
    5fae:	00f51523          	sh	a5,10(a0)
    USART_InitStruct->USART_HardwareFlowControl = USART_HardwareFlowControl_None;
    5fb2:	00051623          	sh	zero,12(a0)
}
    5fb6:	8082                	ret

00005fb8 <USART_ClockInit>:
 */
void USART_ClockInit(USART_TypeDef *USARTx, USART_ClockInitTypeDef *USART_ClockInitStruct)
{
    uint32_t tmpreg = 0x00;

    tmpreg = USARTx->CTLR2;
    5fb8:	01055703          	lhu	a4,16(a0)
    tmpreg &= CTLR2_CLOCK_CLEAR_Mask;
    tmpreg |= (uint32_t)USART_ClockInitStruct->USART_Clock | USART_ClockInitStruct->USART_CPOL |
    5fbc:	0005d603          	lhu	a2,0(a1)
    5fc0:	0025d803          	lhu	a6,2(a1)
              USART_ClockInitStruct->USART_CPHA | USART_ClockInitStruct->USART_LastBit;
    5fc4:	0045d683          	lhu	a3,4(a1)
    5fc8:	0065d783          	lhu	a5,6(a1)
    5fcc:	01066633          	or	a2,a2,a6
    5fd0:	8ed1                	or	a3,a3,a2
    5fd2:	8fd5                	or	a5,a5,a3
    5fd4:	76fd                	lui	a3,0xfffff
    5fd6:	0ff68693          	addi	a3,a3,255 # fffff0ff <ERR_SECTION_BASE+0xff>
    5fda:	8f75                	and	a4,a4,a3
    5fdc:	8fd9                	or	a5,a5,a4
    USARTx->CTLR2 = (uint16_t)tmpreg;
    5fde:	00f51823          	sh	a5,16(a0)
}
    5fe2:	8082                	ret

00005fe4 <USART_ClockStructInit>:
 *
 * @return  none
 */
void USART_ClockStructInit(USART_ClockInitTypeDef *USART_ClockInitStruct)
{
    USART_ClockInitStruct->USART_Clock = USART_Clock_Disable;
    5fe4:	00051023          	sh	zero,0(a0)
    USART_ClockInitStruct->USART_CPOL = USART_CPOL_Low;
    5fe8:	00051123          	sh	zero,2(a0)
    USART_ClockInitStruct->USART_CPHA = USART_CPHA_1Edge;
    5fec:	00051223          	sh	zero,4(a0)
    USART_ClockInitStruct->USART_LastBit = USART_LastBit_Disable;
    5ff0:	00051323          	sh	zero,6(a0)
}
    5ff4:	8082                	ret

00005ff6 <USART_Cmd>:
 *
 * @return  none
 */
void USART_Cmd(USART_TypeDef *USARTx, FunctionalState NewState)
{
    if(NewState != DISABLE)
    5ff6:	c991                	beqz	a1,600a <USART_Cmd+0x14>
    {
        USARTx->CTLR1 |= CTLR1_UE_Set;
    5ff8:	00c55783          	lhu	a5,12(a0)
    5ffc:	6709                	lui	a4,0x2
    5ffe:	8fd9                	or	a5,a5,a4
    6000:	07c2                	slli	a5,a5,0x10
    6002:	83c1                	srli	a5,a5,0x10
    6004:	00f51623          	sh	a5,12(a0)
    6008:	8082                	ret
    }
    else
    {
        USARTx->CTLR1 &= CTLR1_UE_Reset;
    600a:	00c55783          	lhu	a5,12(a0)
    600e:	7779                	lui	a4,0xffffe
    6010:	177d                	addi	a4,a4,-1 # ffffdfff <ERR_SECTION_BASE+0xffffefff>
    6012:	8ff9                	and	a5,a5,a4
    6014:	00f51623          	sh	a5,12(a0)
    }
}
    6018:	8082                	ret

0000601a <USART_ITConfig>:
{
    uint32_t usartreg = 0x00, itpos = 0x00, itmask = 0x00;
    uint32_t usartxbase = 0x00;

    usartxbase = (uint32_t)USARTx;
    usartreg = (((uint8_t)USART_IT) >> 0x05);
    601a:	0ff5f793          	zext.b	a5,a1
    601e:	8395                	srli	a5,a5,0x5
    itpos = USART_IT & IT_Mask;
    itmask = (((uint32_t)0x01) << itpos);
    6020:	4705                	li	a4,1
    6022:	00b715b3          	sll	a1,a4,a1

    if(usartreg == 0x01)
    6026:	00e78b63          	beq	a5,a4,603c <USART_ITConfig+0x22>
    {
        usartxbase += 0x0C;
    }
    else if(usartreg == 0x02)
    602a:	4709                	li	a4,2
    602c:	00e78a63          	beq	a5,a4,6040 <USART_ITConfig+0x26>
    {
        usartxbase += 0x10;
    }
    else
    {
        usartxbase += 0x14;
    6030:	0551                	addi	a0,a0,20
    }

    if(NewState != DISABLE)
    6032:	ca09                	beqz	a2,6044 <USART_ITConfig+0x2a>
    {
        *(__IO uint32_t *)usartxbase |= itmask;
    6034:	411c                	lw	a5,0(a0)
    6036:	8fcd                	or	a5,a5,a1
    6038:	c11c                	sw	a5,0(a0)
    603a:	8082                	ret
        usartxbase += 0x0C;
    603c:	0531                	addi	a0,a0,12
    603e:	bfd5                	j	6032 <USART_ITConfig+0x18>
        usartxbase += 0x10;
    6040:	0541                	addi	a0,a0,16
    6042:	bfc5                	j	6032 <USART_ITConfig+0x18>
    }
    else
    {
        *(__IO uint32_t *)usartxbase &= ~itmask;
    6044:	411c                	lw	a5,0(a0)
    6046:	fff5c593          	not	a1,a1
    604a:	8fed                	and	a5,a5,a1
    604c:	c11c                	sw	a5,0(a0)
    }
}
    604e:	8082                	ret

00006050 <USART_DMACmd>:
 *
 * @return  none
 */
void USART_DMACmd(USART_TypeDef *USARTx, uint16_t USART_DMAReq, FunctionalState NewState)
{
    if(NewState != DISABLE)
    6050:	c619                	beqz	a2,605e <USART_DMACmd+0xe>
    {
        USARTx->CTLR3 |= USART_DMAReq;
    6052:	01455783          	lhu	a5,20(a0)
    6056:	8fcd                	or	a5,a5,a1
    6058:	00f51a23          	sh	a5,20(a0)
    605c:	8082                	ret
    }
    else
    {
        USARTx->CTLR3 &= (uint16_t)~USART_DMAReq;
    605e:	01455783          	lhu	a5,20(a0)
    6062:	fff5c593          	not	a1,a1
    6066:	8dfd                	and	a1,a1,a5
    6068:	00b51a23          	sh	a1,20(a0)
    }
}
    606c:	8082                	ret

0000606e <USART_SetAddress>:
 *
 * @return  none
 */
void USART_SetAddress(USART_TypeDef *USARTx, uint8_t USART_Address)
{
    USARTx->CTLR2 &= CTLR2_Address_Mask;
    606e:	01055783          	lhu	a5,16(a0)
    6072:	07c2                	slli	a5,a5,0x10
    6074:	83c1                	srli	a5,a5,0x10
    6076:	9bc1                	andi	a5,a5,-16
    6078:	07c2                	slli	a5,a5,0x10
    607a:	83c1                	srli	a5,a5,0x10
    607c:	00f51823          	sh	a5,16(a0)
    USARTx->CTLR2 |= USART_Address;
    6080:	01055783          	lhu	a5,16(a0)
    6084:	8fcd                	or	a5,a5,a1
    6086:	00f51823          	sh	a5,16(a0)
}
    608a:	8082                	ret

0000608c <USART_WakeUpConfig>:
 *
 * @return  none
 */
void USART_WakeUpConfig(USART_TypeDef *USARTx, uint16_t USART_WakeUp)
{
    USARTx->CTLR1 &= CTLR1_WAKE_Mask;
    608c:	00c55783          	lhu	a5,12(a0)
    6090:	777d                	lui	a4,0xfffff
    6092:	7ff70713          	addi	a4,a4,2047 # fffff7ff <ERR_SECTION_BASE+0x7ff>
    6096:	8ff9                	and	a5,a5,a4
    6098:	00f51623          	sh	a5,12(a0)
    USARTx->CTLR1 |= USART_WakeUp;
    609c:	00c55783          	lhu	a5,12(a0)
    60a0:	8fcd                	or	a5,a5,a1
    60a2:	00f51623          	sh	a5,12(a0)
}
    60a6:	8082                	ret

000060a8 <USART_ReceiverWakeUpCmd>:
 *
 * @return  none
 */
void USART_ReceiverWakeUpCmd(USART_TypeDef *USARTx, FunctionalState NewState)
{
    if(NewState != DISABLE)
    60a8:	c981                	beqz	a1,60b8 <USART_ReceiverWakeUpCmd+0x10>
    {
        USARTx->CTLR1 |= CTLR1_RWU_Set;
    60aa:	00c55783          	lhu	a5,12(a0)
    60ae:	0027e793          	ori	a5,a5,2
    60b2:	00f51623          	sh	a5,12(a0)
    60b6:	8082                	ret
    }
    else
    {
        USARTx->CTLR1 &= CTLR1_RWU_Reset;
    60b8:	00c55783          	lhu	a5,12(a0)
    60bc:	07c2                	slli	a5,a5,0x10
    60be:	83c1                	srli	a5,a5,0x10
    60c0:	9bf5                	andi	a5,a5,-3
    60c2:	07c2                	slli	a5,a5,0x10
    60c4:	83c1                	srli	a5,a5,0x10
    60c6:	00f51623          	sh	a5,12(a0)
    }
}
    60ca:	8082                	ret

000060cc <USART_LINBreakDetectLengthConfig>:
 *
 * @return  none
 */
void USART_LINBreakDetectLengthConfig(USART_TypeDef *USARTx, uint16_t USART_LINBreakDetectLength)
{
    USARTx->CTLR2 &= CTLR2_LBDL_Mask;
    60cc:	01055783          	lhu	a5,16(a0)
    60d0:	07c2                	slli	a5,a5,0x10
    60d2:	83c1                	srli	a5,a5,0x10
    60d4:	fdf7f793          	andi	a5,a5,-33
    60d8:	07c2                	slli	a5,a5,0x10
    60da:	83c1                	srli	a5,a5,0x10
    60dc:	00f51823          	sh	a5,16(a0)
    USARTx->CTLR2 |= USART_LINBreakDetectLength;
    60e0:	01055783          	lhu	a5,16(a0)
    60e4:	8fcd                	or	a5,a5,a1
    60e6:	00f51823          	sh	a5,16(a0)
}
    60ea:	8082                	ret

000060ec <USART_LINCmd>:
 *
 * @return  none
 */
void USART_LINCmd(USART_TypeDef *USARTx, FunctionalState NewState)
{
    if(NewState != DISABLE)
    60ec:	c991                	beqz	a1,6100 <USART_LINCmd+0x14>
    {
        USARTx->CTLR2 |= CTLR2_LINEN_Set;
    60ee:	01055783          	lhu	a5,16(a0)
    60f2:	6711                	lui	a4,0x4
    60f4:	8fd9                	or	a5,a5,a4
    60f6:	07c2                	slli	a5,a5,0x10
    60f8:	83c1                	srli	a5,a5,0x10
    60fa:	00f51823          	sh	a5,16(a0)
    60fe:	8082                	ret
    }
    else
    {
        USARTx->CTLR2 &= CTLR2_LINEN_Reset;
    6100:	01055783          	lhu	a5,16(a0)
    6104:	7771                	lui	a4,0xffffc
    6106:	177d                	addi	a4,a4,-1 # ffffbfff <ERR_SECTION_BASE+0xffffcfff>
    6108:	8ff9                	and	a5,a5,a4
    610a:	00f51823          	sh	a5,16(a0)
    }
}
    610e:	8082                	ret

00006110 <USART_SendData>:
 *
 * @return  none
 */
void USART_SendData(USART_TypeDef *USARTx, uint16_t Data)
{
    USARTx->DATAR = (Data & (uint16_t)0x01FF);
    6110:	1ff5f593          	andi	a1,a1,511
    6114:	00b51223          	sh	a1,4(a0)
}
    6118:	8082                	ret

0000611a <USART_ReceiveData>:
 *
 * @return  The received data.
 */
uint16_t USART_ReceiveData(USART_TypeDef *USARTx)
{
    return (uint16_t)(USARTx->DATAR & (uint16_t)0x01FF);
    611a:	00455503          	lhu	a0,4(a0)
}
    611e:	1ff57513          	andi	a0,a0,511
    6122:	8082                	ret

00006124 <USART_SendBreak>:
 *
 * @return  none
 */
void USART_SendBreak(USART_TypeDef *USARTx)
{
    USARTx->CTLR1 |= CTLR1_SBK_Set;
    6124:	00c55783          	lhu	a5,12(a0)
    6128:	0017e793          	ori	a5,a5,1
    612c:	00f51623          	sh	a5,12(a0)
}
    6130:	8082                	ret

00006132 <USART_SetGuardTime>:
 *
 * @return  none
 */
void USART_SetGuardTime(USART_TypeDef *USARTx, uint8_t USART_GuardTime)
{
    USARTx->GPR &= GPR_LSB_Mask;
    6132:	01855783          	lhu	a5,24(a0)
    6136:	0ff7f793          	zext.b	a5,a5
    613a:	00f51c23          	sh	a5,24(a0)
    USARTx->GPR |= (uint16_t)((uint16_t)USART_GuardTime << 0x08);
    613e:	01855783          	lhu	a5,24(a0)
    6142:	05a2                	slli	a1,a1,0x8
    6144:	8fcd                	or	a5,a5,a1
    6146:	00f51c23          	sh	a5,24(a0)
}
    614a:	8082                	ret

0000614c <USART_SetPrescaler>:
 *
 * @return  none
 */
void USART_SetPrescaler(USART_TypeDef *USARTx, uint8_t USART_Prescaler)
{
    USARTx->GPR &= GPR_MSB_Mask;
    614c:	01855783          	lhu	a5,24(a0)
    6150:	07c2                	slli	a5,a5,0x10
    6152:	83c1                	srli	a5,a5,0x10
    6154:	f007f793          	andi	a5,a5,-256
    6158:	07c2                	slli	a5,a5,0x10
    615a:	83c1                	srli	a5,a5,0x10
    615c:	00f51c23          	sh	a5,24(a0)
    USARTx->GPR |= USART_Prescaler;
    6160:	01855783          	lhu	a5,24(a0)
    6164:	8fcd                	or	a5,a5,a1
    6166:	00f51c23          	sh	a5,24(a0)
}
    616a:	8082                	ret

0000616c <USART_SmartCardCmd>:
 *
 * @return  none
 */
void USART_SmartCardCmd(USART_TypeDef *USARTx, FunctionalState NewState)
{
    if(NewState != DISABLE)
    616c:	c981                	beqz	a1,617c <USART_SmartCardCmd+0x10>
    {
        USARTx->CTLR3 |= CTLR3_SCEN_Set;
    616e:	01455783          	lhu	a5,20(a0)
    6172:	0207e793          	ori	a5,a5,32
    6176:	00f51a23          	sh	a5,20(a0)
    617a:	8082                	ret
    }
    else
    {
        USARTx->CTLR3 &= CTLR3_SCEN_Reset;
    617c:	01455783          	lhu	a5,20(a0)
    6180:	07c2                	slli	a5,a5,0x10
    6182:	83c1                	srli	a5,a5,0x10
    6184:	fdf7f793          	andi	a5,a5,-33
    6188:	07c2                	slli	a5,a5,0x10
    618a:	83c1                	srli	a5,a5,0x10
    618c:	00f51a23          	sh	a5,20(a0)
    }
}
    6190:	8082                	ret

00006192 <USART_SmartCardNACKCmd>:
 *
 * @return  none
 */
void USART_SmartCardNACKCmd(USART_TypeDef *USARTx, FunctionalState NewState)
{
    if(NewState != DISABLE)
    6192:	c981                	beqz	a1,61a2 <USART_SmartCardNACKCmd+0x10>
    {
        USARTx->CTLR3 |= CTLR3_NACK_Set;
    6194:	01455783          	lhu	a5,20(a0)
    6198:	0107e793          	ori	a5,a5,16
    619c:	00f51a23          	sh	a5,20(a0)
    61a0:	8082                	ret
    }
    else
    {
        USARTx->CTLR3 &= CTLR3_NACK_Reset;
    61a2:	01455783          	lhu	a5,20(a0)
    61a6:	07c2                	slli	a5,a5,0x10
    61a8:	83c1                	srli	a5,a5,0x10
    61aa:	9bbd                	andi	a5,a5,-17
    61ac:	07c2                	slli	a5,a5,0x10
    61ae:	83c1                	srli	a5,a5,0x10
    61b0:	00f51a23          	sh	a5,20(a0)
    }
}
    61b4:	8082                	ret

000061b6 <USART_HalfDuplexCmd>:
 *
 * @return  none
 */
void USART_HalfDuplexCmd(USART_TypeDef *USARTx, FunctionalState NewState)
{
    if(NewState != DISABLE)
    61b6:	c981                	beqz	a1,61c6 <USART_HalfDuplexCmd+0x10>
    {
        USARTx->CTLR3 |= CTLR3_HDSEL_Set;
    61b8:	01455783          	lhu	a5,20(a0)
    61bc:	0087e793          	ori	a5,a5,8
    61c0:	00f51a23          	sh	a5,20(a0)
    61c4:	8082                	ret
    }
    else
    {
        USARTx->CTLR3 &= CTLR3_HDSEL_Reset;
    61c6:	01455783          	lhu	a5,20(a0)
    61ca:	07c2                	slli	a5,a5,0x10
    61cc:	83c1                	srli	a5,a5,0x10
    61ce:	9bdd                	andi	a5,a5,-9
    61d0:	07c2                	slli	a5,a5,0x10
    61d2:	83c1                	srli	a5,a5,0x10
    61d4:	00f51a23          	sh	a5,20(a0)
    }
}
    61d8:	8082                	ret

000061da <USART_IrDAConfig>:
 *
 * @return  none
 */
void USART_IrDAConfig(USART_TypeDef *USARTx, uint16_t USART_IrDAMode)
{
    USARTx->CTLR3 &= CTLR3_IRLP_Mask;
    61da:	01455783          	lhu	a5,20(a0)
    61de:	07c2                	slli	a5,a5,0x10
    61e0:	83c1                	srli	a5,a5,0x10
    61e2:	9bed                	andi	a5,a5,-5
    61e4:	07c2                	slli	a5,a5,0x10
    61e6:	83c1                	srli	a5,a5,0x10
    61e8:	00f51a23          	sh	a5,20(a0)
    USARTx->CTLR3 |= USART_IrDAMode;
    61ec:	01455783          	lhu	a5,20(a0)
    61f0:	8fcd                	or	a5,a5,a1
    61f2:	00f51a23          	sh	a5,20(a0)
}
    61f6:	8082                	ret

000061f8 <USART_IrDACmd>:
 *
 * @return  none
 */
void USART_IrDACmd(USART_TypeDef *USARTx, FunctionalState NewState)
{
    if(NewState != DISABLE)
    61f8:	c981                	beqz	a1,6208 <USART_IrDACmd+0x10>
    {
        USARTx->CTLR3 |= CTLR3_IREN_Set;
    61fa:	01455783          	lhu	a5,20(a0)
    61fe:	0027e793          	ori	a5,a5,2
    6202:	00f51a23          	sh	a5,20(a0)
    6206:	8082                	ret
    }
    else
    {
        USARTx->CTLR3 &= CTLR3_IREN_Reset;
    6208:	01455783          	lhu	a5,20(a0)
    620c:	07c2                	slli	a5,a5,0x10
    620e:	83c1                	srli	a5,a5,0x10
    6210:	9bf5                	andi	a5,a5,-3
    6212:	07c2                	slli	a5,a5,0x10
    6214:	83c1                	srli	a5,a5,0x10
    6216:	00f51a23          	sh	a5,20(a0)
    }
}
    621a:	8082                	ret

0000621c <USART_GetFlagStatus>:
 */
FlagStatus USART_GetFlagStatus(USART_TypeDef *USARTx, uint16_t USART_FLAG)
{
    FlagStatus bitstatus = RESET;

    if((USARTx->STATR & USART_FLAG) != (uint16_t)RESET)
    621c:	00055783          	lhu	a5,0(a0)
    6220:	8fed                	and	a5,a5,a1
    6222:	c399                	beqz	a5,6228 <USART_GetFlagStatus+0xc>
    {
        bitstatus = SET;
    6224:	4505                	li	a0,1
    6226:	8082                	ret
    }
    else
    {
        bitstatus = RESET;
    6228:	4501                	li	a0,0
    }
    return bitstatus;
}
    622a:	8082                	ret

0000622c <USART_ClearFlag>:
 * @return  none
 */
void USART_ClearFlag(USART_TypeDef *USARTx, uint16_t USART_FLAG)
{

    USARTx->STATR = (uint16_t)~USART_FLAG;
    622c:	fff5c593          	not	a1,a1
    6230:	05c2                	slli	a1,a1,0x10
    6232:	81c1                	srli	a1,a1,0x10
    6234:	00b51023          	sh	a1,0(a0)
}
    6238:	8082                	ret

0000623a <USART_GetITStatus>:
ITStatus USART_GetITStatus(USART_TypeDef *USARTx, uint16_t USART_IT)
{
    uint32_t bitpos = 0x00, itmask = 0x00, usartreg = 0x00;
    ITStatus bitstatus = RESET;

    usartreg = (((uint8_t)USART_IT) >> 0x05);
    623a:	0ff5f793          	zext.b	a5,a1
    623e:	8395                	srli	a5,a5,0x5
    itmask = USART_IT & IT_Mask;
    itmask = (uint32_t)0x01 << itmask;
    6240:	4685                	li	a3,1
    6242:	00b69733          	sll	a4,a3,a1

    if(usartreg == 0x01)
    6246:	02d78363          	beq	a5,a3,626c <USART_GetITStatus+0x32>
    {
        itmask &= USARTx->CTLR1;
    }
    else if(usartreg == 0x02)
    624a:	4689                	li	a3,2
    624c:	02d78463          	beq	a5,a3,6274 <USART_GetITStatus+0x3a>
    {
        itmask &= USARTx->CTLR2;
    }
    else
    {
        itmask &= USARTx->CTLR3;
    6250:	01455783          	lhu	a5,20(a0)
    6254:	8f7d                	and	a4,a4,a5
    }

    bitpos = USART_IT >> 0x08;
    6256:	81a1                	srli	a1,a1,0x8
    bitpos = (uint32_t)0x01 << bitpos;
    6258:	4785                	li	a5,1
    625a:	00b797b3          	sll	a5,a5,a1
    bitpos &= USARTx->STATR;
    625e:	00055683          	lhu	a3,0(a0)
    6262:	8efd                	and	a3,a3,a5

    if((itmask != (uint16_t)RESET) && (bitpos != (uint16_t)RESET))
    6264:	cf01                	beqz	a4,627c <USART_GetITStatus+0x42>
    6266:	ee89                	bnez	a3,6280 <USART_GetITStatus+0x46>
    {
        bitstatus = SET;
    }
    else
    {
        bitstatus = RESET;
    6268:	4501                	li	a0,0
    626a:	8082                	ret
        itmask &= USARTx->CTLR1;
    626c:	00c55783          	lhu	a5,12(a0)
    6270:	8f7d                	and	a4,a4,a5
    6272:	b7d5                	j	6256 <USART_GetITStatus+0x1c>
        itmask &= USARTx->CTLR2;
    6274:	01055783          	lhu	a5,16(a0)
    6278:	8f7d                	and	a4,a4,a5
    627a:	bff1                	j	6256 <USART_GetITStatus+0x1c>
        bitstatus = RESET;
    627c:	4501                	li	a0,0
    627e:	8082                	ret
        bitstatus = SET;
    6280:	4505                	li	a0,1
    }

    return bitstatus;
}
    6282:	8082                	ret

00006284 <USART_ClearITPendingBit>:
 */
void USART_ClearITPendingBit(USART_TypeDef *USARTx, uint16_t USART_IT)
{
    uint16_t bitpos = 0x00, itmask = 0x00;

    bitpos = USART_IT >> 0x08;
    6284:	81a1                	srli	a1,a1,0x8
    itmask = ((uint16_t)0x01 << (uint16_t)bitpos);
    6286:	4785                	li	a5,1
    6288:	00b797b3          	sll	a5,a5,a1
    628c:	07c2                	slli	a5,a5,0x10
    628e:	83c1                	srli	a5,a5,0x10
    USARTx->STATR = (uint16_t)~itmask;
    6290:	fff7c793          	not	a5,a5
    6294:	07c2                	slli	a5,a5,0x10
    6296:	83c1                	srli	a5,a5,0x10
    6298:	00f51023          	sh	a5,0(a0)
}
    629c:	8082                	ret

0000629e <TI1_Config>:
static void TI1_Config(TIM_TypeDef *TIMx, uint16_t TIM_ICPolarity, uint16_t TIM_ICSelection,
                       uint16_t TIM_ICFilter)
{
    uint16_t tmpccmr1 = 0, tmpccer = 0;

    TIMx->CCER &= (uint16_t) ~((uint16_t)TIM_CC1E);
    629e:	02055783          	lhu	a5,32(a0)
    62a2:	07c2                	slli	a5,a5,0x10
    62a4:	83c1                	srli	a5,a5,0x10
    62a6:	9bf9                	andi	a5,a5,-2
    62a8:	07c2                	slli	a5,a5,0x10
    62aa:	83c1                	srli	a5,a5,0x10
    62ac:	02f51023          	sh	a5,32(a0)
    tmpccmr1 = TIMx->CHCTLR1;
    62b0:	01855703          	lhu	a4,24(a0)
    62b4:	0742                	slli	a4,a4,0x10
    62b6:	8341                	srli	a4,a4,0x10
    tmpccer = TIMx->CCER;
    62b8:	02055783          	lhu	a5,32(a0)
    62bc:	07c2                	slli	a5,a5,0x10
    62be:	83c1                	srli	a5,a5,0x10
    tmpccmr1 &= (uint16_t)(((uint16_t) ~((uint16_t)TIM_CC1S)) & ((uint16_t) ~((uint16_t)TIM_IC1F)));
    62c0:	f0c77713          	andi	a4,a4,-244
    tmpccmr1 |= (uint16_t)(TIM_ICSelection | (uint16_t)(TIM_ICFilter << (uint16_t)4));
    62c4:	0692                	slli	a3,a3,0x4
    62c6:	06c2                	slli	a3,a3,0x10
    62c8:	82c1                	srli	a3,a3,0x10
    62ca:	8ed1                	or	a3,a3,a2
    62cc:	8f55                	or	a4,a4,a3

    tmpccer &= (uint16_t) ~((uint16_t)(TIM_CC1P));
    62ce:	9bf5                	andi	a5,a5,-3
    tmpccer |= (uint16_t)(TIM_ICPolarity | (uint16_t)TIM_CC1E);
    62d0:	8fcd                	or	a5,a5,a1
    62d2:	0017e793          	ori	a5,a5,1
 
    TIMx->CHCTLR1 = tmpccmr1;
    62d6:	00e51c23          	sh	a4,24(a0)
    TIMx->CCER = tmpccer;
    62da:	02f51023          	sh	a5,32(a0)
}
    62de:	8082                	ret

000062e0 <TI2_Config>:
static void TI2_Config(TIM_TypeDef *TIMx, uint16_t TIM_ICPolarity, uint16_t TIM_ICSelection,
                       uint16_t TIM_ICFilter)
{
    uint16_t tmpccmr1 = 0, tmpccer = 0, tmp = 0;

    TIMx->CCER &= (uint16_t) ~((uint16_t)TIM_CC2E);
    62e0:	02055783          	lhu	a5,32(a0)
    62e4:	07c2                	slli	a5,a5,0x10
    62e6:	83c1                	srli	a5,a5,0x10
    62e8:	9bbd                	andi	a5,a5,-17
    62ea:	07c2                	slli	a5,a5,0x10
    62ec:	83c1                	srli	a5,a5,0x10
    62ee:	02f51023          	sh	a5,32(a0)
    tmpccmr1 = TIMx->CHCTLR1;
    62f2:	01855703          	lhu	a4,24(a0)
    tmpccer = TIMx->CCER;
    62f6:	02055783          	lhu	a5,32(a0)
    62fa:	07c2                	slli	a5,a5,0x10
    62fc:	83c1                	srli	a5,a5,0x10
    tmp = (uint16_t)(TIM_ICPolarity << 4);
    62fe:	0592                	slli	a1,a1,0x4
    6300:	05c2                	slli	a1,a1,0x10
    6302:	81c1                	srli	a1,a1,0x10
    tmpccmr1 &= (uint16_t)(((uint16_t) ~((uint16_t)TIM_CC2S)) & ((uint16_t) ~((uint16_t)TIM_IC2F)));
    6304:	6805                	lui	a6,0x1
    6306:	cff80813          	addi	a6,a6,-769 # cff <hal_tim_pwm_update+0x12f>
    630a:	01077733          	and	a4,a4,a6
    tmpccmr1 |= (uint16_t)(TIM_ICFilter << 12);
    630e:	06b2                	slli	a3,a3,0xc
    6310:	06c2                	slli	a3,a3,0x10
    6312:	82c1                	srli	a3,a3,0x10
    6314:	8ed9                	or	a3,a3,a4
    tmpccmr1 |= (uint16_t)(TIM_ICSelection << 8);
    6316:	0622                	slli	a2,a2,0x8
    6318:	0642                	slli	a2,a2,0x10
    631a:	8241                	srli	a2,a2,0x10
    631c:	8e55                	or	a2,a2,a3

    tmpccer &= (uint16_t) ~((uint16_t)(TIM_CC2P));
    631e:	fdf7f793          	andi	a5,a5,-33
    tmpccer |= (uint16_t)(tmp | (uint16_t)TIM_CC2E);
    6322:	8fcd                	or	a5,a5,a1
    6324:	0107e793          	ori	a5,a5,16

    TIMx->CHCTLR1 = tmpccmr1;
    6328:	00c51c23          	sh	a2,24(a0)
    TIMx->CCER = tmpccer;
    632c:	02f51023          	sh	a5,32(a0)
}
    6330:	8082                	ret

00006332 <TI3_Config>:
static void TI3_Config(TIM_TypeDef *TIMx, uint16_t TIM_ICPolarity, uint16_t TIM_ICSelection,
                       uint16_t TIM_ICFilter)
{
    uint16_t tmpccmr2 = 0, tmpccer = 0, tmp = 0;

    TIMx->CCER &= (uint16_t) ~((uint16_t)TIM_CC3E);
    6332:	02055783          	lhu	a5,32(a0)
    6336:	07c2                	slli	a5,a5,0x10
    6338:	83c1                	srli	a5,a5,0x10
    633a:	eff7f793          	andi	a5,a5,-257
    633e:	07c2                	slli	a5,a5,0x10
    6340:	83c1                	srli	a5,a5,0x10
    6342:	02f51023          	sh	a5,32(a0)
    tmpccmr2 = TIMx->CHCTLR2;
    6346:	01c55703          	lhu	a4,28(a0)
    634a:	0742                	slli	a4,a4,0x10
    634c:	8341                	srli	a4,a4,0x10
    tmpccer = TIMx->CCER;
    634e:	02055783          	lhu	a5,32(a0)
    6352:	07c2                	slli	a5,a5,0x10
    6354:	83c1                	srli	a5,a5,0x10
    tmp = (uint16_t)(TIM_ICPolarity << 8);
    6356:	05a2                	slli	a1,a1,0x8
    6358:	05c2                	slli	a1,a1,0x10
    635a:	81c1                	srli	a1,a1,0x10
    tmpccmr2 &= (uint16_t)(((uint16_t) ~((uint16_t)TIM_CC3S)) & ((uint16_t) ~((uint16_t)TIM_IC3F)));
    635c:	f0c77713          	andi	a4,a4,-244
    tmpccmr2 |= (uint16_t)(TIM_ICSelection | (uint16_t)(TIM_ICFilter << (uint16_t)4));
    6360:	0692                	slli	a3,a3,0x4
    6362:	06c2                	slli	a3,a3,0x10
    6364:	82c1                	srli	a3,a3,0x10
    6366:	8ed1                	or	a3,a3,a2
    6368:	8f55                	or	a4,a4,a3

    tmpccer &= (uint16_t) ~((uint16_t)(TIM_CC3P));
    636a:	dff7f793          	andi	a5,a5,-513
    tmpccer |= (uint16_t)(tmp | (uint16_t)TIM_CC3E);
    636e:	8fcd                	or	a5,a5,a1
    6370:	1007e793          	ori	a5,a5,256

    TIMx->CHCTLR2 = tmpccmr2;
    6374:	00e51e23          	sh	a4,28(a0)
    TIMx->CCER = tmpccer;
    6378:	02f51023          	sh	a5,32(a0)
}
    637c:	8082                	ret

0000637e <TI4_Config>:
static void TI4_Config(TIM_TypeDef *TIMx, uint16_t TIM_ICPolarity, uint16_t TIM_ICSelection,
                       uint16_t TIM_ICFilter)
{
    uint16_t tmpccmr2 = 0, tmpccer = 0, tmp = 0;

    TIMx->CCER &= (uint16_t) ~((uint16_t)TIM_CC4E);
    637e:	02055783          	lhu	a5,32(a0)
    6382:	777d                	lui	a4,0xfffff
    6384:	177d                	addi	a4,a4,-1 # ffffefff <ERR_SECTION_BASE+0xffffffff>
    6386:	8ff9                	and	a5,a5,a4
    6388:	02f51023          	sh	a5,32(a0)
    tmpccmr2 = TIMx->CHCTLR2;
    638c:	01c55703          	lhu	a4,28(a0)
    tmpccer = TIMx->CCER;
    6390:	02055783          	lhu	a5,32(a0)
    tmp = (uint16_t)(TIM_ICPolarity << 12);
    6394:	05b2                	slli	a1,a1,0xc
    6396:	05c2                	slli	a1,a1,0x10
    6398:	81c1                	srli	a1,a1,0x10
    tmpccmr2 &= (uint16_t)((uint16_t)(~(uint16_t)TIM_CC4S) & ((uint16_t) ~((uint16_t)TIM_IC4F)));
    639a:	6805                	lui	a6,0x1
    639c:	cff80813          	addi	a6,a6,-769 # cff <hal_tim_pwm_update+0x12f>
    63a0:	01077733          	and	a4,a4,a6
    tmpccmr2 |= (uint16_t)(TIM_ICSelection << 8);
    63a4:	0622                	slli	a2,a2,0x8
    63a6:	0642                	slli	a2,a2,0x10
    63a8:	8241                	srli	a2,a2,0x10
    63aa:	8e59                	or	a2,a2,a4
    tmpccmr2 |= (uint16_t)(TIM_ICFilter << 12);
    63ac:	06b2                	slli	a3,a3,0xc
    63ae:	06c2                	slli	a3,a3,0x10
    63b0:	82c1                	srli	a3,a3,0x10
    63b2:	8ed1                	or	a3,a3,a2

    tmpccer &= (uint16_t) ~((uint16_t)(TIM_CC4P));
    63b4:	7779                	lui	a4,0xffffe
    63b6:	177d                	addi	a4,a4,-1 # ffffdfff <ERR_SECTION_BASE+0xffffefff>
    63b8:	8ff9                	and	a5,a5,a4
    tmpccer |= (uint16_t)(tmp | (uint16_t)TIM_CC4E);
    63ba:	8ddd                	or	a1,a1,a5
    63bc:	6785                	lui	a5,0x1
    63be:	8ddd                	or	a1,a1,a5
    63c0:	05c2                	slli	a1,a1,0x10
    63c2:	81c1                	srli	a1,a1,0x10

    TIMx->CHCTLR2 = tmpccmr2;
    63c4:	00d51e23          	sh	a3,28(a0)
    TIMx->CCER = tmpccer;
    63c8:	02b51023          	sh	a1,32(a0)
}
    63cc:	8082                	ret

000063ce <TIM_DeInit>:
{
    63ce:	1141                	addi	sp,sp,-16
    63d0:	c606                	sw	ra,12(sp)
    63d2:	c422                	sw	s0,8(sp)
    if(TIMx == TIM1)
    63d4:	400137b7          	lui	a5,0x40013
    63d8:	c0078793          	addi	a5,a5,-1024 # 40012c00 <_eusrstack+0x2000ac00>
    63dc:	06f50d63          	beq	a0,a5,6456 <TIM_DeInit+0x88>
    else if(TIMx == TIM8)
    63e0:	400137b7          	lui	a5,0x40013
    63e4:	40078793          	addi	a5,a5,1024 # 40013400 <_eusrstack+0x2000b400>
    63e8:	08f50663          	beq	a0,a5,6474 <TIM_DeInit+0xa6>
    else if(TIMx == TIM9)
    63ec:	400157b7          	lui	a5,0x40015
    63f0:	c0078793          	addi	a5,a5,-1024 # 40014c00 <_eusrstack+0x2000cc00>
    63f4:	08f50963          	beq	a0,a5,6486 <TIM_DeInit+0xb8>
    else if(TIMx == TIM10)
    63f8:	400157b7          	lui	a5,0x40015
    63fc:	0af50063          	beq	a0,a5,649c <TIM_DeInit+0xce>
    else if(TIMx == TIM2)
    6400:	400007b7          	lui	a5,0x40000
    6404:	0af50763          	beq	a0,a5,64b2 <TIM_DeInit+0xe4>
    else if(TIMx == TIM3)
    6408:	400007b7          	lui	a5,0x40000
    640c:	40078793          	addi	a5,a5,1024 # 40000400 <_eusrstack+0x1fff8400>
    6410:	0af50a63          	beq	a0,a5,64c4 <TIM_DeInit+0xf6>
    else if(TIMx == TIM4)
    6414:	400017b7          	lui	a5,0x40001
    6418:	80078793          	addi	a5,a5,-2048 # 40000800 <_eusrstack+0x1fff8800>
    641c:	0af50d63          	beq	a0,a5,64d6 <TIM_DeInit+0x108>
    else if(TIMx == TIM5)
    6420:	400017b7          	lui	a5,0x40001
    6424:	c0078793          	addi	a5,a5,-1024 # 40000c00 <_eusrstack+0x1fff8c00>
    6428:	0cf50063          	beq	a0,a5,64e8 <TIM_DeInit+0x11a>
    else if(TIMx == TIM6)
    642c:	400017b7          	lui	a5,0x40001
    6430:	0cf50563          	beq	a0,a5,64fa <TIM_DeInit+0x12c>
    else if(TIMx == TIM7)
    6434:	400017b7          	lui	a5,0x40001
    6438:	40078793          	addi	a5,a5,1024 # 40001400 <_eusrstack+0x1fff9400>
    643c:	02f51863          	bne	a0,a5,646c <TIM_DeInit+0x9e>
        RCC_APB1PeriphResetCmd(RCC_APB1Periph_TIM7, ENABLE);
    6440:	4585                	li	a1,1
    6442:	02000513          	li	a0,32
    6446:	e82ff0ef          	jal	ra,5ac8 <RCC_APB1PeriphResetCmd>
        RCC_APB1PeriphResetCmd(RCC_APB1Periph_TIM7, DISABLE);
    644a:	4581                	li	a1,0
    644c:	02000513          	li	a0,32
    6450:	e78ff0ef          	jal	ra,5ac8 <RCC_APB1PeriphResetCmd>
}
    6454:	a821                	j	646c <TIM_DeInit+0x9e>
        RCC_APB2PeriphResetCmd(RCC_APB2Periph_TIM1, ENABLE);
    6456:	4585                	li	a1,1
    6458:	6405                	lui	s0,0x1
    645a:	80040513          	addi	a0,s0,-2048 # 800 <s_tim_oc_setup+0x1a6>
    645e:	e4cff0ef          	jal	ra,5aaa <RCC_APB2PeriphResetCmd>
        RCC_APB2PeriphResetCmd(RCC_APB2Periph_TIM1, DISABLE);
    6462:	4581                	li	a1,0
    6464:	80040513          	addi	a0,s0,-2048
    6468:	e42ff0ef          	jal	ra,5aaa <RCC_APB2PeriphResetCmd>
}
    646c:	40b2                	lw	ra,12(sp)
    646e:	4422                	lw	s0,8(sp)
    6470:	0141                	addi	sp,sp,16
    6472:	8082                	ret
        RCC_APB2PeriphResetCmd(RCC_APB2Periph_TIM8, ENABLE);
    6474:	4585                	li	a1,1
    6476:	6509                	lui	a0,0x2
    6478:	e32ff0ef          	jal	ra,5aaa <RCC_APB2PeriphResetCmd>
        RCC_APB2PeriphResetCmd(RCC_APB2Periph_TIM8, DISABLE);
    647c:	4581                	li	a1,0
    647e:	6509                	lui	a0,0x2
    6480:	e2aff0ef          	jal	ra,5aaa <RCC_APB2PeriphResetCmd>
    6484:	b7e5                	j	646c <TIM_DeInit+0x9e>
        RCC_APB2PeriphResetCmd(RCC_APB2Periph_TIM9, ENABLE);
    6486:	4585                	li	a1,1
    6488:	00080537          	lui	a0,0x80
    648c:	e1eff0ef          	jal	ra,5aaa <RCC_APB2PeriphResetCmd>
        RCC_APB2PeriphResetCmd(RCC_APB2Periph_TIM9, DISABLE);
    6490:	4581                	li	a1,0
    6492:	00080537          	lui	a0,0x80
    6496:	e14ff0ef          	jal	ra,5aaa <RCC_APB2PeriphResetCmd>
    649a:	bfc9                	j	646c <TIM_DeInit+0x9e>
        RCC_APB2PeriphResetCmd(RCC_APB2Periph_TIM10, ENABLE);
    649c:	4585                	li	a1,1
    649e:	00100537          	lui	a0,0x100
    64a2:	e08ff0ef          	jal	ra,5aaa <RCC_APB2PeriphResetCmd>
        RCC_APB2PeriphResetCmd(RCC_APB2Periph_TIM10, DISABLE);
    64a6:	4581                	li	a1,0
    64a8:	00100537          	lui	a0,0x100
    64ac:	dfeff0ef          	jal	ra,5aaa <RCC_APB2PeriphResetCmd>
    64b0:	bf75                	j	646c <TIM_DeInit+0x9e>
        RCC_APB1PeriphResetCmd(RCC_APB1Periph_TIM2, ENABLE);
    64b2:	4585                	li	a1,1
    64b4:	4505                	li	a0,1
    64b6:	e12ff0ef          	jal	ra,5ac8 <RCC_APB1PeriphResetCmd>
        RCC_APB1PeriphResetCmd(RCC_APB1Periph_TIM2, DISABLE);
    64ba:	4581                	li	a1,0
    64bc:	4505                	li	a0,1
    64be:	e0aff0ef          	jal	ra,5ac8 <RCC_APB1PeriphResetCmd>
    64c2:	b76d                	j	646c <TIM_DeInit+0x9e>
        RCC_APB1PeriphResetCmd(RCC_APB1Periph_TIM3, ENABLE);
    64c4:	4585                	li	a1,1
    64c6:	4509                	li	a0,2
    64c8:	e00ff0ef          	jal	ra,5ac8 <RCC_APB1PeriphResetCmd>
        RCC_APB1PeriphResetCmd(RCC_APB1Periph_TIM3, DISABLE);
    64cc:	4581                	li	a1,0
    64ce:	4509                	li	a0,2
    64d0:	df8ff0ef          	jal	ra,5ac8 <RCC_APB1PeriphResetCmd>
    64d4:	bf61                	j	646c <TIM_DeInit+0x9e>
        RCC_APB1PeriphResetCmd(RCC_APB1Periph_TIM4, ENABLE);
    64d6:	4585                	li	a1,1
    64d8:	4511                	li	a0,4
    64da:	deeff0ef          	jal	ra,5ac8 <RCC_APB1PeriphResetCmd>
        RCC_APB1PeriphResetCmd(RCC_APB1Periph_TIM4, DISABLE);
    64de:	4581                	li	a1,0
    64e0:	4511                	li	a0,4
    64e2:	de6ff0ef          	jal	ra,5ac8 <RCC_APB1PeriphResetCmd>
    64e6:	b759                	j	646c <TIM_DeInit+0x9e>
        RCC_APB1PeriphResetCmd(RCC_APB1Periph_TIM5, ENABLE);
    64e8:	4585                	li	a1,1
    64ea:	4521                	li	a0,8
    64ec:	ddcff0ef          	jal	ra,5ac8 <RCC_APB1PeriphResetCmd>
        RCC_APB1PeriphResetCmd(RCC_APB1Periph_TIM5, DISABLE);
    64f0:	4581                	li	a1,0
    64f2:	4521                	li	a0,8
    64f4:	dd4ff0ef          	jal	ra,5ac8 <RCC_APB1PeriphResetCmd>
    64f8:	bf95                	j	646c <TIM_DeInit+0x9e>
        RCC_APB1PeriphResetCmd(RCC_APB1Periph_TIM6, ENABLE);
    64fa:	4585                	li	a1,1
    64fc:	4541                	li	a0,16
    64fe:	dcaff0ef          	jal	ra,5ac8 <RCC_APB1PeriphResetCmd>
        RCC_APB1PeriphResetCmd(RCC_APB1Periph_TIM6, DISABLE);
    6502:	4581                	li	a1,0
    6504:	4541                	li	a0,16
    6506:	dc2ff0ef          	jal	ra,5ac8 <RCC_APB1PeriphResetCmd>
    650a:	b78d                	j	646c <TIM_DeInit+0x9e>

0000650c <TIM_TimeBaseInit>:
    temper1 = ((*( uint32_t * )0x1FFFF704) & 0x000000F0) >> 4;
    650c:	1ffff7b7          	lui	a5,0x1ffff
    6510:	7047a703          	lw	a4,1796(a5) # 1ffff704 <_data_lma+0x1fff662c>
    6514:	8311                	srli	a4,a4,0x4
    6516:	8b3d                	andi	a4,a4,15
    tmpcr1 = TIMx->CTLR1;
    6518:	00055783          	lhu	a5,0(a0) # 100000 <_data_lma+0xf6f28>
    651c:	07c2                	slli	a5,a5,0x10
    651e:	83c1                	srli	a5,a5,0x10
    if(((temper1>=4)&&(temper1<=8))&&((TIMx == TIM1) || (TIMx == TIM8) || (TIMx == TIM9) || (TIMx == TIM10)))
    6520:	1771                	addi	a4,a4,-4
    6522:	4691                	li	a3,4
    6524:	02e6ec63          	bltu	a3,a4,655c <TIM_TimeBaseInit+0x50>
    6528:	40013737          	lui	a4,0x40013
    652c:	c0070713          	addi	a4,a4,-1024 # 40012c00 <_eusrstack+0x2000ac00>
    6530:	02e50263          	beq	a0,a4,6554 <TIM_TimeBaseInit+0x48>
    6534:	40013737          	lui	a4,0x40013
    6538:	40070713          	addi	a4,a4,1024 # 40013400 <_eusrstack+0x2000b400>
    653c:	00e50c63          	beq	a0,a4,6554 <TIM_TimeBaseInit+0x48>
    6540:	40015737          	lui	a4,0x40015
    6544:	c0070713          	addi	a4,a4,-1024 # 40014c00 <_eusrstack+0x2000cc00>
    6548:	00e50663          	beq	a0,a4,6554 <TIM_TimeBaseInit+0x48>
    654c:	40015737          	lui	a4,0x40015
    6550:	00e51663          	bne	a0,a4,655c <TIM_TimeBaseInit+0x50>
        tmpcr1 |= 1<<13;
    6554:	6709                	lui	a4,0x2
    6556:	8fd9                	or	a5,a5,a4
    6558:	07c2                	slli	a5,a5,0x10
    655a:	83c1                	srli	a5,a5,0x10
    if((TIMx == TIM1) || (TIMx == TIM2) || (TIMx == TIM3) || (TIMx == TIM4) ||
    655c:	40013737          	lui	a4,0x40013
    6560:	c0070713          	addi	a4,a4,-1024 # 40012c00 <_eusrstack+0x2000ac00>
    6564:	04e50663          	beq	a0,a4,65b0 <TIM_TimeBaseInit+0xa4>
    6568:	40000737          	lui	a4,0x40000
    656c:	04e50263          	beq	a0,a4,65b0 <TIM_TimeBaseInit+0xa4>
    6570:	40070713          	addi	a4,a4,1024 # 40000400 <_eusrstack+0x1fff8400>
    6574:	02e50e63          	beq	a0,a4,65b0 <TIM_TimeBaseInit+0xa4>
    6578:	40001737          	lui	a4,0x40001
    657c:	80070713          	addi	a4,a4,-2048 # 40000800 <_eusrstack+0x1fff8800>
    6580:	02e50863          	beq	a0,a4,65b0 <TIM_TimeBaseInit+0xa4>
    6584:	40001737          	lui	a4,0x40001
    6588:	c0070713          	addi	a4,a4,-1024 # 40000c00 <_eusrstack+0x1fff8c00>
    658c:	02e50263          	beq	a0,a4,65b0 <TIM_TimeBaseInit+0xa4>
       (TIMx == TIM5) || (TIMx == TIM8) || (TIMx == TIM9) || (TIMx == TIM10))
    6590:	40013737          	lui	a4,0x40013
    6594:	40070713          	addi	a4,a4,1024 # 40013400 <_eusrstack+0x2000b400>
    6598:	00e50c63          	beq	a0,a4,65b0 <TIM_TimeBaseInit+0xa4>
    659c:	40015737          	lui	a4,0x40015
    65a0:	c0070713          	addi	a4,a4,-1024 # 40014c00 <_eusrstack+0x2000cc00>
    65a4:	00e50663          	beq	a0,a4,65b0 <TIM_TimeBaseInit+0xa4>
    65a8:	40015737          	lui	a4,0x40015
    65ac:	00e51963          	bne	a0,a4,65be <TIM_TimeBaseInit+0xb2>
        tmpcr1 &= (uint16_t)(~((uint16_t)(TIM_DIR | TIM_CMS)));
    65b0:	f8f7f793          	andi	a5,a5,-113
    65b4:	07c2                	slli	a5,a5,0x10
    65b6:	83c1                	srli	a5,a5,0x10
        tmpcr1 |= (uint32_t)TIM_TimeBaseInitStruct->TIM_CounterMode;
    65b8:	0025d703          	lhu	a4,2(a1)
    65bc:	8fd9                	or	a5,a5,a4
    if((TIMx != TIM6) && (TIMx != TIM7))
    65be:	40001737          	lui	a4,0x40001
    65c2:	00e50d63          	beq	a0,a4,65dc <TIM_TimeBaseInit+0xd0>
    65c6:	40070713          	addi	a4,a4,1024 # 40001400 <_eusrstack+0x1fff9400>
    65ca:	00e50963          	beq	a0,a4,65dc <TIM_TimeBaseInit+0xd0>
        tmpcr1 &= (uint16_t)(~((uint16_t)TIM_CTLR1_CKD));
    65ce:	cff7f793          	andi	a5,a5,-769
    65d2:	07c2                	slli	a5,a5,0x10
    65d4:	83c1                	srli	a5,a5,0x10
        tmpcr1 |= (uint32_t)TIM_TimeBaseInitStruct->TIM_ClockDivision;
    65d6:	0065d703          	lhu	a4,6(a1)
    65da:	8fd9                	or	a5,a5,a4
    TIMx->CTLR1 = tmpcr1;
    65dc:	00f51023          	sh	a5,0(a0)
    TIMx->ATRLR = TIM_TimeBaseInitStruct->TIM_Period;
    65e0:	0045d783          	lhu	a5,4(a1)
    65e4:	02f51623          	sh	a5,44(a0)
    TIMx->PSC = TIM_TimeBaseInitStruct->TIM_Prescaler;
    65e8:	0005d783          	lhu	a5,0(a1)
    65ec:	02f51423          	sh	a5,40(a0)
    if((TIMx == TIM1) || (TIMx == TIM8) || (TIMx == TIM9) || (TIMx == TIM10))
    65f0:	400137b7          	lui	a5,0x40013
    65f4:	c0078793          	addi	a5,a5,-1024 # 40012c00 <_eusrstack+0x2000ac00>
    65f8:	02f50263          	beq	a0,a5,661c <TIM_TimeBaseInit+0x110>
    65fc:	400137b7          	lui	a5,0x40013
    6600:	40078793          	addi	a5,a5,1024 # 40013400 <_eusrstack+0x2000b400>
    6604:	00f50c63          	beq	a0,a5,661c <TIM_TimeBaseInit+0x110>
    6608:	400157b7          	lui	a5,0x40015
    660c:	c0078793          	addi	a5,a5,-1024 # 40014c00 <_eusrstack+0x2000cc00>
    6610:	00f50663          	beq	a0,a5,661c <TIM_TimeBaseInit+0x110>
    6614:	400157b7          	lui	a5,0x40015
    6618:	00f51663          	bne	a0,a5,6624 <TIM_TimeBaseInit+0x118>
        TIMx->RPTCR = TIM_TimeBaseInitStruct->TIM_RepetitionCounter;
    661c:	0085c783          	lbu	a5,8(a1)
    6620:	02f51823          	sh	a5,48(a0)
    TIMx->SWEVGR = TIM_PSCReloadMode_Immediate;
    6624:	4785                	li	a5,1
    6626:	00f51a23          	sh	a5,20(a0)
}
    662a:	8082                	ret

0000662c <TIM_OC1Init>:
    TIMx->CCER &= (uint16_t)(~(uint16_t)TIM_CC1E);
    662c:	02055783          	lhu	a5,32(a0)
    6630:	07c2                	slli	a5,a5,0x10
    6632:	83c1                	srli	a5,a5,0x10
    6634:	9bf9                	andi	a5,a5,-2
    6636:	07c2                	slli	a5,a5,0x10
    6638:	83c1                	srli	a5,a5,0x10
    663a:	02f51023          	sh	a5,32(a0)
    tmpccer = TIMx->CCER;
    663e:	02055603          	lhu	a2,32(a0)
    6642:	0642                	slli	a2,a2,0x10
    6644:	8241                	srli	a2,a2,0x10
    tmpcr2 = TIMx->CTLR2;
    6646:	00455703          	lhu	a4,4(a0)
    664a:	0742                	slli	a4,a4,0x10
    664c:	8341                	srli	a4,a4,0x10
    tmpccmrx = TIMx->CHCTLR1;
    664e:	01855683          	lhu	a3,24(a0)
    6652:	06c2                	slli	a3,a3,0x10
    6654:	82c1                	srli	a3,a3,0x10
    tmpccmrx &= (uint16_t)(~((uint16_t)TIM_CC1S));
    6656:	f8c6f693          	andi	a3,a3,-116
    tmpccmrx |= TIM_OCInitStruct->TIM_OCMode;
    665a:	0005d783          	lhu	a5,0(a1)
    665e:	8edd                	or	a3,a3,a5
    tmpccer &= (uint16_t)(~((uint16_t)TIM_CC1P));
    6660:	9a75                	andi	a2,a2,-3
    tmpccer |= TIM_OCInitStruct->TIM_OCPolarity;
    6662:	0085d783          	lhu	a5,8(a1)
    6666:	8e5d                	or	a2,a2,a5
    tmpccer |= TIM_OCInitStruct->TIM_OutputState;
    6668:	0025d783          	lhu	a5,2(a1)
    666c:	8fd1                	or	a5,a5,a2
    if((TIMx == TIM1) || (TIMx == TIM8) || (TIMx == TIM9) || (TIMx == TIM10))
    666e:	40013637          	lui	a2,0x40013
    6672:	c0060613          	addi	a2,a2,-1024 # 40012c00 <_eusrstack+0x2000ac00>
    6676:	02c50263          	beq	a0,a2,669a <TIM_OC1Init+0x6e>
    667a:	40013637          	lui	a2,0x40013
    667e:	40060613          	addi	a2,a2,1024 # 40013400 <_eusrstack+0x2000b400>
    6682:	00c50c63          	beq	a0,a2,669a <TIM_OC1Init+0x6e>
    6686:	40015637          	lui	a2,0x40015
    668a:	c0060613          	addi	a2,a2,-1024 # 40014c00 <_eusrstack+0x2000cc00>
    668e:	00c50663          	beq	a0,a2,669a <TIM_OC1Init+0x6e>
    6692:	40015637          	lui	a2,0x40015
    6696:	02c51263          	bne	a0,a2,66ba <TIM_OC1Init+0x8e>
        tmpccer &= (uint16_t)(~((uint16_t)TIM_CC1NP));
    669a:	9bdd                	andi	a5,a5,-9
        tmpccer |= TIM_OCInitStruct->TIM_OCNPolarity;
    669c:	00a5d603          	lhu	a2,10(a1)
    66a0:	8fd1                	or	a5,a5,a2
        tmpccer &= (uint16_t)(~((uint16_t)TIM_CC1NE));
    66a2:	9bed                	andi	a5,a5,-5
        tmpccer |= TIM_OCInitStruct->TIM_OutputNState;
    66a4:	0045d603          	lhu	a2,4(a1)
    66a8:	8fd1                	or	a5,a5,a2
        tmpcr2 &= (uint16_t)(~((uint16_t)TIM_OIS1N));
    66aa:	cff77713          	andi	a4,a4,-769
        tmpcr2 |= TIM_OCInitStruct->TIM_OCIdleState;
    66ae:	00c5d603          	lhu	a2,12(a1)
    66b2:	8f51                	or	a4,a4,a2
        tmpcr2 |= TIM_OCInitStruct->TIM_OCNIdleState;
    66b4:	00e5d603          	lhu	a2,14(a1)
    66b8:	8f51                	or	a4,a4,a2
    TIMx->CTLR2 = tmpcr2;
    66ba:	00e51223          	sh	a4,4(a0)
    TIMx->CHCTLR1 = tmpccmrx;
    66be:	00d51c23          	sh	a3,24(a0)
    TIMx->CH1CVR = TIM_OCInitStruct->TIM_Pulse;
    66c2:	0065d703          	lhu	a4,6(a1)
    66c6:	02e51a23          	sh	a4,52(a0)
    TIMx->CCER = tmpccer;
    66ca:	02f51023          	sh	a5,32(a0)
}
    66ce:	8082                	ret

000066d0 <TIM_OC2Init>:
    TIMx->CCER &= (uint16_t)(~((uint16_t)TIM_CC2E));
    66d0:	02055783          	lhu	a5,32(a0)
    66d4:	07c2                	slli	a5,a5,0x10
    66d6:	83c1                	srli	a5,a5,0x10
    66d8:	9bbd                	andi	a5,a5,-17
    66da:	07c2                	slli	a5,a5,0x10
    66dc:	83c1                	srli	a5,a5,0x10
    66de:	02f51023          	sh	a5,32(a0)
    tmpccer = TIMx->CCER;
    66e2:	02055683          	lhu	a3,32(a0)
    66e6:	06c2                	slli	a3,a3,0x10
    66e8:	82c1                	srli	a3,a3,0x10
    tmpcr2 = TIMx->CTLR2;
    66ea:	00455703          	lhu	a4,4(a0)
    66ee:	0742                	slli	a4,a4,0x10
    66f0:	8341                	srli	a4,a4,0x10
    tmpccmrx = TIMx->CHCTLR1;
    66f2:	01855603          	lhu	a2,24(a0)
    tmpccmrx &= (uint16_t)(~((uint16_t)TIM_CC2S));
    66f6:	77e5                	lui	a5,0xffff9
    66f8:	cff78793          	addi	a5,a5,-769 # ffff8cff <ERR_SECTION_BASE+0xffff9cff>
    66fc:	8e7d                	and	a2,a2,a5
    tmpccmrx |= (uint16_t)(TIM_OCInitStruct->TIM_OCMode << 8);
    66fe:	0005d783          	lhu	a5,0(a1)
    6702:	07a2                	slli	a5,a5,0x8
    6704:	07c2                	slli	a5,a5,0x10
    6706:	83c1                	srli	a5,a5,0x10
    6708:	8e5d                	or	a2,a2,a5
    tmpccer &= (uint16_t)(~((uint16_t)TIM_CC2P));
    670a:	fdf6f693          	andi	a3,a3,-33
    tmpccer |= (uint16_t)(TIM_OCInitStruct->TIM_OCPolarity << 4);
    670e:	0085d783          	lhu	a5,8(a1)
    6712:	0792                	slli	a5,a5,0x4
    6714:	07c2                	slli	a5,a5,0x10
    6716:	83c1                	srli	a5,a5,0x10
    6718:	8edd                	or	a3,a3,a5
    tmpccer |= (uint16_t)(TIM_OCInitStruct->TIM_OutputState << 4);
    671a:	0025d783          	lhu	a5,2(a1)
    671e:	0792                	slli	a5,a5,0x4
    6720:	07c2                	slli	a5,a5,0x10
    6722:	83c1                	srli	a5,a5,0x10
    6724:	8fd5                	or	a5,a5,a3
    if((TIMx == TIM1) || (TIMx == TIM8) || (TIMx == TIM9) || (TIMx == TIM10))
    6726:	400136b7          	lui	a3,0x40013
    672a:	c0068693          	addi	a3,a3,-1024 # 40012c00 <_eusrstack+0x2000ac00>
    672e:	02d50263          	beq	a0,a3,6752 <TIM_OC2Init+0x82>
    6732:	400136b7          	lui	a3,0x40013
    6736:	40068693          	addi	a3,a3,1024 # 40013400 <_eusrstack+0x2000b400>
    673a:	00d50c63          	beq	a0,a3,6752 <TIM_OC2Init+0x82>
    673e:	400156b7          	lui	a3,0x40015
    6742:	c0068693          	addi	a3,a3,-1024 # 40014c00 <_eusrstack+0x2000cc00>
    6746:	00d50663          	beq	a0,a3,6752 <TIM_OC2Init+0x82>
    674a:	400156b7          	lui	a3,0x40015
    674e:	04d51263          	bne	a0,a3,6792 <TIM_OC2Init+0xc2>
        tmpccer &= (uint16_t)(~((uint16_t)TIM_CC2NP));
    6752:	f7f7f793          	andi	a5,a5,-129
        tmpccer |= (uint16_t)(TIM_OCInitStruct->TIM_OCNPolarity << 4);
    6756:	00a5d683          	lhu	a3,10(a1)
    675a:	0692                	slli	a3,a3,0x4
    675c:	06c2                	slli	a3,a3,0x10
    675e:	82c1                	srli	a3,a3,0x10
    6760:	8fd5                	or	a5,a5,a3
        tmpccer &= (uint16_t)(~((uint16_t)TIM_CC2NE));
    6762:	fbf7f793          	andi	a5,a5,-65
        tmpccer |= (uint16_t)(TIM_OCInitStruct->TIM_OutputNState << 4);
    6766:	0045d683          	lhu	a3,4(a1)
    676a:	0692                	slli	a3,a3,0x4
    676c:	06c2                	slli	a3,a3,0x10
    676e:	82c1                	srli	a3,a3,0x10
    6770:	8fd5                	or	a5,a5,a3
        tmpcr2 &= (uint16_t)(~((uint16_t)TIM_OIS2N));
    6772:	76fd                	lui	a3,0xfffff
    6774:	3ff68693          	addi	a3,a3,1023 # fffff3ff <ERR_SECTION_BASE+0x3ff>
    6778:	8f75                	and	a4,a4,a3
        tmpcr2 |= (uint16_t)(TIM_OCInitStruct->TIM_OCIdleState << 2);
    677a:	00c5d683          	lhu	a3,12(a1)
    677e:	068a                	slli	a3,a3,0x2
    6780:	06c2                	slli	a3,a3,0x10
    6782:	82c1                	srli	a3,a3,0x10
    6784:	8ed9                	or	a3,a3,a4
        tmpcr2 |= (uint16_t)(TIM_OCInitStruct->TIM_OCNIdleState << 2);
    6786:	00e5d703          	lhu	a4,14(a1)
    678a:	070a                	slli	a4,a4,0x2
    678c:	0742                	slli	a4,a4,0x10
    678e:	8341                	srli	a4,a4,0x10
    6790:	8f55                	or	a4,a4,a3
    TIMx->CTLR2 = tmpcr2;
    6792:	00e51223          	sh	a4,4(a0)
    TIMx->CHCTLR1 = tmpccmrx;
    6796:	00c51c23          	sh	a2,24(a0)
    TIMx->CH2CVR = TIM_OCInitStruct->TIM_Pulse;
    679a:	0065d703          	lhu	a4,6(a1)
    679e:	02e51c23          	sh	a4,56(a0)
    TIMx->CCER = tmpccer;
    67a2:	02f51023          	sh	a5,32(a0)
}
    67a6:	8082                	ret

000067a8 <TIM_OC3Init>:
    TIMx->CCER &= (uint16_t)(~((uint16_t)TIM_CC3E));
    67a8:	02055783          	lhu	a5,32(a0)
    67ac:	07c2                	slli	a5,a5,0x10
    67ae:	83c1                	srli	a5,a5,0x10
    67b0:	eff7f793          	andi	a5,a5,-257
    67b4:	07c2                	slli	a5,a5,0x10
    67b6:	83c1                	srli	a5,a5,0x10
    67b8:	02f51023          	sh	a5,32(a0)
    tmpccer = TIMx->CCER;
    67bc:	02055603          	lhu	a2,32(a0)
    67c0:	0642                	slli	a2,a2,0x10
    67c2:	8241                	srli	a2,a2,0x10
    tmpcr2 = TIMx->CTLR2;
    67c4:	00455703          	lhu	a4,4(a0)
    67c8:	0742                	slli	a4,a4,0x10
    67ca:	8341                	srli	a4,a4,0x10
    tmpccmrx = TIMx->CHCTLR2;
    67cc:	01c55683          	lhu	a3,28(a0)
    67d0:	06c2                	slli	a3,a3,0x10
    67d2:	82c1                	srli	a3,a3,0x10
    tmpccmrx &= (uint16_t)(~((uint16_t)TIM_CC3S));
    67d4:	f8c6f693          	andi	a3,a3,-116
    tmpccmrx |= TIM_OCInitStruct->TIM_OCMode;
    67d8:	0005d783          	lhu	a5,0(a1)
    67dc:	8edd                	or	a3,a3,a5
    tmpccer &= (uint16_t)(~((uint16_t)TIM_CC3P));
    67de:	dff67613          	andi	a2,a2,-513
    tmpccer |= (uint16_t)(TIM_OCInitStruct->TIM_OCPolarity << 8);
    67e2:	0085d783          	lhu	a5,8(a1)
    67e6:	07a2                	slli	a5,a5,0x8
    67e8:	07c2                	slli	a5,a5,0x10
    67ea:	83c1                	srli	a5,a5,0x10
    67ec:	8e5d                	or	a2,a2,a5
    tmpccer |= (uint16_t)(TIM_OCInitStruct->TIM_OutputState << 8);
    67ee:	0025d783          	lhu	a5,2(a1)
    67f2:	07a2                	slli	a5,a5,0x8
    67f4:	07c2                	slli	a5,a5,0x10
    67f6:	83c1                	srli	a5,a5,0x10
    67f8:	8fd1                	or	a5,a5,a2
    if((TIMx == TIM1) || (TIMx == TIM8) || (TIMx == TIM9) || (TIMx == TIM10))
    67fa:	40013637          	lui	a2,0x40013
    67fe:	c0060613          	addi	a2,a2,-1024 # 40012c00 <_eusrstack+0x2000ac00>
    6802:	02c50263          	beq	a0,a2,6826 <TIM_OC3Init+0x7e>
    6806:	40013637          	lui	a2,0x40013
    680a:	40060613          	addi	a2,a2,1024 # 40013400 <_eusrstack+0x2000b400>
    680e:	00c50c63          	beq	a0,a2,6826 <TIM_OC3Init+0x7e>
    6812:	40015637          	lui	a2,0x40015
    6816:	c0060613          	addi	a2,a2,-1024 # 40014c00 <_eusrstack+0x2000cc00>
    681a:	00c50663          	beq	a0,a2,6826 <TIM_OC3Init+0x7e>
    681e:	40015637          	lui	a2,0x40015
    6822:	04c51363          	bne	a0,a2,6868 <TIM_OC3Init+0xc0>
        tmpccer &= (uint16_t)(~((uint16_t)TIM_CC3NP));
    6826:	767d                	lui	a2,0xfffff
    6828:	7ff60613          	addi	a2,a2,2047 # fffff7ff <ERR_SECTION_BASE+0x7ff>
    682c:	8ff1                	and	a5,a5,a2
        tmpccer |= (uint16_t)(TIM_OCInitStruct->TIM_OCNPolarity << 8);
    682e:	00a5d603          	lhu	a2,10(a1)
    6832:	0622                	slli	a2,a2,0x8
    6834:	0642                	slli	a2,a2,0x10
    6836:	8241                	srli	a2,a2,0x10
    6838:	8e5d                	or	a2,a2,a5
        tmpccer &= (uint16_t)(~((uint16_t)TIM_CC3NE));
    683a:	bff67613          	andi	a2,a2,-1025
        tmpccer |= (uint16_t)(TIM_OCInitStruct->TIM_OutputNState << 8);
    683e:	0045d783          	lhu	a5,4(a1)
    6842:	07a2                	slli	a5,a5,0x8
    6844:	07c2                	slli	a5,a5,0x10
    6846:	83c1                	srli	a5,a5,0x10
    6848:	8fd1                	or	a5,a5,a2
        tmpcr2 &= (uint16_t)(~((uint16_t)TIM_OIS3N));
    684a:	7675                	lui	a2,0xffffd
    684c:	167d                	addi	a2,a2,-1 # ffffcfff <ERR_SECTION_BASE+0xffffdfff>
    684e:	8f71                	and	a4,a4,a2
        tmpcr2 |= (uint16_t)(TIM_OCInitStruct->TIM_OCIdleState << 4);
    6850:	00c5d603          	lhu	a2,12(a1)
    6854:	0612                	slli	a2,a2,0x4
    6856:	0642                	slli	a2,a2,0x10
    6858:	8241                	srli	a2,a2,0x10
    685a:	8e59                	or	a2,a2,a4
        tmpcr2 |= (uint16_t)(TIM_OCInitStruct->TIM_OCNIdleState << 4);
    685c:	00e5d703          	lhu	a4,14(a1)
    6860:	0712                	slli	a4,a4,0x4
    6862:	0742                	slli	a4,a4,0x10
    6864:	8341                	srli	a4,a4,0x10
    6866:	8f51                	or	a4,a4,a2
    TIMx->CTLR2 = tmpcr2;
    6868:	00e51223          	sh	a4,4(a0)
    TIMx->CHCTLR2 = tmpccmrx;
    686c:	00d51e23          	sh	a3,28(a0)
    TIMx->CH3CVR = TIM_OCInitStruct->TIM_Pulse;
    6870:	0065d703          	lhu	a4,6(a1)
    6874:	02e51e23          	sh	a4,60(a0)
    TIMx->CCER = tmpccer;
    6878:	02f51023          	sh	a5,32(a0)
}
    687c:	8082                	ret

0000687e <TIM_OC4Init>:
    TIMx->CCER &= (uint16_t)(~((uint16_t)TIM_CC4E));
    687e:	02055783          	lhu	a5,32(a0)
    6882:	777d                	lui	a4,0xfffff
    6884:	177d                	addi	a4,a4,-1 # ffffefff <ERR_SECTION_BASE+0xffffffff>
    6886:	8ff9                	and	a5,a5,a4
    6888:	02f51023          	sh	a5,32(a0)
    tmpccer = TIMx->CCER;
    688c:	02055703          	lhu	a4,32(a0)
    tmpcr2 = TIMx->CTLR2;
    6890:	00455783          	lhu	a5,4(a0)
    6894:	07c2                	slli	a5,a5,0x10
    6896:	83c1                	srli	a5,a5,0x10
    tmpccmrx = TIMx->CHCTLR2;
    6898:	01c55603          	lhu	a2,28(a0)
    tmpccmrx &= (uint16_t)(~((uint16_t)TIM_CC4S));
    689c:	76e5                	lui	a3,0xffff9
    689e:	cff68693          	addi	a3,a3,-769 # ffff8cff <ERR_SECTION_BASE+0xffff9cff>
    68a2:	8e75                	and	a2,a2,a3
    tmpccmrx |= (uint16_t)(TIM_OCInitStruct->TIM_OCMode << 8);
    68a4:	0005d683          	lhu	a3,0(a1)
    68a8:	06a2                	slli	a3,a3,0x8
    68aa:	06c2                	slli	a3,a3,0x10
    68ac:	82c1                	srli	a3,a3,0x10
    68ae:	8ed1                	or	a3,a3,a2
    tmpccer &= (uint16_t)(~((uint16_t)TIM_CC4P));
    68b0:	7679                	lui	a2,0xffffe
    68b2:	167d                	addi	a2,a2,-1 # ffffdfff <ERR_SECTION_BASE+0xffffefff>
    68b4:	8f71                	and	a4,a4,a2
    tmpccer |= (uint16_t)(TIM_OCInitStruct->TIM_OCPolarity << 12);
    68b6:	0085d603          	lhu	a2,8(a1)
    68ba:	0632                	slli	a2,a2,0xc
    68bc:	0642                	slli	a2,a2,0x10
    68be:	8241                	srli	a2,a2,0x10
    68c0:	8e59                	or	a2,a2,a4
    tmpccer |= (uint16_t)(TIM_OCInitStruct->TIM_OutputState << 12);
    68c2:	0025d703          	lhu	a4,2(a1)
    68c6:	0732                	slli	a4,a4,0xc
    68c8:	0742                	slli	a4,a4,0x10
    68ca:	8341                	srli	a4,a4,0x10
    68cc:	8f51                	or	a4,a4,a2
    if((TIMx == TIM1) || (TIMx == TIM8) || (TIMx == TIM9) || (TIMx == TIM10))
    68ce:	40013637          	lui	a2,0x40013
    68d2:	c0060613          	addi	a2,a2,-1024 # 40012c00 <_eusrstack+0x2000ac00>
    68d6:	02c50263          	beq	a0,a2,68fa <TIM_OC4Init+0x7c>
    68da:	40013637          	lui	a2,0x40013
    68de:	40060613          	addi	a2,a2,1024 # 40013400 <_eusrstack+0x2000b400>
    68e2:	00c50c63          	beq	a0,a2,68fa <TIM_OC4Init+0x7c>
    68e6:	40015637          	lui	a2,0x40015
    68ea:	c0060613          	addi	a2,a2,-1024 # 40014c00 <_eusrstack+0x2000cc00>
    68ee:	00c50663          	beq	a0,a2,68fa <TIM_OC4Init+0x7c>
    68f2:	40015637          	lui	a2,0x40015
    68f6:	00c51b63          	bne	a0,a2,690c <TIM_OC4Init+0x8e>
        tmpcr2 &= (uint16_t)(~((uint16_t)TIM_OIS4));
    68fa:	7671                	lui	a2,0xffffc
    68fc:	167d                	addi	a2,a2,-1 # ffffbfff <ERR_SECTION_BASE+0xffffcfff>
    68fe:	8e7d                	and	a2,a2,a5
        tmpcr2 |= (uint16_t)(TIM_OCInitStruct->TIM_OCIdleState << 6);
    6900:	00c5d783          	lhu	a5,12(a1)
    6904:	079a                	slli	a5,a5,0x6
    6906:	07c2                	slli	a5,a5,0x10
    6908:	83c1                	srli	a5,a5,0x10
    690a:	8fd1                	or	a5,a5,a2
    TIMx->CTLR2 = tmpcr2;
    690c:	00f51223          	sh	a5,4(a0)
    TIMx->CHCTLR2 = tmpccmrx;
    6910:	00d51e23          	sh	a3,28(a0)
    TIMx->CH4CVR = TIM_OCInitStruct->TIM_Pulse;
    6914:	0065d783          	lhu	a5,6(a1)
    6918:	04f51023          	sh	a5,64(a0)
    TIMx->CCER = tmpccer;
    691c:	02e51023          	sh	a4,32(a0)
}
    6920:	8082                	ret

00006922 <TIM_BDTRConfig>:
    TIMx->BDTR = (uint32_t)TIM_BDTRInitStruct->TIM_OSSRState | TIM_BDTRInitStruct->TIM_OSSIState |
    6922:	0005d883          	lhu	a7,0(a1)
    6926:	0025d303          	lhu	t1,2(a1)
                 TIM_BDTRInitStruct->TIM_LOCKLevel | TIM_BDTRInitStruct->TIM_DeadTime |
    692a:	0045d803          	lhu	a6,4(a1)
    692e:	0065d603          	lhu	a2,6(a1)
                 TIM_BDTRInitStruct->TIM_Break | TIM_BDTRInitStruct->TIM_BreakPolarity |
    6932:	0085d683          	lhu	a3,8(a1)
    6936:	00a5d703          	lhu	a4,10(a1)
                 TIM_BDTRInitStruct->TIM_AutomaticOutput;
    693a:	00c5d783          	lhu	a5,12(a1)
    TIMx->BDTR = (uint32_t)TIM_BDTRInitStruct->TIM_OSSRState | TIM_BDTRInitStruct->TIM_OSSIState |
    693e:	0068e5b3          	or	a1,a7,t1
    6942:	00b865b3          	or	a1,a6,a1
    6946:	8e4d                	or	a2,a2,a1
    6948:	8ed1                	or	a3,a3,a2
    694a:	8f55                	or	a4,a4,a3
    694c:	8fd9                	or	a5,a5,a4
    694e:	04f51223          	sh	a5,68(a0)
}
    6952:	8082                	ret

00006954 <TIM_TimeBaseStructInit>:
    TIM_TimeBaseInitStruct->TIM_Period = 0xFFFF;
    6954:	57fd                	li	a5,-1
    6956:	00f51223          	sh	a5,4(a0)
    TIM_TimeBaseInitStruct->TIM_Prescaler = 0x0000;
    695a:	00051023          	sh	zero,0(a0)
    TIM_TimeBaseInitStruct->TIM_ClockDivision = TIM_CKD_DIV1;
    695e:	00051323          	sh	zero,6(a0)
    TIM_TimeBaseInitStruct->TIM_CounterMode = TIM_CounterMode_Up;
    6962:	00051123          	sh	zero,2(a0)
    TIM_TimeBaseInitStruct->TIM_RepetitionCounter = 0x0000;
    6966:	00050423          	sb	zero,8(a0)
}
    696a:	8082                	ret

0000696c <TIM_OCStructInit>:
    TIM_OCInitStruct->TIM_OCMode = TIM_OCMode_Timing;
    696c:	00051023          	sh	zero,0(a0)
    TIM_OCInitStruct->TIM_OutputState = TIM_OutputState_Disable;
    6970:	00051123          	sh	zero,2(a0)
    TIM_OCInitStruct->TIM_OutputNState = TIM_OutputNState_Disable;
    6974:	00051223          	sh	zero,4(a0)
    TIM_OCInitStruct->TIM_Pulse = 0x0000;
    6978:	00051323          	sh	zero,6(a0)
    TIM_OCInitStruct->TIM_OCPolarity = TIM_OCPolarity_High;
    697c:	00051423          	sh	zero,8(a0)
    TIM_OCInitStruct->TIM_OCNPolarity = TIM_OCPolarity_High;
    6980:	00051523          	sh	zero,10(a0)
    TIM_OCInitStruct->TIM_OCIdleState = TIM_OCIdleState_Reset;
    6984:	00051623          	sh	zero,12(a0)
    TIM_OCInitStruct->TIM_OCNIdleState = TIM_OCNIdleState_Reset;
    6988:	00051723          	sh	zero,14(a0)
}
    698c:	8082                	ret

0000698e <TIM_ICStructInit>:
    TIM_ICInitStruct->TIM_Channel = TIM_Channel_1;
    698e:	00051023          	sh	zero,0(a0)
    TIM_ICInitStruct->TIM_ICPolarity = TIM_ICPolarity_Rising;
    6992:	00051123          	sh	zero,2(a0)
    TIM_ICInitStruct->TIM_ICSelection = TIM_ICSelection_DirectTI;
    6996:	4785                	li	a5,1
    6998:	00f51223          	sh	a5,4(a0)
    TIM_ICInitStruct->TIM_ICPrescaler = TIM_ICPSC_DIV1;
    699c:	00051323          	sh	zero,6(a0)
    TIM_ICInitStruct->TIM_ICFilter = 0x00;
    69a0:	00051423          	sh	zero,8(a0)
}
    69a4:	8082                	ret

000069a6 <TIM_BDTRStructInit>:
    TIM_BDTRInitStruct->TIM_OSSRState = TIM_OSSRState_Disable;
    69a6:	00051023          	sh	zero,0(a0)
    TIM_BDTRInitStruct->TIM_OSSIState = TIM_OSSIState_Disable;
    69aa:	00051123          	sh	zero,2(a0)
    TIM_BDTRInitStruct->TIM_LOCKLevel = TIM_LOCKLevel_OFF;
    69ae:	00051223          	sh	zero,4(a0)
    TIM_BDTRInitStruct->TIM_DeadTime = 0x00;
    69b2:	00051323          	sh	zero,6(a0)
    TIM_BDTRInitStruct->TIM_Break = TIM_Break_Disable;
    69b6:	00051423          	sh	zero,8(a0)
    TIM_BDTRInitStruct->TIM_BreakPolarity = TIM_BreakPolarity_Low;
    69ba:	00051523          	sh	zero,10(a0)
    TIM_BDTRInitStruct->TIM_AutomaticOutput = TIM_AutomaticOutput_Disable;
    69be:	00051623          	sh	zero,12(a0)
}
    69c2:	8082                	ret

000069c4 <TIM_Cmd>:
    if(NewState != DISABLE)
    69c4:	c981                	beqz	a1,69d4 <TIM_Cmd+0x10>
        TIMx->CTLR1 |= TIM_CEN;
    69c6:	00055783          	lhu	a5,0(a0)
    69ca:	0017e793          	ori	a5,a5,1
    69ce:	00f51023          	sh	a5,0(a0)
    69d2:	8082                	ret
        TIMx->CTLR1 &= (uint16_t)(~((uint16_t)TIM_CEN));
    69d4:	00055783          	lhu	a5,0(a0)
    69d8:	07c2                	slli	a5,a5,0x10
    69da:	83c1                	srli	a5,a5,0x10
    69dc:	9bf9                	andi	a5,a5,-2
    69de:	07c2                	slli	a5,a5,0x10
    69e0:	83c1                	srli	a5,a5,0x10
    69e2:	00f51023          	sh	a5,0(a0)
}
    69e6:	8082                	ret

000069e8 <TIM_CtrlPWMOutputs>:
    if(NewState != DISABLE)
    69e8:	c991                	beqz	a1,69fc <TIM_CtrlPWMOutputs+0x14>
        TIMx->BDTR |= TIM_MOE;
    69ea:	04455783          	lhu	a5,68(a0)
    69ee:	7761                	lui	a4,0xffff8
    69f0:	8fd9                	or	a5,a5,a4
    69f2:	07c2                	slli	a5,a5,0x10
    69f4:	83c1                	srli	a5,a5,0x10
    69f6:	04f51223          	sh	a5,68(a0)
    69fa:	8082                	ret
        TIMx->BDTR &= (uint16_t)(~((uint16_t)TIM_MOE));
    69fc:	04455783          	lhu	a5,68(a0)
    6a00:	6721                	lui	a4,0x8
    6a02:	177d                	addi	a4,a4,-1 # 7fff <_fflush_r+0x4d>
    6a04:	8ff9                	and	a5,a5,a4
    6a06:	04f51223          	sh	a5,68(a0)
}
    6a0a:	8082                	ret

00006a0c <TIM_ITConfig>:
    if(NewState != DISABLE)
    6a0c:	c619                	beqz	a2,6a1a <TIM_ITConfig+0xe>
        TIMx->DMAINTENR |= TIM_IT;
    6a0e:	00c55783          	lhu	a5,12(a0)
    6a12:	8fcd                	or	a5,a5,a1
    6a14:	00f51623          	sh	a5,12(a0)
    6a18:	8082                	ret
        TIMx->DMAINTENR &= (uint16_t)~TIM_IT;
    6a1a:	00c55783          	lhu	a5,12(a0)
    6a1e:	fff5c593          	not	a1,a1
    6a22:	8dfd                	and	a1,a1,a5
    6a24:	00b51623          	sh	a1,12(a0)
}
    6a28:	8082                	ret

00006a2a <TIM_GenerateEvent>:
    TIMx->SWEVGR = TIM_EventSource;
    6a2a:	00b51a23          	sh	a1,20(a0)
}
    6a2e:	8082                	ret

00006a30 <TIM_DMAConfig>:
    TIMx->DMACFGR = TIM_DMABase | TIM_DMABurstLength;
    6a30:	8dd1                	or	a1,a1,a2
    6a32:	04b51423          	sh	a1,72(a0)
}
    6a36:	8082                	ret

00006a38 <TIM_DMACmd>:
    if(NewState != DISABLE)
    6a38:	c619                	beqz	a2,6a46 <TIM_DMACmd+0xe>
        TIMx->DMAINTENR |= TIM_DMASource;
    6a3a:	00c55783          	lhu	a5,12(a0)
    6a3e:	8fcd                	or	a5,a5,a1
    6a40:	00f51623          	sh	a5,12(a0)
    6a44:	8082                	ret
        TIMx->DMAINTENR &= (uint16_t)~TIM_DMASource;
    6a46:	00c55783          	lhu	a5,12(a0)
    6a4a:	fff5c593          	not	a1,a1
    6a4e:	8dfd                	and	a1,a1,a5
    6a50:	00b51623          	sh	a1,12(a0)
}
    6a54:	8082                	ret

00006a56 <TIM_InternalClockConfig>:
    TIMx->SMCFGR &= (uint16_t)(~((uint16_t)TIM_SMS));
    6a56:	00855783          	lhu	a5,8(a0)
    6a5a:	07c2                	slli	a5,a5,0x10
    6a5c:	83c1                	srli	a5,a5,0x10
    6a5e:	9be1                	andi	a5,a5,-8
    6a60:	07c2                	slli	a5,a5,0x10
    6a62:	83c1                	srli	a5,a5,0x10
    6a64:	00f51423          	sh	a5,8(a0)
}
    6a68:	8082                	ret

00006a6a <TIM_ETRConfig>:
    tmpsmcr = TIMx->SMCFGR;
    6a6a:	00855783          	lhu	a5,8(a0)
    tmpsmcr &= SMCFGR_ETR_Mask;
    6a6e:	0ff7f793          	zext.b	a5,a5
    tmpsmcr |= (uint16_t)(TIM_ExtTRGPrescaler | (uint16_t)(TIM_ExtTRGPolarity | (uint16_t)(ExtTRGFilter << (uint16_t)8)));
    6a72:	06a2                	slli	a3,a3,0x8
    6a74:	06c2                	slli	a3,a3,0x10
    6a76:	82c1                	srli	a3,a3,0x10
    6a78:	8ed1                	or	a3,a3,a2
    6a7a:	8ecd                	or	a3,a3,a1
    6a7c:	8edd                	or	a3,a3,a5
    TIMx->SMCFGR = tmpsmcr;
    6a7e:	00d51423          	sh	a3,8(a0)
}
    6a82:	8082                	ret

00006a84 <TIM_ETRClockMode1Config>:
{
    6a84:	1141                	addi	sp,sp,-16
    6a86:	c606                	sw	ra,12(sp)
    6a88:	c422                	sw	s0,8(sp)
    6a8a:	842a                	mv	s0,a0
    TIM_ETRConfig(TIMx, TIM_ExtTRGPrescaler, TIM_ExtTRGPolarity, ExtTRGFilter);
    6a8c:	3ff9                	jal	6a6a <TIM_ETRConfig>
    tmpsmcr = TIMx->SMCFGR;
    6a8e:	00845783          	lhu	a5,8(s0)
    tmpsmcr |= TIM_TS_ETRF;
    6a92:	0777e793          	ori	a5,a5,119
    TIMx->SMCFGR = tmpsmcr;
    6a96:	00f41423          	sh	a5,8(s0)
}
    6a9a:	40b2                	lw	ra,12(sp)
    6a9c:	4422                	lw	s0,8(sp)
    6a9e:	0141                	addi	sp,sp,16
    6aa0:	8082                	ret

00006aa2 <TIM_ETRClockMode2Config>:
{
    6aa2:	1141                	addi	sp,sp,-16
    6aa4:	c606                	sw	ra,12(sp)
    6aa6:	c422                	sw	s0,8(sp)
    6aa8:	842a                	mv	s0,a0
    TIM_ETRConfig(TIMx, TIM_ExtTRGPrescaler, TIM_ExtTRGPolarity, ExtTRGFilter);
    6aaa:	37c1                	jal	6a6a <TIM_ETRConfig>
    TIMx->SMCFGR |= TIM_ECE;
    6aac:	00845783          	lhu	a5,8(s0)
    6ab0:	6711                	lui	a4,0x4
    6ab2:	8fd9                	or	a5,a5,a4
    6ab4:	07c2                	slli	a5,a5,0x10
    6ab6:	83c1                	srli	a5,a5,0x10
    6ab8:	00f41423          	sh	a5,8(s0)
}
    6abc:	40b2                	lw	ra,12(sp)
    6abe:	4422                	lw	s0,8(sp)
    6ac0:	0141                	addi	sp,sp,16
    6ac2:	8082                	ret

00006ac4 <TIM_PrescalerConfig>:
    TIMx->PSC = Prescaler;
    6ac4:	02b51423          	sh	a1,40(a0)
    TIMx->SWEVGR = TIM_PSCReloadMode;
    6ac8:	00c51a23          	sh	a2,20(a0)
}
    6acc:	8082                	ret

00006ace <TIM_CounterModeConfig>:
    tmpcr1 = TIMx->CTLR1;
    6ace:	00055783          	lhu	a5,0(a0)
    6ad2:	07c2                	slli	a5,a5,0x10
    6ad4:	83c1                	srli	a5,a5,0x10
    tmpcr1 &= (uint16_t)(~((uint16_t)(TIM_DIR | TIM_CMS)));
    6ad6:	f8f7f793          	andi	a5,a5,-113
    tmpcr1 |= TIM_CounterMode;
    6ada:	8fcd                	or	a5,a5,a1
    TIMx->CTLR1 = tmpcr1;
    6adc:	00f51023          	sh	a5,0(a0)
}
    6ae0:	8082                	ret

00006ae2 <TIM_SelectInputTrigger>:
    tmpsmcr = TIMx->SMCFGR;
    6ae2:	00855783          	lhu	a5,8(a0)
    6ae6:	07c2                	slli	a5,a5,0x10
    6ae8:	83c1                	srli	a5,a5,0x10
    tmpsmcr &= (uint16_t)(~((uint16_t)TIM_TS));
    6aea:	f8f7f793          	andi	a5,a5,-113
    tmpsmcr |= TIM_InputTriggerSource;
    6aee:	8fcd                	or	a5,a5,a1
    TIMx->SMCFGR = tmpsmcr;
    6af0:	00f51423          	sh	a5,8(a0)
}
    6af4:	8082                	ret

00006af6 <TIM_ITRxExternalClockConfig>:
{
    6af6:	1141                	addi	sp,sp,-16
    6af8:	c606                	sw	ra,12(sp)
    6afa:	c422                	sw	s0,8(sp)
    6afc:	842a                	mv	s0,a0
    TIM_SelectInputTrigger(TIMx, TIM_InputTriggerSource);
    6afe:	37d5                	jal	6ae2 <TIM_SelectInputTrigger>
    TIMx->SMCFGR |= TIM_SlaveMode_External1;
    6b00:	00845783          	lhu	a5,8(s0)
    6b04:	0077e793          	ori	a5,a5,7
    6b08:	00f41423          	sh	a5,8(s0)
}
    6b0c:	40b2                	lw	ra,12(sp)
    6b0e:	4422                	lw	s0,8(sp)
    6b10:	0141                	addi	sp,sp,16
    6b12:	8082                	ret

00006b14 <TIM_TIxExternalClockConfig>:
{
    6b14:	1141                	addi	sp,sp,-16
    6b16:	c606                	sw	ra,12(sp)
    6b18:	c422                	sw	s0,8(sp)
    6b1a:	c226                	sw	s1,4(sp)
    6b1c:	842a                	mv	s0,a0
    6b1e:	84ae                	mv	s1,a1
    6b20:	85b2                	mv	a1,a2
    if(TIM_TIxExternalCLKSource == TIM_TIxExternalCLK1Source_TI2)
    6b22:	06000793          	li	a5,96
    6b26:	02f48363          	beq	s1,a5,6b4c <TIM_TIxExternalClockConfig+0x38>
        TI1_Config(TIMx, TIM_ICPolarity, TIM_ICSelection_DirectTI, ICFilter);
    6b2a:	4605                	li	a2,1
    6b2c:	f72ff0ef          	jal	ra,629e <TI1_Config>
    TIM_SelectInputTrigger(TIMx, TIM_TIxExternalCLKSource);
    6b30:	85a6                	mv	a1,s1
    6b32:	8522                	mv	a0,s0
    6b34:	377d                	jal	6ae2 <TIM_SelectInputTrigger>
    TIMx->SMCFGR |= TIM_SlaveMode_External1;
    6b36:	00845783          	lhu	a5,8(s0)
    6b3a:	0077e793          	ori	a5,a5,7
    6b3e:	00f41423          	sh	a5,8(s0)
}
    6b42:	40b2                	lw	ra,12(sp)
    6b44:	4422                	lw	s0,8(sp)
    6b46:	4492                	lw	s1,4(sp)
    6b48:	0141                	addi	sp,sp,16
    6b4a:	8082                	ret
        TI2_Config(TIMx, TIM_ICPolarity, TIM_ICSelection_DirectTI, ICFilter);
    6b4c:	4605                	li	a2,1
    6b4e:	f92ff0ef          	jal	ra,62e0 <TI2_Config>
    6b52:	bff9                	j	6b30 <TIM_TIxExternalClockConfig+0x1c>

00006b54 <TIM_EncoderInterfaceConfig>:
    tmpsmcr = TIMx->SMCFGR;
    6b54:	00855803          	lhu	a6,8(a0)
    6b58:	0842                	slli	a6,a6,0x10
    6b5a:	01085813          	srli	a6,a6,0x10
    tmpccmr1 = TIMx->CHCTLR1;
    6b5e:	01855703          	lhu	a4,24(a0)
    6b62:	0742                	slli	a4,a4,0x10
    6b64:	8341                	srli	a4,a4,0x10
    tmpccer = TIMx->CCER;
    6b66:	02055783          	lhu	a5,32(a0)
    6b6a:	07c2                	slli	a5,a5,0x10
    6b6c:	83c1                	srli	a5,a5,0x10
    tmpsmcr &= (uint16_t)(~((uint16_t)TIM_SMS));
    6b6e:	ff887813          	andi	a6,a6,-8
    tmpsmcr |= TIM_EncoderMode;
    6b72:	00b86833          	or	a6,a6,a1
    tmpccmr1 &= (uint16_t)(((uint16_t) ~((uint16_t)TIM_CC1S)) & (uint16_t)(~((uint16_t)TIM_CC2S)));
    6b76:	cfc77713          	andi	a4,a4,-772
    tmpccmr1 |= TIM_CC1S_0 | TIM_CC2S_0;
    6b7a:	10176713          	ori	a4,a4,257
    tmpccer &= (uint16_t)(((uint16_t) ~((uint16_t)TIM_CC1P)) & ((uint16_t) ~((uint16_t)TIM_CC2P)));
    6b7e:	fdd7f793          	andi	a5,a5,-35
    tmpccer |= (uint16_t)(TIM_IC1Polarity | (uint16_t)(TIM_IC2Polarity << (uint16_t)4));
    6b82:	0692                	slli	a3,a3,0x4
    6b84:	06c2                	slli	a3,a3,0x10
    6b86:	82c1                	srli	a3,a3,0x10
    6b88:	8ed1                	or	a3,a3,a2
    6b8a:	8fd5                	or	a5,a5,a3
    TIMx->SMCFGR = tmpsmcr;
    6b8c:	01051423          	sh	a6,8(a0)
    TIMx->CHCTLR1 = tmpccmr1;
    6b90:	00e51c23          	sh	a4,24(a0)
    TIMx->CCER = tmpccer;
    6b94:	02f51023          	sh	a5,32(a0)
}
    6b98:	8082                	ret

00006b9a <TIM_ForcedOC1Config>:
    tmpccmr1 = TIMx->CHCTLR1;
    6b9a:	01855783          	lhu	a5,24(a0)
    6b9e:	07c2                	slli	a5,a5,0x10
    6ba0:	83c1                	srli	a5,a5,0x10
    tmpccmr1 &= (uint16_t) ~((uint16_t)TIM_OC1M);
    6ba2:	f8f7f793          	andi	a5,a5,-113
    tmpccmr1 |= TIM_ForcedAction;
    6ba6:	8fcd                	or	a5,a5,a1
    TIMx->CHCTLR1 = tmpccmr1;
    6ba8:	00f51c23          	sh	a5,24(a0)
}
    6bac:	8082                	ret

00006bae <TIM_ForcedOC2Config>:
    tmpccmr1 = TIMx->CHCTLR1;
    6bae:	01855783          	lhu	a5,24(a0)
    tmpccmr1 &= (uint16_t) ~((uint16_t)TIM_OC2M);
    6bb2:	7765                	lui	a4,0xffff9
    6bb4:	177d                	addi	a4,a4,-1 # ffff8fff <ERR_SECTION_BASE+0xffff9fff>
    6bb6:	8ff9                	and	a5,a5,a4
    tmpccmr1 |= (uint16_t)(TIM_ForcedAction << 8);
    6bb8:	05a2                	slli	a1,a1,0x8
    6bba:	05c2                	slli	a1,a1,0x10
    6bbc:	81c1                	srli	a1,a1,0x10
    6bbe:	8ddd                	or	a1,a1,a5
    TIMx->CHCTLR1 = tmpccmr1;
    6bc0:	00b51c23          	sh	a1,24(a0)
}
    6bc4:	8082                	ret

00006bc6 <TIM_ForcedOC3Config>:
    tmpccmr2 = TIMx->CHCTLR2;
    6bc6:	01c55783          	lhu	a5,28(a0)
    6bca:	07c2                	slli	a5,a5,0x10
    6bcc:	83c1                	srli	a5,a5,0x10
    tmpccmr2 &= (uint16_t) ~((uint16_t)TIM_OC3M);
    6bce:	f8f7f793          	andi	a5,a5,-113
    tmpccmr2 |= TIM_ForcedAction;
    6bd2:	8fcd                	or	a5,a5,a1
    TIMx->CHCTLR2 = tmpccmr2;
    6bd4:	00f51e23          	sh	a5,28(a0)
}
    6bd8:	8082                	ret

00006bda <TIM_ForcedOC4Config>:
    tmpccmr2 = TIMx->CHCTLR2;
    6bda:	01c55783          	lhu	a5,28(a0)
    tmpccmr2 &= (uint16_t) ~((uint16_t)TIM_OC4M);
    6bde:	7765                	lui	a4,0xffff9
    6be0:	177d                	addi	a4,a4,-1 # ffff8fff <ERR_SECTION_BASE+0xffff9fff>
    6be2:	8ff9                	and	a5,a5,a4
    tmpccmr2 |= (uint16_t)(TIM_ForcedAction << 8);
    6be4:	05a2                	slli	a1,a1,0x8
    6be6:	05c2                	slli	a1,a1,0x10
    6be8:	81c1                	srli	a1,a1,0x10
    6bea:	8ddd                	or	a1,a1,a5
    TIMx->CHCTLR2 = tmpccmr2;
    6bec:	00b51e23          	sh	a1,28(a0)
}
    6bf0:	8082                	ret

00006bf2 <TIM_ARRPreloadConfig>:
    if(NewState != DISABLE)
    6bf2:	c981                	beqz	a1,6c02 <TIM_ARRPreloadConfig+0x10>
        TIMx->CTLR1 |= TIM_ARPE;
    6bf4:	00055783          	lhu	a5,0(a0)
    6bf8:	0807e793          	ori	a5,a5,128
    6bfc:	00f51023          	sh	a5,0(a0)
    6c00:	8082                	ret
        TIMx->CTLR1 &= (uint16_t) ~((uint16_t)TIM_ARPE);
    6c02:	00055783          	lhu	a5,0(a0)
    6c06:	07c2                	slli	a5,a5,0x10
    6c08:	83c1                	srli	a5,a5,0x10
    6c0a:	f7f7f793          	andi	a5,a5,-129
    6c0e:	07c2                	slli	a5,a5,0x10
    6c10:	83c1                	srli	a5,a5,0x10
    6c12:	00f51023          	sh	a5,0(a0)
}
    6c16:	8082                	ret

00006c18 <TIM_SelectCOM>:
    if(NewState != DISABLE)
    6c18:	c981                	beqz	a1,6c28 <TIM_SelectCOM+0x10>
        TIMx->CTLR2 |= TIM_CCUS;
    6c1a:	00455783          	lhu	a5,4(a0)
    6c1e:	0047e793          	ori	a5,a5,4
    6c22:	00f51223          	sh	a5,4(a0)
    6c26:	8082                	ret
        TIMx->CTLR2 &= (uint16_t) ~((uint16_t)TIM_CCUS);
    6c28:	00455783          	lhu	a5,4(a0)
    6c2c:	07c2                	slli	a5,a5,0x10
    6c2e:	83c1                	srli	a5,a5,0x10
    6c30:	9bed                	andi	a5,a5,-5
    6c32:	07c2                	slli	a5,a5,0x10
    6c34:	83c1                	srli	a5,a5,0x10
    6c36:	00f51223          	sh	a5,4(a0)
}
    6c3a:	8082                	ret

00006c3c <TIM_SelectCCDMA>:
    if(NewState != DISABLE)
    6c3c:	c981                	beqz	a1,6c4c <TIM_SelectCCDMA+0x10>
        TIMx->CTLR2 |= TIM_CCDS;
    6c3e:	00455783          	lhu	a5,4(a0)
    6c42:	0087e793          	ori	a5,a5,8
    6c46:	00f51223          	sh	a5,4(a0)
    6c4a:	8082                	ret
        TIMx->CTLR2 &= (uint16_t) ~((uint16_t)TIM_CCDS);
    6c4c:	00455783          	lhu	a5,4(a0)
    6c50:	07c2                	slli	a5,a5,0x10
    6c52:	83c1                	srli	a5,a5,0x10
    6c54:	9bdd                	andi	a5,a5,-9
    6c56:	07c2                	slli	a5,a5,0x10
    6c58:	83c1                	srli	a5,a5,0x10
    6c5a:	00f51223          	sh	a5,4(a0)
}
    6c5e:	8082                	ret

00006c60 <TIM_CCPreloadControl>:
    if(NewState != DISABLE)
    6c60:	c981                	beqz	a1,6c70 <TIM_CCPreloadControl+0x10>
        TIMx->CTLR2 |= TIM_CCPC;
    6c62:	00455783          	lhu	a5,4(a0)
    6c66:	0017e793          	ori	a5,a5,1
    6c6a:	00f51223          	sh	a5,4(a0)
    6c6e:	8082                	ret
        TIMx->CTLR2 &= (uint16_t) ~((uint16_t)TIM_CCPC);
    6c70:	00455783          	lhu	a5,4(a0)
    6c74:	07c2                	slli	a5,a5,0x10
    6c76:	83c1                	srli	a5,a5,0x10
    6c78:	9bf9                	andi	a5,a5,-2
    6c7a:	07c2                	slli	a5,a5,0x10
    6c7c:	83c1                	srli	a5,a5,0x10
    6c7e:	00f51223          	sh	a5,4(a0)
}
    6c82:	8082                	ret

00006c84 <TIM_OC1PreloadConfig>:
    tmpccmr1 = TIMx->CHCTLR1;
    6c84:	01855783          	lhu	a5,24(a0)
    6c88:	07c2                	slli	a5,a5,0x10
    6c8a:	83c1                	srli	a5,a5,0x10
    tmpccmr1 &= (uint16_t) ~((uint16_t)TIM_OC1PE);
    6c8c:	9bdd                	andi	a5,a5,-9
    tmpccmr1 |= TIM_OCPreload;
    6c8e:	8fcd                	or	a5,a5,a1
    TIMx->CHCTLR1 = tmpccmr1;
    6c90:	00f51c23          	sh	a5,24(a0)
}
    6c94:	8082                	ret

00006c96 <TIM_OC2PreloadConfig>:
    tmpccmr1 = TIMx->CHCTLR1;
    6c96:	01855783          	lhu	a5,24(a0)
    tmpccmr1 &= (uint16_t) ~((uint16_t)TIM_OC2PE);
    6c9a:	777d                	lui	a4,0xfffff
    6c9c:	7ff70713          	addi	a4,a4,2047 # fffff7ff <ERR_SECTION_BASE+0x7ff>
    6ca0:	8ff9                	and	a5,a5,a4
    tmpccmr1 |= (uint16_t)(TIM_OCPreload << 8);
    6ca2:	05a2                	slli	a1,a1,0x8
    6ca4:	05c2                	slli	a1,a1,0x10
    6ca6:	81c1                	srli	a1,a1,0x10
    6ca8:	8ddd                	or	a1,a1,a5
    TIMx->CHCTLR1 = tmpccmr1;
    6caa:	00b51c23          	sh	a1,24(a0)
}
    6cae:	8082                	ret

00006cb0 <TIM_OC3PreloadConfig>:
    tmpccmr2 = TIMx->CHCTLR2;
    6cb0:	01c55783          	lhu	a5,28(a0)
    6cb4:	07c2                	slli	a5,a5,0x10
    6cb6:	83c1                	srli	a5,a5,0x10
    tmpccmr2 &= (uint16_t) ~((uint16_t)TIM_OC3PE);
    6cb8:	9bdd                	andi	a5,a5,-9
    tmpccmr2 |= TIM_OCPreload;
    6cba:	8fcd                	or	a5,a5,a1
    TIMx->CHCTLR2 = tmpccmr2;
    6cbc:	00f51e23          	sh	a5,28(a0)
}
    6cc0:	8082                	ret

00006cc2 <TIM_OC4PreloadConfig>:
    tmpccmr2 = TIMx->CHCTLR2;
    6cc2:	01c55783          	lhu	a5,28(a0)
    tmpccmr2 &= (uint16_t) ~((uint16_t)TIM_OC4PE);
    6cc6:	777d                	lui	a4,0xfffff
    6cc8:	7ff70713          	addi	a4,a4,2047 # fffff7ff <ERR_SECTION_BASE+0x7ff>
    6ccc:	8ff9                	and	a5,a5,a4
    tmpccmr2 |= (uint16_t)(TIM_OCPreload << 8);
    6cce:	05a2                	slli	a1,a1,0x8
    6cd0:	05c2                	slli	a1,a1,0x10
    6cd2:	81c1                	srli	a1,a1,0x10
    6cd4:	8ddd                	or	a1,a1,a5
    TIMx->CHCTLR2 = tmpccmr2;
    6cd6:	00b51e23          	sh	a1,28(a0)
}
    6cda:	8082                	ret

00006cdc <TIM_OC1FastConfig>:
    tmpccmr1 = TIMx->CHCTLR1;
    6cdc:	01855783          	lhu	a5,24(a0)
    6ce0:	07c2                	slli	a5,a5,0x10
    6ce2:	83c1                	srli	a5,a5,0x10
    tmpccmr1 &= (uint16_t) ~((uint16_t)TIM_OC1FE);
    6ce4:	9bed                	andi	a5,a5,-5
    tmpccmr1 |= TIM_OCFast;
    6ce6:	8fcd                	or	a5,a5,a1
    TIMx->CHCTLR1 = tmpccmr1;
    6ce8:	00f51c23          	sh	a5,24(a0)
}
    6cec:	8082                	ret

00006cee <TIM_OC2FastConfig>:
    tmpccmr1 = TIMx->CHCTLR1;
    6cee:	01855783          	lhu	a5,24(a0)
    6cf2:	07c2                	slli	a5,a5,0x10
    6cf4:	83c1                	srli	a5,a5,0x10
    tmpccmr1 &= (uint16_t) ~((uint16_t)TIM_OC2FE);
    6cf6:	bff7f793          	andi	a5,a5,-1025
    tmpccmr1 |= (uint16_t)(TIM_OCFast << 8);
    6cfa:	05a2                	slli	a1,a1,0x8
    6cfc:	05c2                	slli	a1,a1,0x10
    6cfe:	81c1                	srli	a1,a1,0x10
    6d00:	8fcd                	or	a5,a5,a1
    TIMx->CHCTLR1 = tmpccmr1;
    6d02:	00f51c23          	sh	a5,24(a0)
}
    6d06:	8082                	ret

00006d08 <TIM_OC3FastConfig>:
    tmpccmr2 = TIMx->CHCTLR2;
    6d08:	01c55783          	lhu	a5,28(a0)
    6d0c:	07c2                	slli	a5,a5,0x10
    6d0e:	83c1                	srli	a5,a5,0x10
    tmpccmr2 &= (uint16_t) ~((uint16_t)TIM_OC3FE);
    6d10:	9bed                	andi	a5,a5,-5
    tmpccmr2 |= TIM_OCFast;
    6d12:	8fcd                	or	a5,a5,a1
    TIMx->CHCTLR2 = tmpccmr2;
    6d14:	00f51e23          	sh	a5,28(a0)
}
    6d18:	8082                	ret

00006d1a <TIM_OC4FastConfig>:
    tmpccmr2 = TIMx->CHCTLR2;
    6d1a:	01c55783          	lhu	a5,28(a0)
    6d1e:	07c2                	slli	a5,a5,0x10
    6d20:	83c1                	srli	a5,a5,0x10
    tmpccmr2 &= (uint16_t) ~((uint16_t)TIM_OC4FE);
    6d22:	bff7f793          	andi	a5,a5,-1025
    tmpccmr2 |= (uint16_t)(TIM_OCFast << 8);
    6d26:	05a2                	slli	a1,a1,0x8
    6d28:	05c2                	slli	a1,a1,0x10
    6d2a:	81c1                	srli	a1,a1,0x10
    6d2c:	8fcd                	or	a5,a5,a1
    TIMx->CHCTLR2 = tmpccmr2;
    6d2e:	00f51e23          	sh	a5,28(a0)
}
    6d32:	8082                	ret

00006d34 <TIM_ClearOC1Ref>:
    tmpccmr1 = TIMx->CHCTLR1;
    6d34:	01855783          	lhu	a5,24(a0)
    6d38:	07c2                	slli	a5,a5,0x10
    6d3a:	83c1                	srli	a5,a5,0x10
    tmpccmr1 &= (uint16_t) ~((uint16_t)TIM_OC1CE);
    6d3c:	f7f7f793          	andi	a5,a5,-129
    tmpccmr1 |= TIM_OCClear;
    6d40:	8fcd                	or	a5,a5,a1
    TIMx->CHCTLR1 = tmpccmr1;
    6d42:	00f51c23          	sh	a5,24(a0)
}
    6d46:	8082                	ret

00006d48 <TIM_ClearOC2Ref>:
    tmpccmr1 = TIMx->CHCTLR1;
    6d48:	01855783          	lhu	a5,24(a0)
    tmpccmr1 &= (uint16_t) ~((uint16_t)TIM_OC2CE);
    6d4c:	6721                	lui	a4,0x8
    6d4e:	177d                	addi	a4,a4,-1 # 7fff <_fflush_r+0x4d>
    6d50:	8ff9                	and	a5,a5,a4
    tmpccmr1 |= (uint16_t)(TIM_OCClear << 8);
    6d52:	05a2                	slli	a1,a1,0x8
    6d54:	05c2                	slli	a1,a1,0x10
    6d56:	81c1                	srli	a1,a1,0x10
    6d58:	8ddd                	or	a1,a1,a5
    TIMx->CHCTLR1 = tmpccmr1;
    6d5a:	00b51c23          	sh	a1,24(a0)
}
    6d5e:	8082                	ret

00006d60 <TIM_ClearOC3Ref>:
    tmpccmr2 = TIMx->CHCTLR2;
    6d60:	01c55783          	lhu	a5,28(a0)
    6d64:	07c2                	slli	a5,a5,0x10
    6d66:	83c1                	srli	a5,a5,0x10
    tmpccmr2 &= (uint16_t) ~((uint16_t)TIM_OC3CE);
    6d68:	f7f7f793          	andi	a5,a5,-129
    tmpccmr2 |= TIM_OCClear;
    6d6c:	8fcd                	or	a5,a5,a1
    TIMx->CHCTLR2 = tmpccmr2;
    6d6e:	00f51e23          	sh	a5,28(a0)
}
    6d72:	8082                	ret

00006d74 <TIM_ClearOC4Ref>:
    tmpccmr2 = TIMx->CHCTLR2;
    6d74:	01c55783          	lhu	a5,28(a0)
    tmpccmr2 &= (uint16_t) ~((uint16_t)TIM_OC4CE);
    6d78:	6721                	lui	a4,0x8
    6d7a:	177d                	addi	a4,a4,-1 # 7fff <_fflush_r+0x4d>
    6d7c:	8ff9                	and	a5,a5,a4
    tmpccmr2 |= (uint16_t)(TIM_OCClear << 8);
    6d7e:	05a2                	slli	a1,a1,0x8
    6d80:	05c2                	slli	a1,a1,0x10
    6d82:	81c1                	srli	a1,a1,0x10
    6d84:	8ddd                	or	a1,a1,a5
    TIMx->CHCTLR2 = tmpccmr2;
    6d86:	00b51e23          	sh	a1,28(a0)
}
    6d8a:	8082                	ret

00006d8c <TIM_OC1PolarityConfig>:
    tmpccer = TIMx->CCER;
    6d8c:	02055783          	lhu	a5,32(a0)
    6d90:	07c2                	slli	a5,a5,0x10
    6d92:	83c1                	srli	a5,a5,0x10
    tmpccer &= (uint16_t) ~((uint16_t)TIM_CC1P);
    6d94:	9bf5                	andi	a5,a5,-3
    tmpccer |= TIM_OCPolarity;
    6d96:	8fcd                	or	a5,a5,a1
    TIMx->CCER = tmpccer;
    6d98:	02f51023          	sh	a5,32(a0)
}
    6d9c:	8082                	ret

00006d9e <TIM_OC1NPolarityConfig>:
    tmpccer = TIMx->CCER;
    6d9e:	02055783          	lhu	a5,32(a0)
    6da2:	07c2                	slli	a5,a5,0x10
    6da4:	83c1                	srli	a5,a5,0x10
    tmpccer &= (uint16_t) ~((uint16_t)TIM_CC1NP);
    6da6:	9bdd                	andi	a5,a5,-9
    tmpccer |= TIM_OCNPolarity;
    6da8:	8fcd                	or	a5,a5,a1
    TIMx->CCER = tmpccer;
    6daa:	02f51023          	sh	a5,32(a0)
}
    6dae:	8082                	ret

00006db0 <TIM_OC2PolarityConfig>:
    tmpccer = TIMx->CCER;
    6db0:	02055783          	lhu	a5,32(a0)
    6db4:	07c2                	slli	a5,a5,0x10
    6db6:	83c1                	srli	a5,a5,0x10
    tmpccer &= (uint16_t) ~((uint16_t)TIM_CC2P);
    6db8:	fdf7f793          	andi	a5,a5,-33
    tmpccer |= (uint16_t)(TIM_OCPolarity << 4);
    6dbc:	0592                	slli	a1,a1,0x4
    6dbe:	05c2                	slli	a1,a1,0x10
    6dc0:	81c1                	srli	a1,a1,0x10
    6dc2:	8fcd                	or	a5,a5,a1
    TIMx->CCER = tmpccer;
    6dc4:	02f51023          	sh	a5,32(a0)
}
    6dc8:	8082                	ret

00006dca <TIM_OC2NPolarityConfig>:
    tmpccer = TIMx->CCER;
    6dca:	02055783          	lhu	a5,32(a0)
    6dce:	07c2                	slli	a5,a5,0x10
    6dd0:	83c1                	srli	a5,a5,0x10
    tmpccer &= (uint16_t) ~((uint16_t)TIM_CC2NP);
    6dd2:	f7f7f793          	andi	a5,a5,-129
    tmpccer |= (uint16_t)(TIM_OCNPolarity << 4);
    6dd6:	0592                	slli	a1,a1,0x4
    6dd8:	05c2                	slli	a1,a1,0x10
    6dda:	81c1                	srli	a1,a1,0x10
    6ddc:	8fcd                	or	a5,a5,a1
    TIMx->CCER = tmpccer;
    6dde:	02f51023          	sh	a5,32(a0)
}
    6de2:	8082                	ret

00006de4 <TIM_OC3PolarityConfig>:
    tmpccer = TIMx->CCER;
    6de4:	02055783          	lhu	a5,32(a0)
    6de8:	07c2                	slli	a5,a5,0x10
    6dea:	83c1                	srli	a5,a5,0x10
    tmpccer &= (uint16_t) ~((uint16_t)TIM_CC3P);
    6dec:	dff7f793          	andi	a5,a5,-513
    tmpccer |= (uint16_t)(TIM_OCPolarity << 8);
    6df0:	05a2                	slli	a1,a1,0x8
    6df2:	05c2                	slli	a1,a1,0x10
    6df4:	81c1                	srli	a1,a1,0x10
    6df6:	8fcd                	or	a5,a5,a1
    TIMx->CCER = tmpccer;
    6df8:	02f51023          	sh	a5,32(a0)
}
    6dfc:	8082                	ret

00006dfe <TIM_OC3NPolarityConfig>:
    tmpccer = TIMx->CCER;
    6dfe:	02055783          	lhu	a5,32(a0)
    tmpccer &= (uint16_t) ~((uint16_t)TIM_CC3NP);
    6e02:	777d                	lui	a4,0xfffff
    6e04:	7ff70713          	addi	a4,a4,2047 # fffff7ff <ERR_SECTION_BASE+0x7ff>
    6e08:	8ff9                	and	a5,a5,a4
    tmpccer |= (uint16_t)(TIM_OCNPolarity << 8);
    6e0a:	05a2                	slli	a1,a1,0x8
    6e0c:	05c2                	slli	a1,a1,0x10
    6e0e:	81c1                	srli	a1,a1,0x10
    6e10:	8ddd                	or	a1,a1,a5
    TIMx->CCER = tmpccer;
    6e12:	02b51023          	sh	a1,32(a0)
}
    6e16:	8082                	ret

00006e18 <TIM_OC4PolarityConfig>:
    tmpccer = TIMx->CCER;
    6e18:	02055783          	lhu	a5,32(a0)
    tmpccer &= (uint16_t) ~((uint16_t)TIM_CC4P);
    6e1c:	7779                	lui	a4,0xffffe
    6e1e:	177d                	addi	a4,a4,-1 # ffffdfff <ERR_SECTION_BASE+0xffffefff>
    6e20:	8ff9                	and	a5,a5,a4
    tmpccer |= (uint16_t)(TIM_OCPolarity << 12);
    6e22:	05b2                	slli	a1,a1,0xc
    6e24:	05c2                	slli	a1,a1,0x10
    6e26:	81c1                	srli	a1,a1,0x10
    6e28:	8ddd                	or	a1,a1,a5
    TIMx->CCER = tmpccer;
    6e2a:	02b51023          	sh	a1,32(a0)
}
    6e2e:	8082                	ret

00006e30 <TIM_CCxCmd>:
    tmp = CCER_CCE_Set << TIM_Channel;
    6e30:	4785                	li	a5,1
    6e32:	00b797b3          	sll	a5,a5,a1
    6e36:	07c2                	slli	a5,a5,0x10
    6e38:	83c1                	srli	a5,a5,0x10
    TIMx->CCER &= (uint16_t)~tmp;
    6e3a:	02055703          	lhu	a4,32(a0)
    6e3e:	fff7c793          	not	a5,a5
    6e42:	8ff9                	and	a5,a5,a4
    6e44:	02f51023          	sh	a5,32(a0)
    TIMx->CCER |= (uint16_t)(TIM_CCx << TIM_Channel);
    6e48:	02055783          	lhu	a5,32(a0)
    6e4c:	00b61633          	sll	a2,a2,a1
    6e50:	0642                	slli	a2,a2,0x10
    6e52:	8241                	srli	a2,a2,0x10
    6e54:	8fd1                	or	a5,a5,a2
    6e56:	02f51023          	sh	a5,32(a0)
}
    6e5a:	8082                	ret

00006e5c <TIM_CCxNCmd>:
    tmp = CCER_CCNE_Set << TIM_Channel;
    6e5c:	4791                	li	a5,4
    6e5e:	00b797b3          	sll	a5,a5,a1
    6e62:	07c2                	slli	a5,a5,0x10
    6e64:	83c1                	srli	a5,a5,0x10
    TIMx->CCER &= (uint16_t)~tmp;
    6e66:	02055703          	lhu	a4,32(a0)
    6e6a:	fff7c793          	not	a5,a5
    6e6e:	8ff9                	and	a5,a5,a4
    6e70:	02f51023          	sh	a5,32(a0)
    TIMx->CCER |= (uint16_t)(TIM_CCxN << TIM_Channel);
    6e74:	02055783          	lhu	a5,32(a0)
    6e78:	00b61633          	sll	a2,a2,a1
    6e7c:	0642                	slli	a2,a2,0x10
    6e7e:	8241                	srli	a2,a2,0x10
    6e80:	8fd1                	or	a5,a5,a2
    6e82:	02f51023          	sh	a5,32(a0)
}
    6e86:	8082                	ret

00006e88 <TIM_SelectOCxM>:
    tmp += CHCTLR_Offset;
    6e88:	01850713          	addi	a4,a0,24
    tmp1 = CCER_CCE_Set << (uint16_t)TIM_Channel;
    6e8c:	4785                	li	a5,1
    6e8e:	00b797b3          	sll	a5,a5,a1
    6e92:	07c2                	slli	a5,a5,0x10
    6e94:	83c1                	srli	a5,a5,0x10
    TIMx->CCER &= (uint16_t)~tmp1;
    6e96:	02055683          	lhu	a3,32(a0)
    6e9a:	fff7c793          	not	a5,a5
    6e9e:	8ff5                	and	a5,a5,a3
    6ea0:	02f51023          	sh	a5,32(a0)
    if((TIM_Channel == TIM_Channel_1) || (TIM_Channel == TIM_Channel_3))
    6ea4:	c58d                	beqz	a1,6ece <TIM_SelectOCxM+0x46>
    6ea6:	47a1                	li	a5,8
    6ea8:	02f58363          	beq	a1,a5,6ece <TIM_SelectOCxM+0x46>
        tmp += (uint16_t)(TIM_Channel - (uint16_t)4) >> (uint16_t)1;
    6eac:	15f1                	addi	a1,a1,-4
    6eae:	05c2                	slli	a1,a1,0x10
    6eb0:	81c1                	srli	a1,a1,0x10
    6eb2:	8185                	srli	a1,a1,0x1
    6eb4:	95ba                	add	a1,a1,a4
        *(__IO uint32_t *)tmp &= (uint32_t) ~((uint32_t)TIM_OC2M);
    6eb6:	419c                	lw	a5,0(a1)
    6eb8:	7765                	lui	a4,0xffff9
    6eba:	177d                	addi	a4,a4,-1 # ffff8fff <ERR_SECTION_BASE+0xffff9fff>
    6ebc:	8ff9                	and	a5,a5,a4
    6ebe:	c19c                	sw	a5,0(a1)
        *(__IO uint32_t *)tmp |= (uint16_t)(TIM_OCMode << 8);
    6ec0:	419c                	lw	a5,0(a1)
    6ec2:	0622                	slli	a2,a2,0x8
    6ec4:	0642                	slli	a2,a2,0x10
    6ec6:	8241                	srli	a2,a2,0x10
    6ec8:	8fd1                	or	a5,a5,a2
    6eca:	c19c                	sw	a5,0(a1)
}
    6ecc:	8082                	ret
        tmp += (TIM_Channel >> 1);
    6ece:	8185                	srli	a1,a1,0x1
    6ed0:	95ba                	add	a1,a1,a4
        *(__IO uint32_t *)tmp &= (uint32_t) ~((uint32_t)TIM_OC1M);
    6ed2:	419c                	lw	a5,0(a1)
    6ed4:	f8f7f793          	andi	a5,a5,-113
    6ed8:	c19c                	sw	a5,0(a1)
        *(__IO uint32_t *)tmp |= TIM_OCMode;
    6eda:	419c                	lw	a5,0(a1)
    6edc:	8e5d                	or	a2,a2,a5
    6ede:	c190                	sw	a2,0(a1)
    6ee0:	8082                	ret

00006ee2 <TIM_UpdateDisableConfig>:
    if(NewState != DISABLE)
    6ee2:	c981                	beqz	a1,6ef2 <TIM_UpdateDisableConfig+0x10>
        TIMx->CTLR1 |= TIM_UDIS;
    6ee4:	00055783          	lhu	a5,0(a0)
    6ee8:	0027e793          	ori	a5,a5,2
    6eec:	00f51023          	sh	a5,0(a0)
    6ef0:	8082                	ret
        TIMx->CTLR1 &= (uint16_t) ~((uint16_t)TIM_UDIS);
    6ef2:	00055783          	lhu	a5,0(a0)
    6ef6:	07c2                	slli	a5,a5,0x10
    6ef8:	83c1                	srli	a5,a5,0x10
    6efa:	9bf5                	andi	a5,a5,-3
    6efc:	07c2                	slli	a5,a5,0x10
    6efe:	83c1                	srli	a5,a5,0x10
    6f00:	00f51023          	sh	a5,0(a0)
}
    6f04:	8082                	ret

00006f06 <TIM_UpdateRequestConfig>:
    if(TIM_UpdateSource != TIM_UpdateSource_Global)
    6f06:	c981                	beqz	a1,6f16 <TIM_UpdateRequestConfig+0x10>
        TIMx->CTLR1 |= TIM_URS;
    6f08:	00055783          	lhu	a5,0(a0)
    6f0c:	0047e793          	ori	a5,a5,4
    6f10:	00f51023          	sh	a5,0(a0)
    6f14:	8082                	ret
        TIMx->CTLR1 &= (uint16_t) ~((uint16_t)TIM_URS);
    6f16:	00055783          	lhu	a5,0(a0)
    6f1a:	07c2                	slli	a5,a5,0x10
    6f1c:	83c1                	srli	a5,a5,0x10
    6f1e:	9bed                	andi	a5,a5,-5
    6f20:	07c2                	slli	a5,a5,0x10
    6f22:	83c1                	srli	a5,a5,0x10
    6f24:	00f51023          	sh	a5,0(a0)
}
    6f28:	8082                	ret

00006f2a <TIM_SelectHallSensor>:
    if(NewState != DISABLE)
    6f2a:	c981                	beqz	a1,6f3a <TIM_SelectHallSensor+0x10>
        TIMx->CTLR2 |= TIM_TI1S;
    6f2c:	00455783          	lhu	a5,4(a0)
    6f30:	0807e793          	ori	a5,a5,128
    6f34:	00f51223          	sh	a5,4(a0)
    6f38:	8082                	ret
        TIMx->CTLR2 &= (uint16_t) ~((uint16_t)TIM_TI1S);
    6f3a:	00455783          	lhu	a5,4(a0)
    6f3e:	07c2                	slli	a5,a5,0x10
    6f40:	83c1                	srli	a5,a5,0x10
    6f42:	f7f7f793          	andi	a5,a5,-129
    6f46:	07c2                	slli	a5,a5,0x10
    6f48:	83c1                	srli	a5,a5,0x10
    6f4a:	00f51223          	sh	a5,4(a0)
}
    6f4e:	8082                	ret

00006f50 <TIM_SelectOnePulseMode>:
    TIMx->CTLR1 &= (uint16_t) ~((uint16_t)TIM_OPM);
    6f50:	00055783          	lhu	a5,0(a0)
    6f54:	07c2                	slli	a5,a5,0x10
    6f56:	83c1                	srli	a5,a5,0x10
    6f58:	9bdd                	andi	a5,a5,-9
    6f5a:	07c2                	slli	a5,a5,0x10
    6f5c:	83c1                	srli	a5,a5,0x10
    6f5e:	00f51023          	sh	a5,0(a0)
    TIMx->CTLR1 |= TIM_OPMode;
    6f62:	00055783          	lhu	a5,0(a0)
    6f66:	8fcd                	or	a5,a5,a1
    6f68:	00f51023          	sh	a5,0(a0)
}
    6f6c:	8082                	ret

00006f6e <TIM_SelectOutputTrigger>:
    TIMx->CTLR2 &= (uint16_t) ~((uint16_t)TIM_MMS);
    6f6e:	00455783          	lhu	a5,4(a0)
    6f72:	07c2                	slli	a5,a5,0x10
    6f74:	83c1                	srli	a5,a5,0x10
    6f76:	f8f7f793          	andi	a5,a5,-113
    6f7a:	07c2                	slli	a5,a5,0x10
    6f7c:	83c1                	srli	a5,a5,0x10
    6f7e:	00f51223          	sh	a5,4(a0)
    TIMx->CTLR2 |= TIM_TRGOSource;
    6f82:	00455783          	lhu	a5,4(a0)
    6f86:	8fcd                	or	a5,a5,a1
    6f88:	00f51223          	sh	a5,4(a0)
}
    6f8c:	8082                	ret

00006f8e <TIM_SelectSlaveMode>:
    TIMx->SMCFGR &= (uint16_t) ~((uint16_t)TIM_SMS);
    6f8e:	00855783          	lhu	a5,8(a0)
    6f92:	07c2                	slli	a5,a5,0x10
    6f94:	83c1                	srli	a5,a5,0x10
    6f96:	9be1                	andi	a5,a5,-8
    6f98:	07c2                	slli	a5,a5,0x10
    6f9a:	83c1                	srli	a5,a5,0x10
    6f9c:	00f51423          	sh	a5,8(a0)
    TIMx->SMCFGR |= TIM_SlaveMode;
    6fa0:	00855783          	lhu	a5,8(a0)
    6fa4:	8fcd                	or	a5,a5,a1
    6fa6:	00f51423          	sh	a5,8(a0)
}
    6faa:	8082                	ret

00006fac <TIM_SelectMasterSlaveMode>:
    TIMx->SMCFGR &= (uint16_t) ~((uint16_t)TIM_MSM);
    6fac:	00855783          	lhu	a5,8(a0)
    6fb0:	07c2                	slli	a5,a5,0x10
    6fb2:	83c1                	srli	a5,a5,0x10
    6fb4:	f7f7f793          	andi	a5,a5,-129
    6fb8:	07c2                	slli	a5,a5,0x10
    6fba:	83c1                	srli	a5,a5,0x10
    6fbc:	00f51423          	sh	a5,8(a0)
    TIMx->SMCFGR |= TIM_MasterSlaveMode;
    6fc0:	00855783          	lhu	a5,8(a0)
    6fc4:	8fcd                	or	a5,a5,a1
    6fc6:	00f51423          	sh	a5,8(a0)
}
    6fca:	8082                	ret

00006fcc <TIM_SetCounter>:
    TIMx->CNT = Counter;
    6fcc:	02b51223          	sh	a1,36(a0)
}
    6fd0:	8082                	ret

00006fd2 <TIM_SetAutoreload>:
    TIMx->ATRLR = Autoreload;
    6fd2:	02b51623          	sh	a1,44(a0)
}
    6fd6:	8082                	ret

00006fd8 <TIM_SetCompare1>:
    TIMx->CH1CVR = Compare1;
    6fd8:	02b51a23          	sh	a1,52(a0)
}
    6fdc:	8082                	ret

00006fde <TIM_SetCompare2>:
    TIMx->CH2CVR = Compare2;
    6fde:	02b51c23          	sh	a1,56(a0)
}
    6fe2:	8082                	ret

00006fe4 <TIM_SetCompare3>:
    TIMx->CH3CVR = Compare3;
    6fe4:	02b51e23          	sh	a1,60(a0)
}
    6fe8:	8082                	ret

00006fea <TIM_SetCompare4>:
    TIMx->CH4CVR = Compare4;
    6fea:	04b51023          	sh	a1,64(a0)
}
    6fee:	8082                	ret

00006ff0 <TIM_SetIC1Prescaler>:
    TIMx->CHCTLR1 &= (uint16_t) ~((uint16_t)TIM_IC1PSC);
    6ff0:	01855783          	lhu	a5,24(a0)
    6ff4:	07c2                	slli	a5,a5,0x10
    6ff6:	83c1                	srli	a5,a5,0x10
    6ff8:	9bcd                	andi	a5,a5,-13
    6ffa:	07c2                	slli	a5,a5,0x10
    6ffc:	83c1                	srli	a5,a5,0x10
    6ffe:	00f51c23          	sh	a5,24(a0)
    TIMx->CHCTLR1 |= TIM_ICPSC;
    7002:	01855783          	lhu	a5,24(a0)
    7006:	8fcd                	or	a5,a5,a1
    7008:	00f51c23          	sh	a5,24(a0)
}
    700c:	8082                	ret

0000700e <TIM_SetIC2Prescaler>:
    TIMx->CHCTLR1 &= (uint16_t) ~((uint16_t)TIM_IC2PSC);
    700e:	01855783          	lhu	a5,24(a0)
    7012:	777d                	lui	a4,0xfffff
    7014:	3ff70713          	addi	a4,a4,1023 # fffff3ff <ERR_SECTION_BASE+0x3ff>
    7018:	8ff9                	and	a5,a5,a4
    701a:	00f51c23          	sh	a5,24(a0)
    TIMx->CHCTLR1 |= (uint16_t)(TIM_ICPSC << 8);
    701e:	01855783          	lhu	a5,24(a0)
    7022:	05a2                	slli	a1,a1,0x8
    7024:	05c2                	slli	a1,a1,0x10
    7026:	81c1                	srli	a1,a1,0x10
    7028:	8fcd                	or	a5,a5,a1
    702a:	00f51c23          	sh	a5,24(a0)
}
    702e:	8082                	ret

00007030 <TIM_PWMIConfig>:
{
    7030:	1101                	addi	sp,sp,-32
    7032:	ce06                	sw	ra,28(sp)
    7034:	cc22                	sw	s0,24(sp)
    7036:	ca26                	sw	s1,20(sp)
    7038:	c84a                	sw	s2,16(sp)
    703a:	c64e                	sw	s3,12(sp)
    703c:	84aa                	mv	s1,a0
    703e:	842e                	mv	s0,a1
    if(TIM_ICInitStruct->TIM_ICPolarity == TIM_ICPolarity_Rising)
    7040:	0025d583          	lhu	a1,2(a1)
    7044:	e5b1                	bnez	a1,7090 <TIM_PWMIConfig+0x60>
        icoppositepolarity = TIM_ICPolarity_Falling;
    7046:	4909                	li	s2,2
    if(TIM_ICInitStruct->TIM_ICSelection == TIM_ICSelection_DirectTI)
    7048:	00445603          	lhu	a2,4(s0)
    704c:	4785                	li	a5,1
    704e:	04f60363          	beq	a2,a5,7094 <TIM_PWMIConfig+0x64>
        icoppositeselection = TIM_ICSelection_DirectTI;
    7052:	4985                	li	s3,1
    if(TIM_ICInitStruct->TIM_Channel == TIM_Channel_1)
    7054:	00045783          	lhu	a5,0(s0)
    7058:	e3a1                	bnez	a5,7098 <TIM_PWMIConfig+0x68>
        TI1_Config(TIMx, TIM_ICInitStruct->TIM_ICPolarity, TIM_ICInitStruct->TIM_ICSelection,
    705a:	00845683          	lhu	a3,8(s0)
    705e:	8526                	mv	a0,s1
    7060:	a3eff0ef          	jal	ra,629e <TI1_Config>
        TIM_SetIC1Prescaler(TIMx, TIM_ICInitStruct->TIM_ICPrescaler);
    7064:	00645583          	lhu	a1,6(s0)
    7068:	8526                	mv	a0,s1
    706a:	3759                	jal	6ff0 <TIM_SetIC1Prescaler>
        TI2_Config(TIMx, icoppositepolarity, icoppositeselection, TIM_ICInitStruct->TIM_ICFilter);
    706c:	00845683          	lhu	a3,8(s0)
    7070:	864e                	mv	a2,s3
    7072:	85ca                	mv	a1,s2
    7074:	8526                	mv	a0,s1
    7076:	a6aff0ef          	jal	ra,62e0 <TI2_Config>
        TIM_SetIC2Prescaler(TIMx, TIM_ICInitStruct->TIM_ICPrescaler);
    707a:	00645583          	lhu	a1,6(s0)
    707e:	8526                	mv	a0,s1
    7080:	3779                	jal	700e <TIM_SetIC2Prescaler>
}
    7082:	40f2                	lw	ra,28(sp)
    7084:	4462                	lw	s0,24(sp)
    7086:	44d2                	lw	s1,20(sp)
    7088:	4942                	lw	s2,16(sp)
    708a:	49b2                	lw	s3,12(sp)
    708c:	6105                	addi	sp,sp,32
    708e:	8082                	ret
        icoppositepolarity = TIM_ICPolarity_Rising;
    7090:	4901                	li	s2,0
    7092:	bf5d                	j	7048 <TIM_PWMIConfig+0x18>
        icoppositeselection = TIM_ICSelection_IndirectTI;
    7094:	4989                	li	s3,2
    7096:	bf7d                	j	7054 <TIM_PWMIConfig+0x24>
        TI2_Config(TIMx, TIM_ICInitStruct->TIM_ICPolarity, TIM_ICInitStruct->TIM_ICSelection,
    7098:	00845683          	lhu	a3,8(s0)
    709c:	8526                	mv	a0,s1
    709e:	a42ff0ef          	jal	ra,62e0 <TI2_Config>
        TIM_SetIC2Prescaler(TIMx, TIM_ICInitStruct->TIM_ICPrescaler);
    70a2:	00645583          	lhu	a1,6(s0)
    70a6:	8526                	mv	a0,s1
    70a8:	379d                	jal	700e <TIM_SetIC2Prescaler>
        TI1_Config(TIMx, icoppositepolarity, icoppositeselection, TIM_ICInitStruct->TIM_ICFilter);
    70aa:	00845683          	lhu	a3,8(s0)
    70ae:	864e                	mv	a2,s3
    70b0:	85ca                	mv	a1,s2
    70b2:	8526                	mv	a0,s1
    70b4:	9eaff0ef          	jal	ra,629e <TI1_Config>
        TIM_SetIC1Prescaler(TIMx, TIM_ICInitStruct->TIM_ICPrescaler);
    70b8:	00645583          	lhu	a1,6(s0)
    70bc:	8526                	mv	a0,s1
    70be:	3f0d                	jal	6ff0 <TIM_SetIC1Prescaler>
}
    70c0:	b7c9                	j	7082 <TIM_PWMIConfig+0x52>

000070c2 <TIM_SetIC3Prescaler>:
    TIMx->CHCTLR2 &= (uint16_t) ~((uint16_t)TIM_IC3PSC);
    70c2:	01c55783          	lhu	a5,28(a0)
    70c6:	07c2                	slli	a5,a5,0x10
    70c8:	83c1                	srli	a5,a5,0x10
    70ca:	9bcd                	andi	a5,a5,-13
    70cc:	07c2                	slli	a5,a5,0x10
    70ce:	83c1                	srli	a5,a5,0x10
    70d0:	00f51e23          	sh	a5,28(a0)
    TIMx->CHCTLR2 |= TIM_ICPSC;
    70d4:	01c55783          	lhu	a5,28(a0)
    70d8:	8fcd                	or	a5,a5,a1
    70da:	00f51e23          	sh	a5,28(a0)
}
    70de:	8082                	ret

000070e0 <TIM_SetIC4Prescaler>:
    TIMx->CHCTLR2 &= (uint16_t) ~((uint16_t)TIM_IC4PSC);
    70e0:	01c55783          	lhu	a5,28(a0)
    70e4:	777d                	lui	a4,0xfffff
    70e6:	3ff70713          	addi	a4,a4,1023 # fffff3ff <ERR_SECTION_BASE+0x3ff>
    70ea:	8ff9                	and	a5,a5,a4
    70ec:	00f51e23          	sh	a5,28(a0)
    TIMx->CHCTLR2 |= (uint16_t)(TIM_ICPSC << 8);
    70f0:	01c55783          	lhu	a5,28(a0)
    70f4:	05a2                	slli	a1,a1,0x8
    70f6:	05c2                	slli	a1,a1,0x10
    70f8:	81c1                	srli	a1,a1,0x10
    70fa:	8fcd                	or	a5,a5,a1
    70fc:	00f51e23          	sh	a5,28(a0)
}
    7100:	8082                	ret

00007102 <TIM_ICInit>:
{
    7102:	1141                	addi	sp,sp,-16
    7104:	c606                	sw	ra,12(sp)
    7106:	c422                	sw	s0,8(sp)
    7108:	c226                	sw	s1,4(sp)
    710a:	84aa                	mv	s1,a0
    710c:	842e                	mv	s0,a1
    if(TIM_ICInitStruct->TIM_Channel == TIM_Channel_1)
    710e:	0005d783          	lhu	a5,0(a1)
    7112:	cb85                	beqz	a5,7142 <TIM_ICInit+0x40>
    else if(TIM_ICInitStruct->TIM_Channel == TIM_Channel_2)
    7114:	4711                	li	a4,4
    7116:	04e78363          	beq	a5,a4,715c <TIM_ICInit+0x5a>
    else if(TIM_ICInitStruct->TIM_Channel == TIM_Channel_3)
    711a:	4721                	li	a4,8
    711c:	04e78d63          	beq	a5,a4,7176 <TIM_ICInit+0x74>
        TI4_Config(TIMx, TIM_ICInitStruct->TIM_ICPolarity,
    7120:	0085d683          	lhu	a3,8(a1)
    7124:	0045d603          	lhu	a2,4(a1)
    7128:	0025d583          	lhu	a1,2(a1)
    712c:	a52ff0ef          	jal	ra,637e <TI4_Config>
        TIM_SetIC4Prescaler(TIMx, TIM_ICInitStruct->TIM_ICPrescaler);
    7130:	00645583          	lhu	a1,6(s0)
    7134:	8526                	mv	a0,s1
    7136:	376d                	jal	70e0 <TIM_SetIC4Prescaler>
}
    7138:	40b2                	lw	ra,12(sp)
    713a:	4422                	lw	s0,8(sp)
    713c:	4492                	lw	s1,4(sp)
    713e:	0141                	addi	sp,sp,16
    7140:	8082                	ret
        TI1_Config(TIMx, TIM_ICInitStruct->TIM_ICPolarity,
    7142:	0085d683          	lhu	a3,8(a1)
    7146:	0045d603          	lhu	a2,4(a1)
    714a:	0025d583          	lhu	a1,2(a1)
    714e:	950ff0ef          	jal	ra,629e <TI1_Config>
        TIM_SetIC1Prescaler(TIMx, TIM_ICInitStruct->TIM_ICPrescaler);
    7152:	00645583          	lhu	a1,6(s0)
    7156:	8526                	mv	a0,s1
    7158:	3d61                	jal	6ff0 <TIM_SetIC1Prescaler>
    715a:	bff9                	j	7138 <TIM_ICInit+0x36>
        TI2_Config(TIMx, TIM_ICInitStruct->TIM_ICPolarity,
    715c:	0085d683          	lhu	a3,8(a1)
    7160:	0045d603          	lhu	a2,4(a1)
    7164:	0025d583          	lhu	a1,2(a1)
    7168:	978ff0ef          	jal	ra,62e0 <TI2_Config>
        TIM_SetIC2Prescaler(TIMx, TIM_ICInitStruct->TIM_ICPrescaler);
    716c:	00645583          	lhu	a1,6(s0)
    7170:	8526                	mv	a0,s1
    7172:	3d71                	jal	700e <TIM_SetIC2Prescaler>
    7174:	b7d1                	j	7138 <TIM_ICInit+0x36>
        TI3_Config(TIMx, TIM_ICInitStruct->TIM_ICPolarity,
    7176:	0085d683          	lhu	a3,8(a1)
    717a:	0045d603          	lhu	a2,4(a1)
    717e:	0025d583          	lhu	a1,2(a1)
    7182:	9b0ff0ef          	jal	ra,6332 <TI3_Config>
        TIM_SetIC3Prescaler(TIMx, TIM_ICInitStruct->TIM_ICPrescaler);
    7186:	00645583          	lhu	a1,6(s0)
    718a:	8526                	mv	a0,s1
    718c:	3f1d                	jal	70c2 <TIM_SetIC3Prescaler>
    718e:	b76d                	j	7138 <TIM_ICInit+0x36>

00007190 <TIM_SetClockDivision>:
    TIMx->CTLR1 &= (uint16_t) ~((uint16_t)TIM_CTLR1_CKD);
    7190:	00055783          	lhu	a5,0(a0)
    7194:	07c2                	slli	a5,a5,0x10
    7196:	83c1                	srli	a5,a5,0x10
    7198:	cff7f793          	andi	a5,a5,-769
    719c:	07c2                	slli	a5,a5,0x10
    719e:	83c1                	srli	a5,a5,0x10
    71a0:	00f51023          	sh	a5,0(a0)
    TIMx->CTLR1 |= TIM_CKD;
    71a4:	00055783          	lhu	a5,0(a0)
    71a8:	8fcd                	or	a5,a5,a1
    71aa:	00f51023          	sh	a5,0(a0)
}
    71ae:	8082                	ret

000071b0 <TIM_GetCapture1>:
    return TIMx->CH1CVR;
    71b0:	03455503          	lhu	a0,52(a0)
}
    71b4:	8082                	ret

000071b6 <TIM_GetCapture2>:
    return TIMx->CH2CVR;
    71b6:	03855503          	lhu	a0,56(a0)
}
    71ba:	8082                	ret

000071bc <TIM_GetCapture3>:
    return TIMx->CH3CVR;
    71bc:	03c55503          	lhu	a0,60(a0)
}
    71c0:	8082                	ret

000071c2 <TIM_GetCapture4>:
    return TIMx->CH4CVR;
    71c2:	04055503          	lhu	a0,64(a0)
}
    71c6:	8082                	ret

000071c8 <TIM_GetCounter>:
    return TIMx->CNT;
    71c8:	02455503          	lhu	a0,36(a0)
}
    71cc:	8082                	ret

000071ce <TIM_GetPrescaler>:
    return TIMx->PSC;
    71ce:	02855503          	lhu	a0,40(a0)
}
    71d2:	8082                	ret

000071d4 <TIM_GetFlagStatus>:
    if((TIMx->INTFR & TIM_FLAG) != (uint16_t)RESET)
    71d4:	01055783          	lhu	a5,16(a0)
    71d8:	8fed                	and	a5,a5,a1
    71da:	c399                	beqz	a5,71e0 <TIM_GetFlagStatus+0xc>
        bitstatus = SET;
    71dc:	4505                	li	a0,1
    71de:	8082                	ret
        bitstatus = RESET;
    71e0:	4501                	li	a0,0
}
    71e2:	8082                	ret

000071e4 <TIM_ClearFlag>:
    TIMx->INTFR = (uint16_t)~TIM_FLAG;
    71e4:	fff5c593          	not	a1,a1
    71e8:	05c2                	slli	a1,a1,0x10
    71ea:	81c1                	srli	a1,a1,0x10
    71ec:	00b51823          	sh	a1,16(a0)
}
    71f0:	8082                	ret

000071f2 <TIM_GetITStatus>:
    itstatus = TIMx->INTFR & TIM_IT;
    71f2:	01055783          	lhu	a5,16(a0)
    71f6:	8fed                	and	a5,a5,a1
    itenable = TIMx->DMAINTENR & TIM_IT;
    71f8:	00c55703          	lhu	a4,12(a0)
    71fc:	8f6d                	and	a4,a4,a1
    if((itstatus != (uint16_t)RESET) && (itenable != (uint16_t)RESET))
    71fe:	c781                	beqz	a5,7206 <TIM_GetITStatus+0x14>
    7200:	e709                	bnez	a4,720a <TIM_GetITStatus+0x18>
        bitstatus = RESET;
    7202:	4501                	li	a0,0
    7204:	8082                	ret
    7206:	4501                	li	a0,0
    7208:	8082                	ret
        bitstatus = SET;
    720a:	4505                	li	a0,1
}
    720c:	8082                	ret

0000720e <TIM_ClearITPendingBit>:
    TIMx->INTFR = (uint16_t)~TIM_IT;
    720e:	fff5c593          	not	a1,a1
    7212:	05c2                	slli	a1,a1,0x10
    7214:	81c1                	srli	a1,a1,0x10
    7216:	00b51823          	sh	a1,16(a0)
}
    721a:	8082                	ret

0000721c <memcpy>:
    721c:	832a                	mv	t1,a0
    721e:	ca09                	beqz	a2,7230 <memcpy+0x14>
    7220:	00058383          	lb	t2,0(a1)
    7224:	00730023          	sb	t2,0(t1)
    7228:	167d                	addi	a2,a2,-1
    722a:	0305                	addi	t1,t1,1
    722c:	0585                	addi	a1,a1,1
    722e:	fa6d                	bnez	a2,7220 <memcpy+0x4>
    7230:	8082                	ret

00007232 <memset>:
    7232:	832a                	mv	t1,a0
    7234:	c611                	beqz	a2,7240 <memset+0xe>
    7236:	00b30023          	sb	a1,0(t1)
    723a:	167d                	addi	a2,a2,-1
    723c:	0305                	addi	t1,t1,1
    723e:	fe65                	bnez	a2,7236 <memset+0x4>
    7240:	8082                	ret

00007242 <strcmp>:
    7242:	00054603          	lbu	a2,0(a0)
    7246:	0005c683          	lbu	a3,0(a1)
    724a:	0505                	addi	a0,a0,1
    724c:	0585                	addi	a1,a1,1
    724e:	00d61363          	bne	a2,a3,7254 <strcmp+0x12>
    7252:	fa65                	bnez	a2,7242 <strcmp>
    7254:	40d60533          	sub	a0,a2,a3
    7258:	8082                	ret

0000725a <ADC1_2_IRQHandler>:
DMA2_Channel8_IRQHandler:
DMA2_Channel9_IRQHandler:
DMA2_Channel10_IRQHandler:
DMA2_Channel11_IRQHandler:
1:
	j 1b
    725a:	a001                	j	725a <ADC1_2_IRQHandler>

0000725c <handle_reset>:
	.weak	handle_reset
	.align	1
handle_reset:
.option push 
.option	norelax 
	la gp, __global_pointer$
    725c:	1fff9197          	auipc	gp,0x1fff9
    7260:	62418193          	addi	gp,gp,1572 # 20000880 <s_queue_pool_ctrl>
.option	pop 

	la sp, _eusrstack 
    7264:	20001117          	auipc	sp,0x20001
    7268:	d9c10113          	addi	sp,sp,-612 # 20008000 <_eusrstack>

/* Load data section from flash to RAM */
	la a0, _data_lma
    726c:	00002517          	auipc	a0,0x2
    7270:	e6c50513          	addi	a0,a0,-404 # 90d8 <_data_lma>
	la a1, _data_vma
    7274:	1fff9597          	auipc	a1,0x1fff9
    7278:	d8c58593          	addi	a1,a1,-628 # 20000000 <AHBPrescTable>
	la a2, _edata
    727c:	81818613          	addi	a2,gp,-2024 # 20000098 <_edata>
	bgeu a1, a2, 2f
    7280:	00c5fa63          	bgeu	a1,a2,7294 <handle_reset+0x38>
1:
	lw t0, (a0)
    7284:	00052283          	lw	t0,0(a0)
	sw t0, (a1)
    7288:	0055a023          	sw	t0,0(a1)
	addi a0, a0, 4
    728c:	0511                	addi	a0,a0,4
	addi a1, a1, 4
    728e:	0591                	addi	a1,a1,4
	bltu a1, a2, 1b
    7290:	fec5eae3          	bltu	a1,a2,7284 <handle_reset+0x28>
2:
/* Clear bss section */
	la a0, _sbss
    7294:	84018513          	addi	a0,gp,-1984 # 200000c0 <p_ms>
	la a1, _ebss
    7298:	1fffa597          	auipc	a1,0x1fffa
    729c:	34458593          	addi	a1,a1,836 # 200015dc <_ebss>
	bgeu a0, a1, 2f
    72a0:	00b57763          	bgeu	a0,a1,72ae <handle_reset+0x52>
1:
	sw zero, (a0)
    72a4:	00052023          	sw	zero,0(a0)
	addi a0, a0, 4
    72a8:	0511                	addi	a0,a0,4
	bltu a0, a1, 1b
    72aa:	feb56de3          	bltu	a0,a1,72a4 <handle_reset+0x48>
2:
/* Configure pipelining and instruction prediction */
    li t0, 0x1f
    72ae:	42fd                	li	t0,31
    csrw 0xbc0, t0
    72b0:	bc029073          	csrw	0xbc0,t0
/* Enable interrupt nesting and hardware stack */
	li t0, 0x0b
    72b4:	42ad                	li	t0,11
	csrw 0x804, t0
    72b6:	80429073          	csrw	0x804,t0
/* Enable floating point and global interrupt, configure privileged mode */
   	li t0, 0x6088           
    72ba:	6299                	lui	t0,0x6
    72bc:	08828293          	addi	t0,t0,136 # 6088 <USART_SetAddress+0x1a>
   	csrw mstatus, t0
    72c0:	30029073          	csrw	mstatus,t0
/* Configure the interrupt vector table recognition mode and entry address mode */
 	la t0, _vector_base
    72c4:	ffff9297          	auipc	t0,0xffff9
    72c8:	d4028293          	addi	t0,t0,-704 # 4 <_einit>
    ori t0, t0, 3           
    72cc:	0032e293          	ori	t0,t0,3
	csrw mtvec, t0
    72d0:	30529073          	csrw	mtvec,t0

    jal  SystemInit
    72d4:	9b0fa0ef          	jal	ra,1484 <SystemInit>
	la t0, ch307_node_main
    72d8:	ffffa297          	auipc	t0,0xffffa
    72dc:	4fc28293          	addi	t0,t0,1276 # 17d4 <ch307_node_main>
	csrw mepc, t0
    72e0:	34129073          	csrw	mepc,t0
	mret
    72e4:	30200073          	mret

000072e8 <__clzsi2>:
    72e8:	67c1                	lui	a5,0x10
    72ea:	02f57663          	bgeu	a0,a5,7316 <__clzsi2+0x2e>
    72ee:	10053793          	sltiu	a5,a0,256
    72f2:	0017c793          	xori	a5,a5,1
    72f6:	078e                	slli	a5,a5,0x3
    72f8:	02000713          	li	a4,32
    72fc:	8f1d                	sub	a4,a4,a5
    72fe:	00f55533          	srl	a0,a0,a5
    7302:	00002797          	auipc	a5,0x2
    7306:	bce78793          	addi	a5,a5,-1074 # 8ed0 <__clz_tab>
    730a:	97aa                	add	a5,a5,a0
    730c:	0007c503          	lbu	a0,0(a5)
    7310:	40a70533          	sub	a0,a4,a0
    7314:	8082                	ret
    7316:	010007b7          	lui	a5,0x1000
    731a:	02f57063          	bgeu	a0,a5,733a <__clzsi2+0x52>
    731e:	47c1                	li	a5,16
    7320:	00f55533          	srl	a0,a0,a5
    7324:	00002797          	auipc	a5,0x2
    7328:	bac78793          	addi	a5,a5,-1108 # 8ed0 <__clz_tab>
    732c:	97aa                	add	a5,a5,a0
    732e:	0007c503          	lbu	a0,0(a5)
    7332:	4741                	li	a4,16
    7334:	40a70533          	sub	a0,a4,a0
    7338:	8082                	ret
    733a:	47e1                	li	a5,24
    733c:	00f55533          	srl	a0,a0,a5
    7340:	00002797          	auipc	a5,0x2
    7344:	b9078793          	addi	a5,a5,-1136 # 8ed0 <__clz_tab>
    7348:	97aa                	add	a5,a5,a0
    734a:	0007c503          	lbu	a0,0(a5)
    734e:	4721                	li	a4,8
    7350:	40a70533          	sub	a0,a4,a0
    7354:	8082                	ret

00007356 <calloc>:
    7356:	862e                	mv	a2,a1
    7358:	85aa                	mv	a1,a0
    735a:	80c1a503          	lw	a0,-2036(gp) # 2000008c <_impure_ptr>
    735e:	a029                	j	7368 <_calloc_r>

00007360 <free>:
    7360:	85aa                	mv	a1,a0
    7362:	80c1a503          	lw	a0,-2036(gp) # 2000008c <_impure_ptr>
    7366:	a81d                	j	739c <_free_r>

00007368 <_calloc_r>:
    7368:	02c5b733          	mulhu	a4,a1,a2
    736c:	1101                	addi	sp,sp,-32
    736e:	ce06                	sw	ra,28(sp)
    7370:	cc22                	sw	s0,24(sp)
    7372:	02c58633          	mul	a2,a1,a2
    7376:	cb09                	beqz	a4,7388 <_calloc_r+0x20>
    7378:	4731                	li	a4,12
    737a:	c118                	sw	a4,0(a0)
    737c:	4401                	li	s0,0
    737e:	40f2                	lw	ra,28(sp)
    7380:	8522                	mv	a0,s0
    7382:	4462                	lw	s0,24(sp)
    7384:	6105                	addi	sp,sp,32
    7386:	8082                	ret
    7388:	85b2                	mv	a1,a2
    738a:	c632                	sw	a2,12(sp)
    738c:	2209                	jal	748e <_malloc_r>
    738e:	842a                	mv	s0,a0
    7390:	d575                	beqz	a0,737c <_calloc_r+0x14>
    7392:	4632                	lw	a2,12(sp)
    7394:	4581                	li	a1,0
    7396:	e9dff0ef          	jal	ra,7232 <memset>
    739a:	b7d5                	j	737e <_calloc_r+0x16>

0000739c <_free_r>:
    739c:	cdd1                	beqz	a1,7438 <_free_r+0x9c>
    739e:	ffc5a783          	lw	a5,-4(a1)
    73a2:	1101                	addi	sp,sp,-32
    73a4:	cc22                	sw	s0,24(sp)
    73a6:	ce06                	sw	ra,28(sp)
    73a8:	ffc58413          	addi	s0,a1,-4
    73ac:	0007d363          	bgez	a5,73b2 <_free_r+0x16>
    73b0:	943e                	add	s0,s0,a5
    73b2:	c62a                	sw	a0,12(sp)
    73b4:	2145                	jal	7854 <__malloc_lock>
    73b6:	86c18713          	addi	a4,gp,-1940 # 200000ec <__malloc_free_list>
    73ba:	431c                	lw	a5,0(a4)
    73bc:	4532                	lw	a0,12(sp)
    73be:	eb81                	bnez	a5,73ce <_free_r+0x32>
    73c0:	00042223          	sw	zero,4(s0)
    73c4:	c300                	sw	s0,0(a4)
    73c6:	4462                	lw	s0,24(sp)
    73c8:	40f2                	lw	ra,28(sp)
    73ca:	6105                	addi	sp,sp,32
    73cc:	a941                	j	785c <__malloc_unlock>
    73ce:	00f47d63          	bgeu	s0,a5,73e8 <_free_r+0x4c>
    73d2:	4010                	lw	a2,0(s0)
    73d4:	00c406b3          	add	a3,s0,a2
    73d8:	00d79663          	bne	a5,a3,73e4 <_free_r+0x48>
    73dc:	4394                	lw	a3,0(a5)
    73de:	43dc                	lw	a5,4(a5)
    73e0:	96b2                	add	a3,a3,a2
    73e2:	c014                	sw	a3,0(s0)
    73e4:	c05c                	sw	a5,4(s0)
    73e6:	bff9                	j	73c4 <_free_r+0x28>
    73e8:	873e                	mv	a4,a5
    73ea:	43dc                	lw	a5,4(a5)
    73ec:	c399                	beqz	a5,73f2 <_free_r+0x56>
    73ee:	fef47de3          	bgeu	s0,a5,73e8 <_free_r+0x4c>
    73f2:	4314                	lw	a3,0(a4)
    73f4:	00d70633          	add	a2,a4,a3
    73f8:	00861f63          	bne	a2,s0,7416 <_free_r+0x7a>
    73fc:	4010                	lw	a2,0(s0)
    73fe:	96b2                	add	a3,a3,a2
    7400:	c314                	sw	a3,0(a4)
    7402:	00d70633          	add	a2,a4,a3
    7406:	fcc790e3          	bne	a5,a2,73c6 <_free_r+0x2a>
    740a:	4390                	lw	a2,0(a5)
    740c:	43dc                	lw	a5,4(a5)
    740e:	96b2                	add	a3,a3,a2
    7410:	c314                	sw	a3,0(a4)
    7412:	c35c                	sw	a5,4(a4)
    7414:	bf4d                	j	73c6 <_free_r+0x2a>
    7416:	00c47563          	bgeu	s0,a2,7420 <_free_r+0x84>
    741a:	47b1                	li	a5,12
    741c:	c11c                	sw	a5,0(a0)
    741e:	b765                	j	73c6 <_free_r+0x2a>
    7420:	4010                	lw	a2,0(s0)
    7422:	00c406b3          	add	a3,s0,a2
    7426:	00d79663          	bne	a5,a3,7432 <_free_r+0x96>
    742a:	4394                	lw	a3,0(a5)
    742c:	43dc                	lw	a5,4(a5)
    742e:	96b2                	add	a3,a3,a2
    7430:	c014                	sw	a3,0(s0)
    7432:	c05c                	sw	a5,4(s0)
    7434:	c340                	sw	s0,4(a4)
    7436:	bf41                	j	73c6 <_free_r+0x2a>
    7438:	8082                	ret

0000743a <sbrk_aligned>:
    743a:	1141                	addi	sp,sp,-16
    743c:	c04a                	sw	s2,0(sp)
    743e:	86818913          	addi	s2,gp,-1944 # 200000e8 <__malloc_sbrk_start>
    7442:	00092783          	lw	a5,0(s2)
    7446:	c422                	sw	s0,8(sp)
    7448:	c226                	sw	s1,4(sp)
    744a:	c606                	sw	ra,12(sp)
    744c:	84aa                	mv	s1,a0
    744e:	842e                	mv	s0,a1
    7450:	e789                	bnez	a5,745a <sbrk_aligned+0x20>
    7452:	4581                	li	a1,0
    7454:	2299                	jal	759a <_sbrk_r>
    7456:	00a92023          	sw	a0,0(s2)
    745a:	85a2                	mv	a1,s0
    745c:	8526                	mv	a0,s1
    745e:	2a35                	jal	759a <_sbrk_r>
    7460:	597d                	li	s2,-1
    7462:	01251a63          	bne	a0,s2,7476 <sbrk_aligned+0x3c>
    7466:	547d                	li	s0,-1
    7468:	40b2                	lw	ra,12(sp)
    746a:	8522                	mv	a0,s0
    746c:	4422                	lw	s0,8(sp)
    746e:	4492                	lw	s1,4(sp)
    7470:	4902                	lw	s2,0(sp)
    7472:	0141                	addi	sp,sp,16
    7474:	8082                	ret
    7476:	00350413          	addi	s0,a0,3
    747a:	9871                	andi	s0,s0,-4
    747c:	fe8506e3          	beq	a0,s0,7468 <sbrk_aligned+0x2e>
    7480:	40a405b3          	sub	a1,s0,a0
    7484:	8526                	mv	a0,s1
    7486:	2a11                	jal	759a <_sbrk_r>
    7488:	ff2510e3          	bne	a0,s2,7468 <sbrk_aligned+0x2e>
    748c:	bfe9                	j	7466 <sbrk_aligned+0x2c>

0000748e <_malloc_r>:
    748e:	1101                	addi	sp,sp,-32
    7490:	ca26                	sw	s1,20(sp)
    7492:	00358493          	addi	s1,a1,3
    7496:	98f1                	andi	s1,s1,-4
    7498:	c84a                	sw	s2,16(sp)
    749a:	ce06                	sw	ra,28(sp)
    749c:	cc22                	sw	s0,24(sp)
    749e:	c64e                	sw	s3,12(sp)
    74a0:	04a1                	addi	s1,s1,8
    74a2:	47b1                	li	a5,12
    74a4:	892a                	mv	s2,a0
    74a6:	06f4f563          	bgeu	s1,a5,7510 <_malloc_r+0x82>
    74aa:	44b1                	li	s1,12
    74ac:	06b4e463          	bltu	s1,a1,7514 <_malloc_r+0x86>
    74b0:	854a                	mv	a0,s2
    74b2:	264d                	jal	7854 <__malloc_lock>
    74b4:	86c18993          	addi	s3,gp,-1940 # 200000ec <__malloc_free_list>
    74b8:	0009a783          	lw	a5,0(s3)
    74bc:	843e                	mv	s0,a5
    74be:	e435                	bnez	s0,752a <_malloc_r+0x9c>
    74c0:	85a6                	mv	a1,s1
    74c2:	854a                	mv	a0,s2
    74c4:	f77ff0ef          	jal	ra,743a <sbrk_aligned>
    74c8:	57fd                	li	a5,-1
    74ca:	842a                	mv	s0,a0
    74cc:	0cf51563          	bne	a0,a5,7596 <_malloc_r+0x108>
    74d0:	0009a403          	lw	s0,0(s3)
    74d4:	87a2                	mv	a5,s0
    74d6:	e7dd                	bnez	a5,7584 <_malloc_r+0xf6>
    74d8:	00042983          	lw	s3,0(s0)
    74dc:	4581                	li	a1,0
    74de:	854a                	mv	a0,s2
    74e0:	99a2                	add	s3,s3,s0
    74e2:	2865                	jal	759a <_sbrk_r>
    74e4:	0aa99363          	bne	s3,a0,758a <_malloc_r+0xfc>
    74e8:	401c                	lw	a5,0(s0)
    74ea:	048d                	addi	s1,s1,3
    74ec:	8c9d                	sub	s1,s1,a5
    74ee:	98f1                	andi	s1,s1,-4
    74f0:	04a1                	addi	s1,s1,8
    74f2:	47b1                	li	a5,12
    74f4:	00f4f363          	bgeu	s1,a5,74fa <_malloc_r+0x6c>
    74f8:	44b1                	li	s1,12
    74fa:	85a6                	mv	a1,s1
    74fc:	854a                	mv	a0,s2
    74fe:	f3dff0ef          	jal	ra,743a <sbrk_aligned>
    7502:	57fd                	li	a5,-1
    7504:	08f50363          	beq	a0,a5,758a <_malloc_r+0xfc>
    7508:	401c                	lw	a5,0(s0)
    750a:	97a6                	add	a5,a5,s1
    750c:	c01c                	sw	a5,0(s0)
    750e:	a83d                	j	754c <_malloc_r+0xbe>
    7510:	f804dee3          	bgez	s1,74ac <_malloc_r+0x1e>
    7514:	47b1                	li	a5,12
    7516:	00f92023          	sw	a5,0(s2)
    751a:	4501                	li	a0,0
    751c:	40f2                	lw	ra,28(sp)
    751e:	4462                	lw	s0,24(sp)
    7520:	44d2                	lw	s1,20(sp)
    7522:	4942                	lw	s2,16(sp)
    7524:	49b2                	lw	s3,12(sp)
    7526:	6105                	addi	sp,sp,32
    7528:	8082                	ret
    752a:	4014                	lw	a3,0(s0)
    752c:	8e85                	sub	a3,a3,s1
    752e:	0406c863          	bltz	a3,757e <_malloc_r+0xf0>
    7532:	472d                	li	a4,11
    7534:	02d77d63          	bgeu	a4,a3,756e <_malloc_r+0xe0>
    7538:	c004                	sw	s1,0(s0)
    753a:	00940733          	add	a4,s0,s1
    753e:	02879663          	bne	a5,s0,756a <_malloc_r+0xdc>
    7542:	00e9a023          	sw	a4,0(s3)
    7546:	405c                	lw	a5,4(s0)
    7548:	c314                	sw	a3,0(a4)
    754a:	c35c                	sw	a5,4(a4)
    754c:	854a                	mv	a0,s2
    754e:	2639                	jal	785c <__malloc_unlock>
    7550:	00b40513          	addi	a0,s0,11
    7554:	00440793          	addi	a5,s0,4
    7558:	9961                	andi	a0,a0,-8
    755a:	40f50733          	sub	a4,a0,a5
    755e:	faf50fe3          	beq	a0,a5,751c <_malloc_r+0x8e>
    7562:	943a                	add	s0,s0,a4
    7564:	8f89                	sub	a5,a5,a0
    7566:	c01c                	sw	a5,0(s0)
    7568:	bf55                	j	751c <_malloc_r+0x8e>
    756a:	c3d8                	sw	a4,4(a5)
    756c:	bfe9                	j	7546 <_malloc_r+0xb8>
    756e:	4058                	lw	a4,4(s0)
    7570:	00879563          	bne	a5,s0,757a <_malloc_r+0xec>
    7574:	00e9a023          	sw	a4,0(s3)
    7578:	bfd1                	j	754c <_malloc_r+0xbe>
    757a:	c3d8                	sw	a4,4(a5)
    757c:	bfc1                	j	754c <_malloc_r+0xbe>
    757e:	87a2                	mv	a5,s0
    7580:	4040                	lw	s0,4(s0)
    7582:	bf35                	j	74be <_malloc_r+0x30>
    7584:	843e                	mv	s0,a5
    7586:	43dc                	lw	a5,4(a5)
    7588:	b7b9                	j	74d6 <_malloc_r+0x48>
    758a:	47b1                	li	a5,12
    758c:	00f92023          	sw	a5,0(s2)
    7590:	854a                	mv	a0,s2
    7592:	24e9                	jal	785c <__malloc_unlock>
    7594:	b759                	j	751a <_malloc_r+0x8c>
    7596:	c104                	sw	s1,0(a0)
    7598:	bf55                	j	754c <_malloc_r+0xbe>

0000759a <_sbrk_r>:
    759a:	1141                	addi	sp,sp,-16
    759c:	c422                	sw	s0,8(sp)
    759e:	842a                	mv	s0,a0
    75a0:	852e                	mv	a0,a1
    75a2:	8601ae23          	sw	zero,-1924(gp) # 200000fc <errno>
    75a6:	c606                	sw	ra,12(sp)
    75a8:	9f0fa0ef          	jal	ra,1798 <_sbrk>
    75ac:	57fd                	li	a5,-1
    75ae:	00f51663          	bne	a0,a5,75ba <_sbrk_r+0x20>
    75b2:	87c1a783          	lw	a5,-1924(gp) # 200000fc <errno>
    75b6:	c391                	beqz	a5,75ba <_sbrk_r+0x20>
    75b8:	c01c                	sw	a5,0(s0)
    75ba:	40b2                	lw	ra,12(sp)
    75bc:	4422                	lw	s0,8(sp)
    75be:	0141                	addi	sp,sp,16
    75c0:	8082                	ret

000075c2 <viprintf>:
    75c2:	862a                	mv	a2,a0
    75c4:	80c1a503          	lw	a0,-2036(gp) # 2000008c <_impure_ptr>
    75c8:	86ae                	mv	a3,a1
    75ca:	c105                	beqz	a0,75ea <viprintf+0x28>
    75cc:	4d1c                	lw	a5,24(a0)
    75ce:	ef91                	bnez	a5,75ea <viprintf+0x28>
    75d0:	1101                	addi	sp,sp,-32
    75d2:	ce06                	sw	ra,28(sp)
    75d4:	c62e                	sw	a1,12(sp)
    75d6:	c432                	sw	a2,8(sp)
    75d8:	c22a                	sw	a0,4(sp)
    75da:	20e5                	jal	76c2 <__sinit>
    75dc:	4512                	lw	a0,4(sp)
    75de:	46b2                	lw	a3,12(sp)
    75e0:	4622                	lw	a2,8(sp)
    75e2:	40f2                	lw	ra,28(sp)
    75e4:	450c                	lw	a1,8(a0)
    75e6:	6105                	addi	sp,sp,32
    75e8:	a4e5                	j	78d0 <_vfiprintf_r>
    75ea:	450c                	lw	a1,8(a0)
    75ec:	bff5                	j	75e8 <viprintf+0x26>

000075ee <std>:
    75ee:	1141                	addi	sp,sp,-16
    75f0:	c422                	sw	s0,8(sp)
    75f2:	c606                	sw	ra,12(sp)
    75f4:	842a                	mv	s0,a0
    75f6:	00b51623          	sh	a1,12(a0)
    75fa:	00c51723          	sh	a2,14(a0)
    75fe:	00052023          	sw	zero,0(a0)
    7602:	00052223          	sw	zero,4(a0)
    7606:	00052423          	sw	zero,8(a0)
    760a:	06052223          	sw	zero,100(a0)
    760e:	00052823          	sw	zero,16(a0)
    7612:	00052a23          	sw	zero,20(a0)
    7616:	00052c23          	sw	zero,24(a0)
    761a:	4621                	li	a2,8
    761c:	4581                	li	a1,0
    761e:	05c50513          	addi	a0,a0,92
    7622:	c11ff0ef          	jal	ra,7232 <memset>
    7626:	00000797          	auipc	a5,0x0
    762a:	58478793          	addi	a5,a5,1412 # 7baa <__sread>
    762e:	d05c                	sw	a5,36(s0)
    7630:	00000797          	auipc	a5,0x0
    7634:	5ac78793          	addi	a5,a5,1452 # 7bdc <__swrite>
    7638:	d41c                	sw	a5,40(s0)
    763a:	00000797          	auipc	a5,0x0
    763e:	5f078793          	addi	a5,a5,1520 # 7c2a <__sseek>
    7642:	d45c                	sw	a5,44(s0)
    7644:	00000797          	auipc	a5,0x0
    7648:	61c78793          	addi	a5,a5,1564 # 7c60 <__sclose>
    764c:	40b2                	lw	ra,12(sp)
    764e:	d000                	sw	s0,32(s0)
    7650:	d81c                	sw	a5,48(s0)
    7652:	4422                	lw	s0,8(sp)
    7654:	0141                	addi	sp,sp,16
    7656:	8082                	ret

00007658 <_cleanup_r>:
    7658:	00001597          	auipc	a1,0x1
    765c:	95a58593          	addi	a1,a1,-1702 # 7fb2 <_fflush_r>
    7660:	a251                	j	77e4 <_fwalk_reent>

00007662 <__sfmoreglue>:
    7662:	1141                	addi	sp,sp,-16
    7664:	c226                	sw	s1,4(sp)
    7666:	06800793          	li	a5,104
    766a:	fff58493          	addi	s1,a1,-1
    766e:	02f484b3          	mul	s1,s1,a5
    7672:	c04a                	sw	s2,0(sp)
    7674:	892e                	mv	s2,a1
    7676:	c422                	sw	s0,8(sp)
    7678:	c606                	sw	ra,12(sp)
    767a:	07448593          	addi	a1,s1,116
    767e:	e11ff0ef          	jal	ra,748e <_malloc_r>
    7682:	842a                	mv	s0,a0
    7684:	cd01                	beqz	a0,769c <__sfmoreglue+0x3a>
    7686:	00052023          	sw	zero,0(a0)
    768a:	01252223          	sw	s2,4(a0)
    768e:	0531                	addi	a0,a0,12
    7690:	c408                	sw	a0,8(s0)
    7692:	06848613          	addi	a2,s1,104
    7696:	4581                	li	a1,0
    7698:	b9bff0ef          	jal	ra,7232 <memset>
    769c:	40b2                	lw	ra,12(sp)
    769e:	8522                	mv	a0,s0
    76a0:	4422                	lw	s0,8(sp)
    76a2:	4492                	lw	s1,4(sp)
    76a4:	4902                	lw	s2,0(sp)
    76a6:	0141                	addi	sp,sp,16
    76a8:	8082                	ret

000076aa <__sfp_lock_acquire>:
    76aa:	87418513          	addi	a0,gp,-1932 # 200000f4 <__lock___sfp_recursive_mutex>
    76ae:	a24d                	j	7850 <__retarget_lock_acquire_recursive>

000076b0 <__sfp_lock_release>:
    76b0:	87418513          	addi	a0,gp,-1932 # 200000f4 <__lock___sfp_recursive_mutex>
    76b4:	aa79                	j	7852 <__retarget_lock_release_recursive>

000076b6 <__sinit_lock_acquire>:
    76b6:	87818513          	addi	a0,gp,-1928 # 200000f8 <__lock___sinit_recursive_mutex>
    76ba:	aa59                	j	7850 <__retarget_lock_acquire_recursive>

000076bc <__sinit_lock_release>:
    76bc:	87818513          	addi	a0,gp,-1928 # 200000f8 <__lock___sinit_recursive_mutex>
    76c0:	aa49                	j	7852 <__retarget_lock_release_recursive>

000076c2 <__sinit>:
    76c2:	1141                	addi	sp,sp,-16
    76c4:	c422                	sw	s0,8(sp)
    76c6:	c606                	sw	ra,12(sp)
    76c8:	842a                	mv	s0,a0
    76ca:	fedff0ef          	jal	ra,76b6 <__sinit_lock_acquire>
    76ce:	4c1c                	lw	a5,24(s0)
    76d0:	c791                	beqz	a5,76dc <__sinit+0x1a>
    76d2:	4422                	lw	s0,8(sp)
    76d4:	40b2                	lw	ra,12(sp)
    76d6:	0141                	addi	sp,sp,16
    76d8:	fe5ff06f          	j	76bc <__sinit_lock_release>
    76dc:	00000797          	auipc	a5,0x0
    76e0:	f7c78793          	addi	a5,a5,-132 # 7658 <_cleanup_r>
    76e4:	d41c                	sw	a5,40(s0)
    76e6:	04042423          	sw	zero,72(s0)
    76ea:	04042623          	sw	zero,76(s0)
    76ee:	04042823          	sw	zero,80(s0)
    76f2:	8141a783          	lw	a5,-2028(gp) # 20000094 <_global_impure_ptr>
    76f6:	00879463          	bne	a5,s0,76fe <__sinit+0x3c>
    76fa:	4785                	li	a5,1
    76fc:	cc1c                	sw	a5,24(s0)
    76fe:	8522                	mv	a0,s0
    7700:	2815                	jal	7734 <__sfp>
    7702:	c048                	sw	a0,4(s0)
    7704:	8522                	mv	a0,s0
    7706:	203d                	jal	7734 <__sfp>
    7708:	c408                	sw	a0,8(s0)
    770a:	8522                	mv	a0,s0
    770c:	2025                	jal	7734 <__sfp>
    770e:	c448                	sw	a0,12(s0)
    7710:	4048                	lw	a0,4(s0)
    7712:	4601                	li	a2,0
    7714:	4591                	li	a1,4
    7716:	ed9ff0ef          	jal	ra,75ee <std>
    771a:	4408                	lw	a0,8(s0)
    771c:	4605                	li	a2,1
    771e:	45a5                	li	a1,9
    7720:	ecfff0ef          	jal	ra,75ee <std>
    7724:	4448                	lw	a0,12(s0)
    7726:	4609                	li	a2,2
    7728:	45c9                	li	a1,18
    772a:	ec5ff0ef          	jal	ra,75ee <std>
    772e:	4785                	li	a5,1
    7730:	cc1c                	sw	a5,24(s0)
    7732:	b745                	j	76d2 <__sinit+0x10>

00007734 <__sfp>:
    7734:	1141                	addi	sp,sp,-16
    7736:	c226                	sw	s1,4(sp)
    7738:	c04a                	sw	s2,0(sp)
    773a:	c606                	sw	ra,12(sp)
    773c:	c422                	sw	s0,8(sp)
    773e:	892a                	mv	s2,a0
    7740:	f6bff0ef          	jal	ra,76aa <__sfp_lock_acquire>
    7744:	8141a483          	lw	s1,-2028(gp) # 20000094 <_global_impure_ptr>
    7748:	4c9c                	lw	a5,24(s1)
    774a:	e781                	bnez	a5,7752 <__sfp+0x1e>
    774c:	8526                	mv	a0,s1
    774e:	f75ff0ef          	jal	ra,76c2 <__sinit>
    7752:	04848493          	addi	s1,s1,72
    7756:	4480                	lw	s0,8(s1)
    7758:	40dc                	lw	a5,4(s1)
    775a:	17fd                	addi	a5,a5,-1
    775c:	0007d663          	bgez	a5,7768 <__sfp+0x34>
    7760:	409c                	lw	a5,0(s1)
    7762:	c7a5                	beqz	a5,77ca <__sfp+0x96>
    7764:	4084                	lw	s1,0(s1)
    7766:	bfc5                	j	7756 <__sfp+0x22>
    7768:	00c41703          	lh	a4,12(s0)
    776c:	ef21                	bnez	a4,77c4 <__sfp+0x90>
    776e:	77c1                	lui	a5,0xffff0
    7770:	0785                	addi	a5,a5,1 # ffff0001 <ERR_SECTION_BASE+0xffff1001>
    7772:	c45c                	sw	a5,12(s0)
    7774:	05840513          	addi	a0,s0,88
    7778:	06042223          	sw	zero,100(s0)
    777c:	28c9                	jal	784e <__retarget_lock_init_recursive>
    777e:	f33ff0ef          	jal	ra,76b0 <__sfp_lock_release>
    7782:	4621                	li	a2,8
    7784:	00042023          	sw	zero,0(s0)
    7788:	00042423          	sw	zero,8(s0)
    778c:	00042223          	sw	zero,4(s0)
    7790:	00042823          	sw	zero,16(s0)
    7794:	00042a23          	sw	zero,20(s0)
    7798:	00042c23          	sw	zero,24(s0)
    779c:	4581                	li	a1,0
    779e:	05c40513          	addi	a0,s0,92
    77a2:	a91ff0ef          	jal	ra,7232 <memset>
    77a6:	02042a23          	sw	zero,52(s0)
    77aa:	02042c23          	sw	zero,56(s0)
    77ae:	04042423          	sw	zero,72(s0)
    77b2:	04042623          	sw	zero,76(s0)
    77b6:	40b2                	lw	ra,12(sp)
    77b8:	8522                	mv	a0,s0
    77ba:	4422                	lw	s0,8(sp)
    77bc:	4492                	lw	s1,4(sp)
    77be:	4902                	lw	s2,0(sp)
    77c0:	0141                	addi	sp,sp,16
    77c2:	8082                	ret
    77c4:	06840413          	addi	s0,s0,104
    77c8:	bf49                	j	775a <__sfp+0x26>
    77ca:	4591                	li	a1,4
    77cc:	854a                	mv	a0,s2
    77ce:	e95ff0ef          	jal	ra,7662 <__sfmoreglue>
    77d2:	c088                	sw	a0,0(s1)
    77d4:	842a                	mv	s0,a0
    77d6:	f559                	bnez	a0,7764 <__sfp+0x30>
    77d8:	ed9ff0ef          	jal	ra,76b0 <__sfp_lock_release>
    77dc:	47b1                	li	a5,12
    77de:	00f92023          	sw	a5,0(s2)
    77e2:	bfd1                	j	77b6 <__sfp+0x82>

000077e4 <_fwalk_reent>:
    77e4:	7179                	addi	sp,sp,-48
    77e6:	d422                	sw	s0,40(sp)
    77e8:	d04a                	sw	s2,32(sp)
    77ea:	ce4e                	sw	s3,28(sp)
    77ec:	cc52                	sw	s4,24(sp)
    77ee:	c85a                	sw	s6,16(sp)
    77f0:	c65e                	sw	s7,12(sp)
    77f2:	d606                	sw	ra,44(sp)
    77f4:	d226                	sw	s1,36(sp)
    77f6:	ca56                	sw	s5,20(sp)
    77f8:	892a                	mv	s2,a0
    77fa:	8a2e                	mv	s4,a1
    77fc:	04850413          	addi	s0,a0,72
    7800:	4981                	li	s3,0
    7802:	4b05                	li	s6,1
    7804:	5bfd                	li	s7,-1
    7806:	4404                	lw	s1,8(s0)
    7808:	00442a83          	lw	s5,4(s0)
    780c:	1afd                	addi	s5,s5,-1
    780e:	020ad063          	bgez	s5,782e <_fwalk_reent+0x4a>
    7812:	4000                	lw	s0,0(s0)
    7814:	f86d                	bnez	s0,7806 <_fwalk_reent+0x22>
    7816:	50b2                	lw	ra,44(sp)
    7818:	5422                	lw	s0,40(sp)
    781a:	5492                	lw	s1,36(sp)
    781c:	5902                	lw	s2,32(sp)
    781e:	4a62                	lw	s4,24(sp)
    7820:	4ad2                	lw	s5,20(sp)
    7822:	4b42                	lw	s6,16(sp)
    7824:	4bb2                	lw	s7,12(sp)
    7826:	854e                	mv	a0,s3
    7828:	49f2                	lw	s3,28(sp)
    782a:	6145                	addi	sp,sp,48
    782c:	8082                	ret
    782e:	00c4d783          	lhu	a5,12(s1)
    7832:	00fb7b63          	bgeu	s6,a5,7848 <_fwalk_reent+0x64>
    7836:	00e49783          	lh	a5,14(s1)
    783a:	01778763          	beq	a5,s7,7848 <_fwalk_reent+0x64>
    783e:	85a6                	mv	a1,s1
    7840:	854a                	mv	a0,s2
    7842:	9a02                	jalr	s4
    7844:	00a9e9b3          	or	s3,s3,a0
    7848:	06848493          	addi	s1,s1,104
    784c:	b7c1                	j	780c <_fwalk_reent+0x28>

0000784e <__retarget_lock_init_recursive>:
    784e:	8082                	ret

00007850 <__retarget_lock_acquire_recursive>:
    7850:	8082                	ret

00007852 <__retarget_lock_release_recursive>:
    7852:	8082                	ret

00007854 <__malloc_lock>:
    7854:	87018513          	addi	a0,gp,-1936 # 200000f0 <__lock___malloc_recursive_mutex>
    7858:	ff9ff06f          	j	7850 <__retarget_lock_acquire_recursive>

0000785c <__malloc_unlock>:
    785c:	87018513          	addi	a0,gp,-1936 # 200000f0 <__lock___malloc_recursive_mutex>
    7860:	ff3ff06f          	j	7852 <__retarget_lock_release_recursive>

00007864 <__sfputc_r>:
    7864:	461c                	lw	a5,8(a2)
    7866:	17fd                	addi	a5,a5,-1
    7868:	c61c                	sw	a5,8(a2)
    786a:	0007d963          	bgez	a5,787c <__sfputc_r+0x18>
    786e:	4e18                	lw	a4,24(a2)
    7870:	00e7c563          	blt	a5,a4,787a <__sfputc_r+0x16>
    7874:	47a9                	li	a5,10
    7876:	00f59363          	bne	a1,a5,787c <__sfputc_r+0x18>
    787a:	a6f5                	j	7c66 <__swbuf_r>
    787c:	421c                	lw	a5,0(a2)
    787e:	852e                	mv	a0,a1
    7880:	00178713          	addi	a4,a5,1
    7884:	c218                	sw	a4,0(a2)
    7886:	00b78023          	sb	a1,0(a5)
    788a:	8082                	ret

0000788c <__sfputs_r>:
    788c:	1101                	addi	sp,sp,-32
    788e:	cc22                	sw	s0,24(sp)
    7890:	ca26                	sw	s1,20(sp)
    7892:	c84a                	sw	s2,16(sp)
    7894:	c64e                	sw	s3,12(sp)
    7896:	c452                	sw	s4,8(sp)
    7898:	ce06                	sw	ra,28(sp)
    789a:	892a                	mv	s2,a0
    789c:	89ae                	mv	s3,a1
    789e:	8432                	mv	s0,a2
    78a0:	00d604b3          	add	s1,a2,a3
    78a4:	5a7d                	li	s4,-1
    78a6:	00941463          	bne	s0,s1,78ae <__sfputs_r+0x22>
    78aa:	4501                	li	a0,0
    78ac:	a811                	j	78c0 <__sfputs_r+0x34>
    78ae:	00044583          	lbu	a1,0(s0)
    78b2:	864e                	mv	a2,s3
    78b4:	854a                	mv	a0,s2
    78b6:	fafff0ef          	jal	ra,7864 <__sfputc_r>
    78ba:	0405                	addi	s0,s0,1
    78bc:	ff4515e3          	bne	a0,s4,78a6 <__sfputs_r+0x1a>
    78c0:	40f2                	lw	ra,28(sp)
    78c2:	4462                	lw	s0,24(sp)
    78c4:	44d2                	lw	s1,20(sp)
    78c6:	4942                	lw	s2,16(sp)
    78c8:	49b2                	lw	s3,12(sp)
    78ca:	4a22                	lw	s4,8(sp)
    78cc:	6105                	addi	sp,sp,32
    78ce:	8082                	ret

000078d0 <_vfiprintf_r>:
    78d0:	7135                	addi	sp,sp,-160
    78d2:	cd22                	sw	s0,152(sp)
    78d4:	cb26                	sw	s1,148(sp)
    78d6:	c94a                	sw	s2,144(sp)
    78d8:	c74e                	sw	s3,140(sp)
    78da:	cf06                	sw	ra,156(sp)
    78dc:	c552                	sw	s4,136(sp)
    78de:	c356                	sw	s5,132(sp)
    78e0:	c15a                	sw	s6,128(sp)
    78e2:	dede                	sw	s7,124(sp)
    78e4:	dce2                	sw	s8,120(sp)
    78e6:	dae6                	sw	s9,116(sp)
    78e8:	89aa                	mv	s3,a0
    78ea:	842e                	mv	s0,a1
    78ec:	8932                	mv	s2,a2
    78ee:	84b6                	mv	s1,a3
    78f0:	c509                	beqz	a0,78fa <_vfiprintf_r+0x2a>
    78f2:	4d1c                	lw	a5,24(a0)
    78f4:	e399                	bnez	a5,78fa <_vfiprintf_r+0x2a>
    78f6:	dcdff0ef          	jal	ra,76c2 <__sinit>
    78fa:	00001797          	auipc	a5,0x1
    78fe:	71678793          	addi	a5,a5,1814 # 9010 <__sf_fake_stdin>
    7902:	04f41a63          	bne	s0,a5,7956 <_vfiprintf_r+0x86>
    7906:	0049a403          	lw	s0,4(s3)
    790a:	507c                	lw	a5,100(s0)
    790c:	8b85                	andi	a5,a5,1
    790e:	eb89                	bnez	a5,7920 <_vfiprintf_r+0x50>
    7910:	00c45783          	lhu	a5,12(s0)
    7914:	2007f793          	andi	a5,a5,512
    7918:	e781                	bnez	a5,7920 <_vfiprintf_r+0x50>
    791a:	4c28                	lw	a0,88(s0)
    791c:	f35ff0ef          	jal	ra,7850 <__retarget_lock_acquire_recursive>
    7920:	00c45783          	lhu	a5,12(s0)
    7924:	8ba1                	andi	a5,a5,8
    7926:	c399                	beqz	a5,792c <_vfiprintf_r+0x5c>
    7928:	481c                	lw	a5,16(s0)
    792a:	e3ad                	bnez	a5,798c <_vfiprintf_r+0xbc>
    792c:	85a2                	mv	a1,s0
    792e:	854e                	mv	a0,s3
    7930:	2115                	jal	7d54 <__swsetup_r>
    7932:	cd29                	beqz	a0,798c <_vfiprintf_r+0xbc>
    7934:	507c                	lw	a5,100(s0)
    7936:	8b85                	andi	a5,a5,1
    7938:	c3a9                	beqz	a5,797a <_vfiprintf_r+0xaa>
    793a:	557d                	li	a0,-1
    793c:	40fa                	lw	ra,156(sp)
    793e:	446a                	lw	s0,152(sp)
    7940:	44da                	lw	s1,148(sp)
    7942:	494a                	lw	s2,144(sp)
    7944:	49ba                	lw	s3,140(sp)
    7946:	4a2a                	lw	s4,136(sp)
    7948:	4a9a                	lw	s5,132(sp)
    794a:	4b0a                	lw	s6,128(sp)
    794c:	5bf6                	lw	s7,124(sp)
    794e:	5c66                	lw	s8,120(sp)
    7950:	5cd6                	lw	s9,116(sp)
    7952:	610d                	addi	sp,sp,160
    7954:	8082                	ret
    7956:	00001797          	auipc	a5,0x1
    795a:	69a78793          	addi	a5,a5,1690 # 8ff0 <__sf_fake_stdout>
    795e:	00f41563          	bne	s0,a5,7968 <_vfiprintf_r+0x98>
    7962:	0089a403          	lw	s0,8(s3)
    7966:	b755                	j	790a <_vfiprintf_r+0x3a>
    7968:	00001797          	auipc	a5,0x1
    796c:	66878793          	addi	a5,a5,1640 # 8fd0 <__sf_fake_stderr>
    7970:	f8f41de3          	bne	s0,a5,790a <_vfiprintf_r+0x3a>
    7974:	00c9a403          	lw	s0,12(s3)
    7978:	bf49                	j	790a <_vfiprintf_r+0x3a>
    797a:	00c45783          	lhu	a5,12(s0)
    797e:	2007f793          	andi	a5,a5,512
    7982:	ffc5                	bnez	a5,793a <_vfiprintf_r+0x6a>
    7984:	4c28                	lw	a0,88(s0)
    7986:	ecdff0ef          	jal	ra,7852 <__retarget_lock_release_recursive>
    798a:	bf45                	j	793a <_vfiprintf_r+0x6a>
    798c:	02000793          	li	a5,32
    7990:	02f104a3          	sb	a5,41(sp)
    7994:	03000793          	li	a5,48
    7998:	d202                	sw	zero,36(sp)
    799a:	02f10523          	sb	a5,42(sp)
    799e:	c626                	sw	s1,12(sp)
    79a0:	02500b93          	li	s7,37
    79a4:	00001a97          	auipc	s5,0x1
    79a8:	68ca8a93          	addi	s5,s5,1676 # 9030 <__sf_fake_stdin+0x20>
    79ac:	4c05                	li	s8,1
    79ae:	4b29                	li	s6,10
    79b0:	84ca                	mv	s1,s2
    79b2:	0004c783          	lbu	a5,0(s1)
    79b6:	c399                	beqz	a5,79bc <_vfiprintf_r+0xec>
    79b8:	09779d63          	bne	a5,s7,7a52 <_vfiprintf_r+0x182>
    79bc:	41248cb3          	sub	s9,s1,s2
    79c0:	01248e63          	beq	s1,s2,79dc <_vfiprintf_r+0x10c>
    79c4:	86e6                	mv	a3,s9
    79c6:	864a                	mv	a2,s2
    79c8:	85a2                	mv	a1,s0
    79ca:	854e                	mv	a0,s3
    79cc:	ec1ff0ef          	jal	ra,788c <__sfputs_r>
    79d0:	57fd                	li	a5,-1
    79d2:	18f50f63          	beq	a0,a5,7b70 <_vfiprintf_r+0x2a0>
    79d6:	5792                	lw	a5,36(sp)
    79d8:	97e6                	add	a5,a5,s9
    79da:	d23e                	sw	a5,36(sp)
    79dc:	0004c783          	lbu	a5,0(s1)
    79e0:	18078863          	beqz	a5,7b70 <_vfiprintf_r+0x2a0>
    79e4:	57fd                	li	a5,-1
    79e6:	00148913          	addi	s2,s1,1
    79ea:	c802                	sw	zero,16(sp)
    79ec:	ce02                	sw	zero,28(sp)
    79ee:	ca3e                	sw	a5,20(sp)
    79f0:	cc02                	sw	zero,24(sp)
    79f2:	040109a3          	sb	zero,83(sp)
    79f6:	d482                	sw	zero,104(sp)
    79f8:	00094583          	lbu	a1,0(s2)
    79fc:	4615                	li	a2,5
    79fe:	8556                	mv	a0,s5
    7a00:	76c000ef          	jal	ra,816c <memchr>
    7a04:	47c2                	lw	a5,16(sp)
    7a06:	00190493          	addi	s1,s2,1
    7a0a:	e531                	bnez	a0,7a56 <_vfiprintf_r+0x186>
    7a0c:	0107f713          	andi	a4,a5,16
    7a10:	c709                	beqz	a4,7a1a <_vfiprintf_r+0x14a>
    7a12:	02000713          	li	a4,32
    7a16:	04e109a3          	sb	a4,83(sp)
    7a1a:	0087f713          	andi	a4,a5,8
    7a1e:	c709                	beqz	a4,7a28 <_vfiprintf_r+0x158>
    7a20:	02b00713          	li	a4,43
    7a24:	04e109a3          	sb	a4,83(sp)
    7a28:	00094683          	lbu	a3,0(s2)
    7a2c:	02a00713          	li	a4,42
    7a30:	02e68b63          	beq	a3,a4,7a66 <_vfiprintf_r+0x196>
    7a34:	47f2                	lw	a5,28(sp)
    7a36:	84ca                	mv	s1,s2
    7a38:	4681                	li	a3,0
    7a3a:	4625                	li	a2,9
    7a3c:	0004c703          	lbu	a4,0(s1)
    7a40:	00148593          	addi	a1,s1,1
    7a44:	fd070713          	addi	a4,a4,-48
    7a48:	06e67563          	bgeu	a2,a4,7ab2 <_vfiprintf_r+0x1e2>
    7a4c:	c68d                	beqz	a3,7a76 <_vfiprintf_r+0x1a6>
    7a4e:	ce3e                	sw	a5,28(sp)
    7a50:	a01d                	j	7a76 <_vfiprintf_r+0x1a6>
    7a52:	0485                	addi	s1,s1,1
    7a54:	bfb9                	j	79b2 <_vfiprintf_r+0xe2>
    7a56:	41550533          	sub	a0,a0,s5
    7a5a:	00ac1533          	sll	a0,s8,a0
    7a5e:	8fc9                	or	a5,a5,a0
    7a60:	c83e                	sw	a5,16(sp)
    7a62:	8926                	mv	s2,s1
    7a64:	bf51                	j	79f8 <_vfiprintf_r+0x128>
    7a66:	4732                	lw	a4,12(sp)
    7a68:	00470693          	addi	a3,a4,4
    7a6c:	4318                	lw	a4,0(a4)
    7a6e:	c636                	sw	a3,12(sp)
    7a70:	02074a63          	bltz	a4,7aa4 <_vfiprintf_r+0x1d4>
    7a74:	ce3a                	sw	a4,28(sp)
    7a76:	0004c703          	lbu	a4,0(s1)
    7a7a:	02e00793          	li	a5,46
    7a7e:	04f71e63          	bne	a4,a5,7ada <_vfiprintf_r+0x20a>
    7a82:	0014c703          	lbu	a4,1(s1)
    7a86:	02a00793          	li	a5,42
    7a8a:	02f71a63          	bne	a4,a5,7abe <_vfiprintf_r+0x1ee>
    7a8e:	47b2                	lw	a5,12(sp)
    7a90:	0489                	addi	s1,s1,2
    7a92:	00478713          	addi	a4,a5,4
    7a96:	439c                	lw	a5,0(a5)
    7a98:	c63a                	sw	a4,12(sp)
    7a9a:	0007d363          	bgez	a5,7aa0 <_vfiprintf_r+0x1d0>
    7a9e:	57fd                	li	a5,-1
    7aa0:	ca3e                	sw	a5,20(sp)
    7aa2:	a825                	j	7ada <_vfiprintf_r+0x20a>
    7aa4:	40e00733          	neg	a4,a4
    7aa8:	0027e793          	ori	a5,a5,2
    7aac:	ce3a                	sw	a4,28(sp)
    7aae:	c83e                	sw	a5,16(sp)
    7ab0:	b7d9                	j	7a76 <_vfiprintf_r+0x1a6>
    7ab2:	036787b3          	mul	a5,a5,s6
    7ab6:	84ae                	mv	s1,a1
    7ab8:	4685                	li	a3,1
    7aba:	97ba                	add	a5,a5,a4
    7abc:	b741                	j	7a3c <_vfiprintf_r+0x16c>
    7abe:	0485                	addi	s1,s1,1
    7ac0:	ca02                	sw	zero,20(sp)
    7ac2:	4681                	li	a3,0
    7ac4:	4781                	li	a5,0
    7ac6:	4625                	li	a2,9
    7ac8:	0004c703          	lbu	a4,0(s1)
    7acc:	00148593          	addi	a1,s1,1
    7ad0:	fd070713          	addi	a4,a4,-48
    7ad4:	06e67463          	bgeu	a2,a4,7b3c <_vfiprintf_r+0x26c>
    7ad8:	f6e1                	bnez	a3,7aa0 <_vfiprintf_r+0x1d0>
    7ada:	0004c583          	lbu	a1,0(s1)
    7ade:	460d                	li	a2,3
    7ae0:	00001517          	auipc	a0,0x1
    7ae4:	55850513          	addi	a0,a0,1368 # 9038 <__sf_fake_stdin+0x28>
    7ae8:	2551                	jal	816c <memchr>
    7aea:	cd11                	beqz	a0,7b06 <_vfiprintf_r+0x236>
    7aec:	00001797          	auipc	a5,0x1
    7af0:	54c78793          	addi	a5,a5,1356 # 9038 <__sf_fake_stdin+0x28>
    7af4:	8d1d                	sub	a0,a0,a5
    7af6:	47c2                	lw	a5,16(sp)
    7af8:	04000713          	li	a4,64
    7afc:	00a71733          	sll	a4,a4,a0
    7b00:	8fd9                	or	a5,a5,a4
    7b02:	0485                	addi	s1,s1,1
    7b04:	c83e                	sw	a5,16(sp)
    7b06:	0004c583          	lbu	a1,0(s1)
    7b0a:	4619                	li	a2,6
    7b0c:	00001517          	auipc	a0,0x1
    7b10:	53050513          	addi	a0,a0,1328 # 903c <__sf_fake_stdin+0x2c>
    7b14:	00148913          	addi	s2,s1,1
    7b18:	02b10423          	sb	a1,40(sp)
    7b1c:	2d81                	jal	816c <memchr>
    7b1e:	cd25                	beqz	a0,7b96 <_vfiprintf_r+0x2c6>
    7b20:	00000793          	li	a5,0
    7b24:	e795                	bnez	a5,7b50 <_vfiprintf_r+0x280>
    7b26:	4742                	lw	a4,16(sp)
    7b28:	47b2                	lw	a5,12(sp)
    7b2a:	10077713          	andi	a4,a4,256
    7b2e:	cf09                	beqz	a4,7b48 <_vfiprintf_r+0x278>
    7b30:	0791                	addi	a5,a5,4
    7b32:	c63e                	sw	a5,12(sp)
    7b34:	5792                	lw	a5,36(sp)
    7b36:	97d2                	add	a5,a5,s4
    7b38:	d23e                	sw	a5,36(sp)
    7b3a:	bd9d                	j	79b0 <_vfiprintf_r+0xe0>
    7b3c:	036787b3          	mul	a5,a5,s6
    7b40:	84ae                	mv	s1,a1
    7b42:	4685                	li	a3,1
    7b44:	97ba                	add	a5,a5,a4
    7b46:	b749                	j	7ac8 <_vfiprintf_r+0x1f8>
    7b48:	079d                	addi	a5,a5,7
    7b4a:	9be1                	andi	a5,a5,-8
    7b4c:	07a1                	addi	a5,a5,8
    7b4e:	b7d5                	j	7b32 <_vfiprintf_r+0x262>
    7b50:	0078                	addi	a4,sp,12
    7b52:	00000697          	auipc	a3,0x0
    7b56:	d3a68693          	addi	a3,a3,-710 # 788c <__sfputs_r>
    7b5a:	8622                	mv	a2,s0
    7b5c:	080c                	addi	a1,sp,16
    7b5e:	854e                	mv	a0,s3
    7b60:	00000097          	auipc	ra,0x0
    7b64:	000000e7          	jalr	zero # 0 <_sinit>
    7b68:	57fd                	li	a5,-1
    7b6a:	8a2a                	mv	s4,a0
    7b6c:	fcf514e3          	bne	a0,a5,7b34 <_vfiprintf_r+0x264>
    7b70:	507c                	lw	a5,100(s0)
    7b72:	8b85                	andi	a5,a5,1
    7b74:	eb89                	bnez	a5,7b86 <_vfiprintf_r+0x2b6>
    7b76:	00c45783          	lhu	a5,12(s0)
    7b7a:	2007f793          	andi	a5,a5,512
    7b7e:	e781                	bnez	a5,7b86 <_vfiprintf_r+0x2b6>
    7b80:	4c28                	lw	a0,88(s0)
    7b82:	cd1ff0ef          	jal	ra,7852 <__retarget_lock_release_recursive>
    7b86:	00c45783          	lhu	a5,12(s0)
    7b8a:	0407f793          	andi	a5,a5,64
    7b8e:	da0796e3          	bnez	a5,793a <_vfiprintf_r+0x6a>
    7b92:	5512                	lw	a0,36(sp)
    7b94:	b365                	j	793c <_vfiprintf_r+0x6c>
    7b96:	0078                	addi	a4,sp,12
    7b98:	00000697          	auipc	a3,0x0
    7b9c:	cf468693          	addi	a3,a3,-780 # 788c <__sfputs_r>
    7ba0:	8622                	mv	a2,s0
    7ba2:	080c                	addi	a1,sp,16
    7ba4:	854e                	mv	a0,s3
    7ba6:	2dc5                	jal	8296 <_printf_i>
    7ba8:	b7c1                	j	7b68 <_vfiprintf_r+0x298>

00007baa <__sread>:
    7baa:	1141                	addi	sp,sp,-16
    7bac:	c422                	sw	s0,8(sp)
    7bae:	842e                	mv	s0,a1
    7bb0:	00e59583          	lh	a1,14(a1)
    7bb4:	c606                	sw	ra,12(sp)
    7bb6:	167000ef          	jal	ra,851c <_read_r>
    7bba:	00054963          	bltz	a0,7bcc <__sread+0x22>
    7bbe:	487c                	lw	a5,84(s0)
    7bc0:	97aa                	add	a5,a5,a0
    7bc2:	c87c                	sw	a5,84(s0)
    7bc4:	40b2                	lw	ra,12(sp)
    7bc6:	4422                	lw	s0,8(sp)
    7bc8:	0141                	addi	sp,sp,16
    7bca:	8082                	ret
    7bcc:	00c45783          	lhu	a5,12(s0)
    7bd0:	777d                	lui	a4,0xfffff
    7bd2:	177d                	addi	a4,a4,-1 # ffffefff <ERR_SECTION_BASE+0xffffffff>
    7bd4:	8ff9                	and	a5,a5,a4
    7bd6:	00f41623          	sh	a5,12(s0)
    7bda:	b7ed                	j	7bc4 <__sread+0x1a>

00007bdc <__swrite>:
    7bdc:	00c5d783          	lhu	a5,12(a1)
    7be0:	1101                	addi	sp,sp,-32
    7be2:	cc22                	sw	s0,24(sp)
    7be4:	ca26                	sw	s1,20(sp)
    7be6:	c84a                	sw	s2,16(sp)
    7be8:	c64e                	sw	s3,12(sp)
    7bea:	ce06                	sw	ra,28(sp)
    7bec:	1007f793          	andi	a5,a5,256
    7bf0:	84aa                	mv	s1,a0
    7bf2:	842e                	mv	s0,a1
    7bf4:	8932                	mv	s2,a2
    7bf6:	89b6                	mv	s3,a3
    7bf8:	c791                	beqz	a5,7c04 <__swrite+0x28>
    7bfa:	00e59583          	lh	a1,14(a1)
    7bfe:	4689                	li	a3,2
    7c00:	4601                	li	a2,0
    7c02:	2181                	jal	8042 <_lseek_r>
    7c04:	00c45783          	lhu	a5,12(s0)
    7c08:	777d                	lui	a4,0xfffff
    7c0a:	177d                	addi	a4,a4,-1 # ffffefff <ERR_SECTION_BASE+0xffffffff>
    7c0c:	8ff9                	and	a5,a5,a4
    7c0e:	00e41583          	lh	a1,14(s0)
    7c12:	00f41623          	sh	a5,12(s0)
    7c16:	4462                	lw	s0,24(sp)
    7c18:	40f2                	lw	ra,28(sp)
    7c1a:	86ce                	mv	a3,s3
    7c1c:	864a                	mv	a2,s2
    7c1e:	49b2                	lw	s3,12(sp)
    7c20:	4942                	lw	s2,16(sp)
    7c22:	8526                	mv	a0,s1
    7c24:	44d2                	lw	s1,20(sp)
    7c26:	6105                	addi	sp,sp,32
    7c28:	a201                	j	7d28 <_write_r>

00007c2a <__sseek>:
    7c2a:	1141                	addi	sp,sp,-16
    7c2c:	c422                	sw	s0,8(sp)
    7c2e:	842e                	mv	s0,a1
    7c30:	00e59583          	lh	a1,14(a1)
    7c34:	c606                	sw	ra,12(sp)
    7c36:	2131                	jal	8042 <_lseek_r>
    7c38:	577d                	li	a4,-1
    7c3a:	00c45783          	lhu	a5,12(s0)
    7c3e:	00e51b63          	bne	a0,a4,7c54 <__sseek+0x2a>
    7c42:	777d                	lui	a4,0xfffff
    7c44:	177d                	addi	a4,a4,-1 # ffffefff <ERR_SECTION_BASE+0xffffffff>
    7c46:	8ff9                	and	a5,a5,a4
    7c48:	00f41623          	sh	a5,12(s0)
    7c4c:	40b2                	lw	ra,12(sp)
    7c4e:	4422                	lw	s0,8(sp)
    7c50:	0141                	addi	sp,sp,16
    7c52:	8082                	ret
    7c54:	6705                	lui	a4,0x1
    7c56:	8fd9                	or	a5,a5,a4
    7c58:	00f41623          	sh	a5,12(s0)
    7c5c:	c868                	sw	a0,84(s0)
    7c5e:	b7fd                	j	7c4c <__sseek+0x22>

00007c60 <__sclose>:
    7c60:	00e59583          	lh	a1,14(a1)
    7c64:	a2fd                	j	7e52 <_close_r>

00007c66 <__swbuf_r>:
    7c66:	1101                	addi	sp,sp,-32
    7c68:	cc22                	sw	s0,24(sp)
    7c6a:	ca26                	sw	s1,20(sp)
    7c6c:	c84a                	sw	s2,16(sp)
    7c6e:	ce06                	sw	ra,28(sp)
    7c70:	c64e                	sw	s3,12(sp)
    7c72:	84aa                	mv	s1,a0
    7c74:	892e                	mv	s2,a1
    7c76:	8432                	mv	s0,a2
    7c78:	c509                	beqz	a0,7c82 <__swbuf_r+0x1c>
    7c7a:	4d1c                	lw	a5,24(a0)
    7c7c:	e399                	bnez	a5,7c82 <__swbuf_r+0x1c>
    7c7e:	a45ff0ef          	jal	ra,76c2 <__sinit>
    7c82:	00001797          	auipc	a5,0x1
    7c86:	38e78793          	addi	a5,a5,910 # 9010 <__sf_fake_stdin>
    7c8a:	02f41863          	bne	s0,a5,7cba <__swbuf_r+0x54>
    7c8e:	40c0                	lw	s0,4(s1)
    7c90:	4c1c                	lw	a5,24(s0)
    7c92:	c41c                	sw	a5,8(s0)
    7c94:	00c45783          	lhu	a5,12(s0)
    7c98:	8ba1                	andi	a5,a5,8
    7c9a:	c399                	beqz	a5,7ca0 <__swbuf_r+0x3a>
    7c9c:	481c                	lw	a5,16(s0)
    7c9e:	ef95                	bnez	a5,7cda <__swbuf_r+0x74>
    7ca0:	85a2                	mv	a1,s0
    7ca2:	8526                	mv	a0,s1
    7ca4:	2845                	jal	7d54 <__swsetup_r>
    7ca6:	c915                	beqz	a0,7cda <__swbuf_r+0x74>
    7ca8:	597d                	li	s2,-1
    7caa:	40f2                	lw	ra,28(sp)
    7cac:	4462                	lw	s0,24(sp)
    7cae:	44d2                	lw	s1,20(sp)
    7cb0:	49b2                	lw	s3,12(sp)
    7cb2:	854a                	mv	a0,s2
    7cb4:	4942                	lw	s2,16(sp)
    7cb6:	6105                	addi	sp,sp,32
    7cb8:	8082                	ret
    7cba:	00001797          	auipc	a5,0x1
    7cbe:	33678793          	addi	a5,a5,822 # 8ff0 <__sf_fake_stdout>
    7cc2:	00f41463          	bne	s0,a5,7cca <__swbuf_r+0x64>
    7cc6:	4480                	lw	s0,8(s1)
    7cc8:	b7e1                	j	7c90 <__swbuf_r+0x2a>
    7cca:	00001797          	auipc	a5,0x1
    7cce:	30678793          	addi	a5,a5,774 # 8fd0 <__sf_fake_stderr>
    7cd2:	faf41fe3          	bne	s0,a5,7c90 <__swbuf_r+0x2a>
    7cd6:	44c0                	lw	s0,12(s1)
    7cd8:	bf65                	j	7c90 <__swbuf_r+0x2a>
    7cda:	481c                	lw	a5,16(s0)
    7cdc:	4008                	lw	a0,0(s0)
    7cde:	0ff97993          	zext.b	s3,s2
    7ce2:	0ff97913          	zext.b	s2,s2
    7ce6:	8d1d                	sub	a0,a0,a5
    7ce8:	485c                	lw	a5,20(s0)
    7cea:	00f54663          	blt	a0,a5,7cf6 <__swbuf_r+0x90>
    7cee:	85a2                	mv	a1,s0
    7cf0:	8526                	mv	a0,s1
    7cf2:	24c1                	jal	7fb2 <_fflush_r>
    7cf4:	f955                	bnez	a0,7ca8 <__swbuf_r+0x42>
    7cf6:	441c                	lw	a5,8(s0)
    7cf8:	0505                	addi	a0,a0,1
    7cfa:	17fd                	addi	a5,a5,-1
    7cfc:	c41c                	sw	a5,8(s0)
    7cfe:	401c                	lw	a5,0(s0)
    7d00:	00178713          	addi	a4,a5,1
    7d04:	c018                	sw	a4,0(s0)
    7d06:	01378023          	sb	s3,0(a5)
    7d0a:	485c                	lw	a5,20(s0)
    7d0c:	00a78963          	beq	a5,a0,7d1e <__swbuf_r+0xb8>
    7d10:	00c45783          	lhu	a5,12(s0)
    7d14:	8b85                	andi	a5,a5,1
    7d16:	dbd1                	beqz	a5,7caa <__swbuf_r+0x44>
    7d18:	47a9                	li	a5,10
    7d1a:	f8f918e3          	bne	s2,a5,7caa <__swbuf_r+0x44>
    7d1e:	85a2                	mv	a1,s0
    7d20:	8526                	mv	a0,s1
    7d22:	2c41                	jal	7fb2 <_fflush_r>
    7d24:	d159                	beqz	a0,7caa <__swbuf_r+0x44>
    7d26:	b749                	j	7ca8 <__swbuf_r+0x42>

00007d28 <_write_r>:
    7d28:	1141                	addi	sp,sp,-16
    7d2a:	c422                	sw	s0,8(sp)
    7d2c:	842a                	mv	s0,a0
    7d2e:	852e                	mv	a0,a1
    7d30:	85b2                	mv	a1,a2
    7d32:	8636                	mv	a2,a3
    7d34:	8601ae23          	sw	zero,-1924(gp) # 200000fc <errno>
    7d38:	c606                	sw	ra,12(sp)
    7d3a:	a0df90ef          	jal	ra,1746 <_write>
    7d3e:	57fd                	li	a5,-1
    7d40:	00f51663          	bne	a0,a5,7d4c <_write_r+0x24>
    7d44:	87c1a783          	lw	a5,-1924(gp) # 200000fc <errno>
    7d48:	c391                	beqz	a5,7d4c <_write_r+0x24>
    7d4a:	c01c                	sw	a5,0(s0)
    7d4c:	40b2                	lw	ra,12(sp)
    7d4e:	4422                	lw	s0,8(sp)
    7d50:	0141                	addi	sp,sp,16
    7d52:	8082                	ret

00007d54 <__swsetup_r>:
    7d54:	1141                	addi	sp,sp,-16
    7d56:	c422                	sw	s0,8(sp)
    7d58:	c226                	sw	s1,4(sp)
    7d5a:	c04a                	sw	s2,0(sp)
    7d5c:	c606                	sw	ra,12(sp)
    7d5e:	80c1a483          	lw	s1,-2036(gp) # 2000008c <_impure_ptr>
    7d62:	892a                	mv	s2,a0
    7d64:	842e                	mv	s0,a1
    7d66:	c491                	beqz	s1,7d72 <__swsetup_r+0x1e>
    7d68:	4c9c                	lw	a5,24(s1)
    7d6a:	e781                	bnez	a5,7d72 <__swsetup_r+0x1e>
    7d6c:	8526                	mv	a0,s1
    7d6e:	955ff0ef          	jal	ra,76c2 <__sinit>
    7d72:	00001797          	auipc	a5,0x1
    7d76:	29e78793          	addi	a5,a5,670 # 9010 <__sf_fake_stdin>
    7d7a:	02f41463          	bne	s0,a5,7da2 <__swsetup_r+0x4e>
    7d7e:	40c0                	lw	s0,4(s1)
    7d80:	00c41783          	lh	a5,12(s0)
    7d84:	0087f713          	andi	a4,a5,8
    7d88:	eb35                	bnez	a4,7dfc <__swsetup_r+0xa8>
    7d8a:	0107f713          	andi	a4,a5,16
    7d8e:	eb15                	bnez	a4,7dc2 <__swsetup_r+0x6e>
    7d90:	4725                	li	a4,9
    7d92:	00e92023          	sw	a4,0(s2)
    7d96:	0407e793          	ori	a5,a5,64
    7d9a:	00f41623          	sh	a5,12(s0)
    7d9e:	557d                	li	a0,-1
    7da0:	a861                	j	7e38 <__swsetup_r+0xe4>
    7da2:	00001797          	auipc	a5,0x1
    7da6:	24e78793          	addi	a5,a5,590 # 8ff0 <__sf_fake_stdout>
    7daa:	00f41463          	bne	s0,a5,7db2 <__swsetup_r+0x5e>
    7dae:	4480                	lw	s0,8(s1)
    7db0:	bfc1                	j	7d80 <__swsetup_r+0x2c>
    7db2:	00001797          	auipc	a5,0x1
    7db6:	21e78793          	addi	a5,a5,542 # 8fd0 <__sf_fake_stderr>
    7dba:	fcf413e3          	bne	s0,a5,7d80 <__swsetup_r+0x2c>
    7dbe:	44c0                	lw	s0,12(s1)
    7dc0:	b7c1                	j	7d80 <__swsetup_r+0x2c>
    7dc2:	8b91                	andi	a5,a5,4
    7dc4:	c795                	beqz	a5,7df0 <__swsetup_r+0x9c>
    7dc6:	584c                	lw	a1,52(s0)
    7dc8:	c991                	beqz	a1,7ddc <__swsetup_r+0x88>
    7dca:	04440793          	addi	a5,s0,68
    7dce:	00f58563          	beq	a1,a5,7dd8 <__swsetup_r+0x84>
    7dd2:	854a                	mv	a0,s2
    7dd4:	dc8ff0ef          	jal	ra,739c <_free_r>
    7dd8:	02042a23          	sw	zero,52(s0)
    7ddc:	00c45783          	lhu	a5,12(s0)
    7de0:	00042223          	sw	zero,4(s0)
    7de4:	fdb7f793          	andi	a5,a5,-37
    7de8:	00f41623          	sh	a5,12(s0)
    7dec:	481c                	lw	a5,16(s0)
    7dee:	c01c                	sw	a5,0(s0)
    7df0:	00c45783          	lhu	a5,12(s0)
    7df4:	0087e793          	ori	a5,a5,8
    7df8:	00f41623          	sh	a5,12(s0)
    7dfc:	481c                	lw	a5,16(s0)
    7dfe:	ef81                	bnez	a5,7e16 <__swsetup_r+0xc2>
    7e00:	00c45783          	lhu	a5,12(s0)
    7e04:	20000713          	li	a4,512
    7e08:	2807f793          	andi	a5,a5,640
    7e0c:	00e78563          	beq	a5,a4,7e16 <__swsetup_r+0xc2>
    7e10:	85a2                	mv	a1,s0
    7e12:	854a                	mv	a0,s2
    7e14:	2c4d                	jal	80c6 <__smakebuf_r>
    7e16:	00c41783          	lh	a5,12(s0)
    7e1a:	0017f713          	andi	a4,a5,1
    7e1e:	c31d                	beqz	a4,7e44 <__swsetup_r+0xf0>
    7e20:	4858                	lw	a4,20(s0)
    7e22:	00042423          	sw	zero,8(s0)
    7e26:	40e00733          	neg	a4,a4
    7e2a:	cc18                	sw	a4,24(s0)
    7e2c:	4818                	lw	a4,16(s0)
    7e2e:	4501                	li	a0,0
    7e30:	e701                	bnez	a4,7e38 <__swsetup_r+0xe4>
    7e32:	0807f713          	andi	a4,a5,128
    7e36:	f325                	bnez	a4,7d96 <__swsetup_r+0x42>
    7e38:	40b2                	lw	ra,12(sp)
    7e3a:	4422                	lw	s0,8(sp)
    7e3c:	4492                	lw	s1,4(sp)
    7e3e:	4902                	lw	s2,0(sp)
    7e40:	0141                	addi	sp,sp,16
    7e42:	8082                	ret
    7e44:	0027f713          	andi	a4,a5,2
    7e48:	4681                	li	a3,0
    7e4a:	e311                	bnez	a4,7e4e <__swsetup_r+0xfa>
    7e4c:	4854                	lw	a3,20(s0)
    7e4e:	c414                	sw	a3,8(s0)
    7e50:	bff1                	j	7e2c <__swsetup_r+0xd8>

00007e52 <_close_r>:
    7e52:	1141                	addi	sp,sp,-16
    7e54:	c422                	sw	s0,8(sp)
    7e56:	842a                	mv	s0,a0
    7e58:	852e                	mv	a0,a1
    7e5a:	8601ae23          	sw	zero,-1924(gp) # 200000fc <errno>
    7e5e:	c606                	sw	ra,12(sp)
    7e60:	2f15                	jal	8594 <_close>
    7e62:	57fd                	li	a5,-1
    7e64:	00f51663          	bne	a0,a5,7e70 <_close_r+0x1e>
    7e68:	87c1a783          	lw	a5,-1924(gp) # 200000fc <errno>
    7e6c:	c391                	beqz	a5,7e70 <_close_r+0x1e>
    7e6e:	c01c                	sw	a5,0(s0)
    7e70:	40b2                	lw	ra,12(sp)
    7e72:	4422                	lw	s0,8(sp)
    7e74:	0141                	addi	sp,sp,16
    7e76:	8082                	ret

00007e78 <__sflush_r>:
    7e78:	00c59783          	lh	a5,12(a1)
    7e7c:	1101                	addi	sp,sp,-32
    7e7e:	cc22                	sw	s0,24(sp)
    7e80:	ca26                	sw	s1,20(sp)
    7e82:	ce06                	sw	ra,28(sp)
    7e84:	c84a                	sw	s2,16(sp)
    7e86:	c64e                	sw	s3,12(sp)
    7e88:	0087f713          	andi	a4,a5,8
    7e8c:	84aa                	mv	s1,a0
    7e8e:	842e                	mv	s0,a1
    7e90:	e771                	bnez	a4,7f5c <__sflush_r+0xe4>
    7e92:	41d8                	lw	a4,4(a1)
    7e94:	00e04563          	bgtz	a4,7e9e <__sflush_r+0x26>
    7e98:	41b8                	lw	a4,64(a1)
    7e9a:	08e05963          	blez	a4,7f2c <__sflush_r+0xb4>
    7e9e:	5458                	lw	a4,44(s0)
    7ea0:	c751                	beqz	a4,7f2c <__sflush_r+0xb4>
    7ea2:	83b1                	srli	a5,a5,0xc
    7ea4:	0004a903          	lw	s2,0(s1)
    7ea8:	8b85                	andi	a5,a5,1
    7eaa:	0004a023          	sw	zero,0(s1)
    7eae:	500c                	lw	a1,32(s0)
    7eb0:	cfa1                	beqz	a5,7f08 <__sflush_r+0x90>
    7eb2:	4870                	lw	a2,84(s0)
    7eb4:	00c45783          	lhu	a5,12(s0)
    7eb8:	8b91                	andi	a5,a5,4
    7eba:	c799                	beqz	a5,7ec8 <__sflush_r+0x50>
    7ebc:	405c                	lw	a5,4(s0)
    7ebe:	8e1d                	sub	a2,a2,a5
    7ec0:	585c                	lw	a5,52(s0)
    7ec2:	c399                	beqz	a5,7ec8 <__sflush_r+0x50>
    7ec4:	403c                	lw	a5,64(s0)
    7ec6:	8e1d                	sub	a2,a2,a5
    7ec8:	545c                	lw	a5,44(s0)
    7eca:	500c                	lw	a1,32(s0)
    7ecc:	4681                	li	a3,0
    7ece:	8526                	mv	a0,s1
    7ed0:	9782                	jalr	a5
    7ed2:	57fd                	li	a5,-1
    7ed4:	04f50e63          	beq	a0,a5,7f30 <__sflush_r+0xb8>
    7ed8:	481c                	lw	a5,16(s0)
    7eda:	6705                	lui	a4,0x1
    7edc:	00042223          	sw	zero,4(s0)
    7ee0:	c01c                	sw	a5,0(s0)
    7ee2:	00c45783          	lhu	a5,12(s0)
    7ee6:	8ff9                	and	a5,a5,a4
    7ee8:	c391                	beqz	a5,7eec <__sflush_r+0x74>
    7eea:	c868                	sw	a0,84(s0)
    7eec:	584c                	lw	a1,52(s0)
    7eee:	0124a023          	sw	s2,0(s1)
    7ef2:	cd8d                	beqz	a1,7f2c <__sflush_r+0xb4>
    7ef4:	04440793          	addi	a5,s0,68
    7ef8:	00f58563          	beq	a1,a5,7f02 <__sflush_r+0x8a>
    7efc:	8526                	mv	a0,s1
    7efe:	c9eff0ef          	jal	ra,739c <_free_r>
    7f02:	02042a23          	sw	zero,52(s0)
    7f06:	a01d                	j	7f2c <__sflush_r+0xb4>
    7f08:	4601                	li	a2,0
    7f0a:	4685                	li	a3,1
    7f0c:	8526                	mv	a0,s1
    7f0e:	9702                	jalr	a4
    7f10:	57fd                	li	a5,-1
    7f12:	862a                	mv	a2,a0
    7f14:	faf510e3          	bne	a0,a5,7eb4 <__sflush_r+0x3c>
    7f18:	409c                	lw	a5,0(s1)
    7f1a:	dfc9                	beqz	a5,7eb4 <__sflush_r+0x3c>
    7f1c:	4775                	li	a4,29
    7f1e:	00e78563          	beq	a5,a4,7f28 <__sflush_r+0xb0>
    7f22:	4759                	li	a4,22
    7f24:	06e79563          	bne	a5,a4,7f8e <__sflush_r+0x116>
    7f28:	0124a023          	sw	s2,0(s1)
    7f2c:	4501                	li	a0,0
    7f2e:	a0bd                	j	7f9c <__sflush_r+0x124>
    7f30:	4098                	lw	a4,0(s1)
    7f32:	00c41783          	lh	a5,12(s0)
    7f36:	cf01                	beqz	a4,7f4e <__sflush_r+0xd6>
    7f38:	46f5                	li	a3,29
    7f3a:	00d70563          	beq	a4,a3,7f44 <__sflush_r+0xcc>
    7f3e:	46d9                	li	a3,22
    7f40:	04d71963          	bne	a4,a3,7f92 <__sflush_r+0x11a>
    7f44:	481c                	lw	a5,16(s0)
    7f46:	00042223          	sw	zero,4(s0)
    7f4a:	c01c                	sw	a5,0(s0)
    7f4c:	b745                	j	7eec <__sflush_r+0x74>
    7f4e:	4818                	lw	a4,16(s0)
    7f50:	83b1                	srli	a5,a5,0xc
    7f52:	00042223          	sw	zero,4(s0)
    7f56:	c018                	sw	a4,0(s0)
    7f58:	8b85                	andi	a5,a5,1
    7f5a:	b779                	j	7ee8 <__sflush_r+0x70>
    7f5c:	0105a983          	lw	s3,16(a1)
    7f60:	fc0986e3          	beqz	s3,7f2c <__sflush_r+0xb4>
    7f64:	0005a903          	lw	s2,0(a1)
    7f68:	8b8d                	andi	a5,a5,3
    7f6a:	0135a023          	sw	s3,0(a1)
    7f6e:	41390933          	sub	s2,s2,s3
    7f72:	4701                	li	a4,0
    7f74:	e391                	bnez	a5,7f78 <__sflush_r+0x100>
    7f76:	49d8                	lw	a4,20(a1)
    7f78:	c418                	sw	a4,8(s0)
    7f7a:	fb2059e3          	blez	s2,7f2c <__sflush_r+0xb4>
    7f7e:	541c                	lw	a5,40(s0)
    7f80:	500c                	lw	a1,32(s0)
    7f82:	86ca                	mv	a3,s2
    7f84:	864e                	mv	a2,s3
    7f86:	8526                	mv	a0,s1
    7f88:	9782                	jalr	a5
    7f8a:	02a04063          	bgtz	a0,7faa <__sflush_r+0x132>
    7f8e:	00c41783          	lh	a5,12(s0)
    7f92:	0407e793          	ori	a5,a5,64
    7f96:	00f41623          	sh	a5,12(s0)
    7f9a:	557d                	li	a0,-1
    7f9c:	40f2                	lw	ra,28(sp)
    7f9e:	4462                	lw	s0,24(sp)
    7fa0:	44d2                	lw	s1,20(sp)
    7fa2:	4942                	lw	s2,16(sp)
    7fa4:	49b2                	lw	s3,12(sp)
    7fa6:	6105                	addi	sp,sp,32
    7fa8:	8082                	ret
    7faa:	99aa                	add	s3,s3,a0
    7fac:	40a90933          	sub	s2,s2,a0
    7fb0:	b7e9                	j	7f7a <__sflush_r+0x102>

00007fb2 <_fflush_r>:
    7fb2:	499c                	lw	a5,16(a1)
    7fb4:	1141                	addi	sp,sp,-16
    7fb6:	c606                	sw	ra,12(sp)
    7fb8:	c422                	sw	s0,8(sp)
    7fba:	c226                	sw	s1,4(sp)
    7fbc:	eb81                	bnez	a5,7fcc <_fflush_r+0x1a>
    7fbe:	4481                	li	s1,0
    7fc0:	40b2                	lw	ra,12(sp)
    7fc2:	4422                	lw	s0,8(sp)
    7fc4:	8526                	mv	a0,s1
    7fc6:	4492                	lw	s1,4(sp)
    7fc8:	0141                	addi	sp,sp,16
    7fca:	8082                	ret
    7fcc:	84aa                	mv	s1,a0
    7fce:	842e                	mv	s0,a1
    7fd0:	c509                	beqz	a0,7fda <_fflush_r+0x28>
    7fd2:	4d1c                	lw	a5,24(a0)
    7fd4:	e399                	bnez	a5,7fda <_fflush_r+0x28>
    7fd6:	eecff0ef          	jal	ra,76c2 <__sinit>
    7fda:	00001797          	auipc	a5,0x1
    7fde:	03678793          	addi	a5,a5,54 # 9010 <__sf_fake_stdin>
    7fe2:	04f41063          	bne	s0,a5,8022 <_fflush_r+0x70>
    7fe6:	40c0                	lw	s0,4(s1)
    7fe8:	00c41783          	lh	a5,12(s0)
    7fec:	dbe9                	beqz	a5,7fbe <_fflush_r+0xc>
    7fee:	5078                	lw	a4,100(s0)
    7ff0:	8b05                	andi	a4,a4,1
    7ff2:	e719                	bnez	a4,8000 <_fflush_r+0x4e>
    7ff4:	2007f793          	andi	a5,a5,512
    7ff8:	e781                	bnez	a5,8000 <_fflush_r+0x4e>
    7ffa:	4c28                	lw	a0,88(s0)
    7ffc:	855ff0ef          	jal	ra,7850 <__retarget_lock_acquire_recursive>
    8000:	8526                	mv	a0,s1
    8002:	85a2                	mv	a1,s0
    8004:	e75ff0ef          	jal	ra,7e78 <__sflush_r>
    8008:	507c                	lw	a5,100(s0)
    800a:	84aa                	mv	s1,a0
    800c:	8b85                	andi	a5,a5,1
    800e:	fbcd                	bnez	a5,7fc0 <_fflush_r+0xe>
    8010:	00c45783          	lhu	a5,12(s0)
    8014:	2007f793          	andi	a5,a5,512
    8018:	f7c5                	bnez	a5,7fc0 <_fflush_r+0xe>
    801a:	4c28                	lw	a0,88(s0)
    801c:	837ff0ef          	jal	ra,7852 <__retarget_lock_release_recursive>
    8020:	b745                	j	7fc0 <_fflush_r+0xe>
    8022:	00001797          	auipc	a5,0x1
    8026:	fce78793          	addi	a5,a5,-50 # 8ff0 <__sf_fake_stdout>
    802a:	00f41463          	bne	s0,a5,8032 <_fflush_r+0x80>
    802e:	4480                	lw	s0,8(s1)
    8030:	bf65                	j	7fe8 <_fflush_r+0x36>
    8032:	00001797          	auipc	a5,0x1
    8036:	f9e78793          	addi	a5,a5,-98 # 8fd0 <__sf_fake_stderr>
    803a:	faf417e3          	bne	s0,a5,7fe8 <_fflush_r+0x36>
    803e:	44c0                	lw	s0,12(s1)
    8040:	b765                	j	7fe8 <_fflush_r+0x36>

00008042 <_lseek_r>:
    8042:	1141                	addi	sp,sp,-16
    8044:	c422                	sw	s0,8(sp)
    8046:	842a                	mv	s0,a0
    8048:	852e                	mv	a0,a1
    804a:	85b2                	mv	a1,a2
    804c:	8636                	mv	a2,a3
    804e:	8601ae23          	sw	zero,-1924(gp) # 200000fc <errno>
    8052:	c606                	sw	ra,12(sp)
    8054:	2395                	jal	85b8 <_lseek>
    8056:	57fd                	li	a5,-1
    8058:	00f51663          	bne	a0,a5,8064 <_lseek_r+0x22>
    805c:	87c1a783          	lw	a5,-1924(gp) # 200000fc <errno>
    8060:	c391                	beqz	a5,8064 <_lseek_r+0x22>
    8062:	c01c                	sw	a5,0(s0)
    8064:	40b2                	lw	ra,12(sp)
    8066:	4422                	lw	s0,8(sp)
    8068:	0141                	addi	sp,sp,16
    806a:	8082                	ret

0000806c <__swhatbuf_r>:
    806c:	7159                	addi	sp,sp,-112
    806e:	d4a2                	sw	s0,104(sp)
    8070:	842e                	mv	s0,a1
    8072:	00e59583          	lh	a1,14(a1)
    8076:	d2a6                	sw	s1,100(sp)
    8078:	d0ca                	sw	s2,96(sp)
    807a:	d686                	sw	ra,108(sp)
    807c:	84b2                	mv	s1,a2
    807e:	8936                	mv	s2,a3
    8080:	0205d363          	bgez	a1,80a6 <__swhatbuf_r+0x3a>
    8084:	00c45783          	lhu	a5,12(s0)
    8088:	0807f793          	andi	a5,a5,128
    808c:	eb8d                	bnez	a5,80be <__swhatbuf_r+0x52>
    808e:	40000713          	li	a4,1024
    8092:	50b6                	lw	ra,108(sp)
    8094:	5426                	lw	s0,104(sp)
    8096:	00f92023          	sw	a5,0(s2)
    809a:	c098                	sw	a4,0(s1)
    809c:	5906                	lw	s2,96(sp)
    809e:	5496                	lw	s1,100(sp)
    80a0:	4501                	li	a0,0
    80a2:	6165                	addi	sp,sp,112
    80a4:	8082                	ret
    80a6:	0030                	addi	a2,sp,8
    80a8:	2979                	jal	8546 <_fstat_r>
    80aa:	fc054de3          	bltz	a0,8084 <__swhatbuf_r+0x18>
    80ae:	4732                	lw	a4,12(sp)
    80b0:	67bd                	lui	a5,0xf
    80b2:	8ff9                	and	a5,a5,a4
    80b4:	7779                	lui	a4,0xffffe
    80b6:	97ba                	add	a5,a5,a4
    80b8:	0017b793          	seqz	a5,a5
    80bc:	bfc9                	j	808e <__swhatbuf_r+0x22>
    80be:	4781                	li	a5,0
    80c0:	04000713          	li	a4,64
    80c4:	b7f9                	j	8092 <__swhatbuf_r+0x26>

000080c6 <__smakebuf_r>:
    80c6:	00c5d783          	lhu	a5,12(a1)
    80ca:	7179                	addi	sp,sp,-48
    80cc:	d422                	sw	s0,40(sp)
    80ce:	d606                	sw	ra,44(sp)
    80d0:	d226                	sw	s1,36(sp)
    80d2:	d04a                	sw	s2,32(sp)
    80d4:	ce4e                	sw	s3,28(sp)
    80d6:	8b89                	andi	a5,a5,2
    80d8:	842e                	mv	s0,a1
    80da:	cf91                	beqz	a5,80f6 <__smakebuf_r+0x30>
    80dc:	04740793          	addi	a5,s0,71
    80e0:	c01c                	sw	a5,0(s0)
    80e2:	c81c                	sw	a5,16(s0)
    80e4:	4785                	li	a5,1
    80e6:	c85c                	sw	a5,20(s0)
    80e8:	50b2                	lw	ra,44(sp)
    80ea:	5422                	lw	s0,40(sp)
    80ec:	5492                	lw	s1,36(sp)
    80ee:	5902                	lw	s2,32(sp)
    80f0:	49f2                	lw	s3,28(sp)
    80f2:	6145                	addi	sp,sp,48
    80f4:	8082                	ret
    80f6:	0074                	addi	a3,sp,12
    80f8:	0030                	addi	a2,sp,8
    80fa:	84aa                	mv	s1,a0
    80fc:	f71ff0ef          	jal	ra,806c <__swhatbuf_r>
    8100:	49a2                	lw	s3,8(sp)
    8102:	892a                	mv	s2,a0
    8104:	8526                	mv	a0,s1
    8106:	85ce                	mv	a1,s3
    8108:	b86ff0ef          	jal	ra,748e <_malloc_r>
    810c:	ed01                	bnez	a0,8124 <__smakebuf_r+0x5e>
    810e:	00c41783          	lh	a5,12(s0)
    8112:	2007f713          	andi	a4,a5,512
    8116:	fb69                	bnez	a4,80e8 <__smakebuf_r+0x22>
    8118:	9bf1                	andi	a5,a5,-4
    811a:	0027e793          	ori	a5,a5,2
    811e:	00f41623          	sh	a5,12(s0)
    8122:	bf6d                	j	80dc <__smakebuf_r+0x16>
    8124:	fffff797          	auipc	a5,0xfffff
    8128:	53478793          	addi	a5,a5,1332 # 7658 <_cleanup_r>
    812c:	d49c                	sw	a5,40(s1)
    812e:	00c45783          	lhu	a5,12(s0)
    8132:	c008                	sw	a0,0(s0)
    8134:	c808                	sw	a0,16(s0)
    8136:	0807e793          	ori	a5,a5,128
    813a:	00f41623          	sh	a5,12(s0)
    813e:	47b2                	lw	a5,12(sp)
    8140:	01342a23          	sw	s3,20(s0)
    8144:	cf89                	beqz	a5,815e <__smakebuf_r+0x98>
    8146:	00e41583          	lh	a1,14(s0)
    814a:	8526                	mv	a0,s1
    814c:	210d                	jal	856e <_isatty_r>
    814e:	c901                	beqz	a0,815e <__smakebuf_r+0x98>
    8150:	00c45783          	lhu	a5,12(s0)
    8154:	9bf1                	andi	a5,a5,-4
    8156:	0017e793          	ori	a5,a5,1
    815a:	00f41623          	sh	a5,12(s0)
    815e:	00c45783          	lhu	a5,12(s0)
    8162:	0127e533          	or	a0,a5,s2
    8166:	00a41623          	sh	a0,12(s0)
    816a:	bfbd                	j	80e8 <__smakebuf_r+0x22>

0000816c <memchr>:
    816c:	0ff5f593          	zext.b	a1,a1
    8170:	962a                	add	a2,a2,a0
    8172:	00c51463          	bne	a0,a2,817a <memchr+0xe>
    8176:	4501                	li	a0,0
    8178:	8082                	ret
    817a:	00054783          	lbu	a5,0(a0)
    817e:	feb78de3          	beq	a5,a1,8178 <memchr+0xc>
    8182:	0505                	addi	a0,a0,1
    8184:	b7fd                	j	8172 <memchr+0x6>

00008186 <_printf_common>:
    8186:	7179                	addi	sp,sp,-48
    8188:	ca56                	sw	s5,20(sp)
    818a:	499c                	lw	a5,16(a1)
    818c:	8aba                	mv	s5,a4
    818e:	4598                	lw	a4,8(a1)
    8190:	d422                	sw	s0,40(sp)
    8192:	d04a                	sw	s2,32(sp)
    8194:	ce4e                	sw	s3,28(sp)
    8196:	cc52                	sw	s4,24(sp)
    8198:	d606                	sw	ra,44(sp)
    819a:	d226                	sw	s1,36(sp)
    819c:	c85a                	sw	s6,16(sp)
    819e:	c65e                	sw	s7,12(sp)
    81a0:	89aa                	mv	s3,a0
    81a2:	842e                	mv	s0,a1
    81a4:	8932                	mv	s2,a2
    81a6:	8a36                	mv	s4,a3
    81a8:	00e7d363          	bge	a5,a4,81ae <_printf_common+0x28>
    81ac:	87ba                	mv	a5,a4
    81ae:	00f92023          	sw	a5,0(s2)
    81b2:	04344703          	lbu	a4,67(s0)
    81b6:	c701                	beqz	a4,81be <_printf_common+0x38>
    81b8:	0785                	addi	a5,a5,1
    81ba:	00f92023          	sw	a5,0(s2)
    81be:	401c                	lw	a5,0(s0)
    81c0:	0207f793          	andi	a5,a5,32
    81c4:	c791                	beqz	a5,81d0 <_printf_common+0x4a>
    81c6:	00092783          	lw	a5,0(s2)
    81ca:	0789                	addi	a5,a5,2
    81cc:	00f92023          	sw	a5,0(s2)
    81d0:	4004                	lw	s1,0(s0)
    81d2:	8899                	andi	s1,s1,6
    81d4:	e891                	bnez	s1,81e8 <_printf_common+0x62>
    81d6:	01940b13          	addi	s6,s0,25
    81da:	5bfd                	li	s7,-1
    81dc:	445c                	lw	a5,12(s0)
    81de:	00092703          	lw	a4,0(s2)
    81e2:	8f99                	sub	a5,a5,a4
    81e4:	04f4cc63          	blt	s1,a5,823c <_printf_common+0xb6>
    81e8:	04344783          	lbu	a5,67(s0)
    81ec:	00f036b3          	snez	a3,a5
    81f0:	401c                	lw	a5,0(s0)
    81f2:	0207f793          	andi	a5,a5,32
    81f6:	eba5                	bnez	a5,8266 <_printf_common+0xe0>
    81f8:	04340613          	addi	a2,s0,67
    81fc:	85d2                	mv	a1,s4
    81fe:	854e                	mv	a0,s3
    8200:	9a82                	jalr	s5
    8202:	57fd                	li	a5,-1
    8204:	04f50363          	beq	a0,a5,824a <_printf_common+0xc4>
    8208:	401c                	lw	a5,0(s0)
    820a:	4711                	li	a4,4
    820c:	4481                	li	s1,0
    820e:	8b99                	andi	a5,a5,6
    8210:	00e79963          	bne	a5,a4,8222 <_printf_common+0x9c>
    8214:	4444                	lw	s1,12(s0)
    8216:	00092783          	lw	a5,0(s2)
    821a:	8c9d                	sub	s1,s1,a5
    821c:	0004d363          	bgez	s1,8222 <_printf_common+0x9c>
    8220:	4481                	li	s1,0
    8222:	441c                	lw	a5,8(s0)
    8224:	4818                	lw	a4,16(s0)
    8226:	00f75463          	bge	a4,a5,822e <_printf_common+0xa8>
    822a:	8f99                	sub	a5,a5,a4
    822c:	94be                	add	s1,s1,a5
    822e:	4901                	li	s2,0
    8230:	0469                	addi	s0,s0,26
    8232:	5b7d                	li	s6,-1
    8234:	05249863          	bne	s1,s2,8284 <_printf_common+0xfe>
    8238:	4501                	li	a0,0
    823a:	a809                	j	824c <_printf_common+0xc6>
    823c:	4685                	li	a3,1
    823e:	865a                	mv	a2,s6
    8240:	85d2                	mv	a1,s4
    8242:	854e                	mv	a0,s3
    8244:	9a82                	jalr	s5
    8246:	01751e63          	bne	a0,s7,8262 <_printf_common+0xdc>
    824a:	557d                	li	a0,-1
    824c:	50b2                	lw	ra,44(sp)
    824e:	5422                	lw	s0,40(sp)
    8250:	5492                	lw	s1,36(sp)
    8252:	5902                	lw	s2,32(sp)
    8254:	49f2                	lw	s3,28(sp)
    8256:	4a62                	lw	s4,24(sp)
    8258:	4ad2                	lw	s5,20(sp)
    825a:	4b42                	lw	s6,16(sp)
    825c:	4bb2                	lw	s7,12(sp)
    825e:	6145                	addi	sp,sp,48
    8260:	8082                	ret
    8262:	0485                	addi	s1,s1,1
    8264:	bfa5                	j	81dc <_printf_common+0x56>
    8266:	00d40733          	add	a4,s0,a3
    826a:	03000613          	li	a2,48
    826e:	04c701a3          	sb	a2,67(a4) # ffffe043 <ERR_SECTION_BASE+0xfffff043>
    8272:	04544703          	lbu	a4,69(s0)
    8276:	00168793          	addi	a5,a3,1
    827a:	97a2                	add	a5,a5,s0
    827c:	0689                	addi	a3,a3,2
    827e:	04e781a3          	sb	a4,67(a5)
    8282:	bf9d                	j	81f8 <_printf_common+0x72>
    8284:	4685                	li	a3,1
    8286:	8622                	mv	a2,s0
    8288:	85d2                	mv	a1,s4
    828a:	854e                	mv	a0,s3
    828c:	9a82                	jalr	s5
    828e:	fb650ee3          	beq	a0,s6,824a <_printf_common+0xc4>
    8292:	0905                	addi	s2,s2,1
    8294:	b745                	j	8234 <_printf_common+0xae>

00008296 <_printf_i>:
    8296:	7179                	addi	sp,sp,-48
    8298:	d422                	sw	s0,40(sp)
    829a:	d04a                	sw	s2,32(sp)
    829c:	ce4e                	sw	s3,28(sp)
    829e:	cc52                	sw	s4,24(sp)
    82a0:	d606                	sw	ra,44(sp)
    82a2:	d226                	sw	s1,36(sp)
    82a4:	ca56                	sw	s5,20(sp)
    82a6:	c85a                	sw	s6,16(sp)
    82a8:	0185c803          	lbu	a6,24(a1)
    82ac:	07800793          	li	a5,120
    82b0:	892a                	mv	s2,a0
    82b2:	842e                	mv	s0,a1
    82b4:	89b2                	mv	s3,a2
    82b6:	8a36                	mv	s4,a3
    82b8:	0307e263          	bltu	a5,a6,82dc <_printf_i+0x46>
    82bc:	06200793          	li	a5,98
    82c0:	04358693          	addi	a3,a1,67
    82c4:	0307e163          	bltu	a5,a6,82e6 <_printf_i+0x50>
    82c8:	1e080163          	beqz	a6,84aa <_printf_i+0x214>
    82cc:	05800793          	li	a5,88
    82d0:	00001617          	auipc	a2,0x1
    82d4:	d7460613          	addi	a2,a2,-652 # 9044 <__sf_fake_stdin+0x34>
    82d8:	14f80b63          	beq	a6,a5,842e <_printf_i+0x198>
    82dc:	04240493          	addi	s1,s0,66
    82e0:	05040123          	sb	a6,66(s0)
    82e4:	a815                	j	8318 <_printf_i+0x82>
    82e6:	f9d80793          	addi	a5,a6,-99
    82ea:	0ff7f793          	zext.b	a5,a5
    82ee:	4655                	li	a2,21
    82f0:	fef666e3          	bltu	a2,a5,82dc <_printf_i+0x46>
    82f4:	00001617          	auipc	a2,0x1
    82f8:	d7860613          	addi	a2,a2,-648 # 906c <__sf_fake_stdin+0x5c>
    82fc:	078a                	slli	a5,a5,0x2
    82fe:	97b2                	add	a5,a5,a2
    8300:	439c                	lw	a5,0(a5)
    8302:	97b2                	add	a5,a5,a2
    8304:	8782                	jr	a5
    8306:	431c                	lw	a5,0(a4)
    8308:	04258493          	addi	s1,a1,66
    830c:	00478693          	addi	a3,a5,4
    8310:	439c                	lw	a5,0(a5)
    8312:	c314                	sw	a3,0(a4)
    8314:	04f58123          	sb	a5,66(a1)
    8318:	4785                	li	a5,1
    831a:	aa55                	j	84ce <_printf_i+0x238>
    831c:	4190                	lw	a2,0(a1)
    831e:	431c                	lw	a5,0(a4)
    8320:	08067513          	andi	a0,a2,128
    8324:	00478593          	addi	a1,a5,4
    8328:	c139                	beqz	a0,836e <_printf_i+0xd8>
    832a:	439c                	lw	a5,0(a5)
    832c:	c30c                	sw	a1,0(a4)
    832e:	4058                	lw	a4,4(s0)
    8330:	1407d363          	bgez	a5,8476 <_printf_i+0x1e0>
    8334:	02d00593          	li	a1,45
    8338:	04b401a3          	sb	a1,67(s0)
    833c:	c418                	sw	a4,8(s0)
    833e:	04075063          	bgez	a4,837e <_printf_i+0xe8>
    8342:	40f007b3          	neg	a5,a5
    8346:	00001617          	auipc	a2,0x1
    834a:	cfe60613          	addi	a2,a2,-770 # 9044 <__sf_fake_stdin+0x34>
    834e:	4829                	li	a6,10
    8350:	84b6                	mv	s1,a3
    8352:	0307f733          	remu	a4,a5,a6
    8356:	14fd                	addi	s1,s1,-1
    8358:	9732                	add	a4,a4,a2
    835a:	00074703          	lbu	a4,0(a4)
    835e:	00e48023          	sb	a4,0(s1)
    8362:	873e                	mv	a4,a5
    8364:	0307d7b3          	divu	a5,a5,a6
    8368:	ff0775e3          	bgeu	a4,a6,8352 <_printf_i+0xbc>
    836c:	a08d                	j	83ce <_printf_i+0x138>
    836e:	439c                	lw	a5,0(a5)
    8370:	04067513          	andi	a0,a2,64
    8374:	c30c                	sw	a1,0(a4)
    8376:	dd45                	beqz	a0,832e <_printf_i+0x98>
    8378:	07c2                	slli	a5,a5,0x10
    837a:	87c1                	srai	a5,a5,0x10
    837c:	bf4d                	j	832e <_printf_i+0x98>
    837e:	9a6d                	andi	a2,a2,-5
    8380:	c010                	sw	a2,0(s0)
    8382:	b7c1                	j	8342 <_printf_i+0xac>
    8384:	4190                	lw	a2,0(a1)
    8386:	431c                	lw	a5,0(a4)
    8388:	08067513          	andi	a0,a2,128
    838c:	00478593          	addi	a1,a5,4
    8390:	c501                	beqz	a0,8398 <_printf_i+0x102>
    8392:	c30c                	sw	a1,0(a4)
    8394:	439c                	lw	a5,0(a5)
    8396:	a039                	j	83a4 <_printf_i+0x10e>
    8398:	04067613          	andi	a2,a2,64
    839c:	c30c                	sw	a1,0(a4)
    839e:	da7d                	beqz	a2,8394 <_printf_i+0xfe>
    83a0:	0007d783          	lhu	a5,0(a5)
    83a4:	06f00713          	li	a4,111
    83a8:	00001617          	auipc	a2,0x1
    83ac:	c9c60613          	addi	a2,a2,-868 # 9044 <__sf_fake_stdin+0x34>
    83b0:	0ce81163          	bne	a6,a4,8472 <_printf_i+0x1dc>
    83b4:	4821                	li	a6,8
    83b6:	040401a3          	sb	zero,67(s0)
    83ba:	4058                	lw	a4,4(s0)
    83bc:	c418                	sw	a4,8(s0)
    83be:	f80749e3          	bltz	a4,8350 <_printf_i+0xba>
    83c2:	400c                	lw	a1,0(s0)
    83c4:	99ed                	andi	a1,a1,-5
    83c6:	c00c                	sw	a1,0(s0)
    83c8:	f7c1                	bnez	a5,8350 <_printf_i+0xba>
    83ca:	84b6                	mv	s1,a3
    83cc:	f351                	bnez	a4,8350 <_printf_i+0xba>
    83ce:	47a1                	li	a5,8
    83d0:	00f81e63          	bne	a6,a5,83ec <_printf_i+0x156>
    83d4:	401c                	lw	a5,0(s0)
    83d6:	8b85                	andi	a5,a5,1
    83d8:	cb91                	beqz	a5,83ec <_printf_i+0x156>
    83da:	4058                	lw	a4,4(s0)
    83dc:	481c                	lw	a5,16(s0)
    83de:	00e7c763          	blt	a5,a4,83ec <_printf_i+0x156>
    83e2:	03000793          	li	a5,48
    83e6:	fef48fa3          	sb	a5,-1(s1)
    83ea:	14fd                	addi	s1,s1,-1
    83ec:	8e85                	sub	a3,a3,s1
    83ee:	c814                	sw	a3,16(s0)
    83f0:	8752                	mv	a4,s4
    83f2:	86ce                	mv	a3,s3
    83f4:	0070                	addi	a2,sp,12
    83f6:	85a2                	mv	a1,s0
    83f8:	854a                	mv	a0,s2
    83fa:	d8dff0ef          	jal	ra,8186 <_printf_common>
    83fe:	5afd                	li	s5,-1
    8400:	0d551b63          	bne	a0,s5,84d6 <_printf_i+0x240>
    8404:	557d                	li	a0,-1
    8406:	50b2                	lw	ra,44(sp)
    8408:	5422                	lw	s0,40(sp)
    840a:	5492                	lw	s1,36(sp)
    840c:	5902                	lw	s2,32(sp)
    840e:	49f2                	lw	s3,28(sp)
    8410:	4a62                	lw	s4,24(sp)
    8412:	4ad2                	lw	s5,20(sp)
    8414:	4b42                	lw	s6,16(sp)
    8416:	6145                	addi	sp,sp,48
    8418:	8082                	ret
    841a:	419c                	lw	a5,0(a1)
    841c:	0207e793          	ori	a5,a5,32
    8420:	c19c                	sw	a5,0(a1)
    8422:	07800813          	li	a6,120
    8426:	00001617          	auipc	a2,0x1
    842a:	c3260613          	addi	a2,a2,-974 # 9058 <__sf_fake_stdin+0x48>
    842e:	050402a3          	sb	a6,69(s0)
    8432:	400c                	lw	a1,0(s0)
    8434:	431c                	lw	a5,0(a4)
    8436:	0805f813          	andi	a6,a1,128
    843a:	00478513          	addi	a0,a5,4
    843e:	00080563          	beqz	a6,8448 <_printf_i+0x1b2>
    8442:	c308                	sw	a0,0(a4)
    8444:	439c                	lw	a5,0(a5)
    8446:	a801                	j	8456 <_printf_i+0x1c0>
    8448:	0405f813          	andi	a6,a1,64
    844c:	c308                	sw	a0,0(a4)
    844e:	fe080be3          	beqz	a6,8444 <_printf_i+0x1ae>
    8452:	0007d783          	lhu	a5,0(a5)
    8456:	0015f713          	andi	a4,a1,1
    845a:	c701                	beqz	a4,8462 <_printf_i+0x1cc>
    845c:	0205e593          	ori	a1,a1,32
    8460:	c00c                	sw	a1,0(s0)
    8462:	c399                	beqz	a5,8468 <_printf_i+0x1d2>
    8464:	4841                	li	a6,16
    8466:	bf81                	j	83b6 <_printf_i+0x120>
    8468:	4018                	lw	a4,0(s0)
    846a:	fdf77713          	andi	a4,a4,-33
    846e:	c018                	sw	a4,0(s0)
    8470:	bfd5                	j	8464 <_printf_i+0x1ce>
    8472:	4829                	li	a6,10
    8474:	b789                	j	83b6 <_printf_i+0x120>
    8476:	00001617          	auipc	a2,0x1
    847a:	bce60613          	addi	a2,a2,-1074 # 9044 <__sf_fake_stdin+0x34>
    847e:	4829                	li	a6,10
    8480:	bf2d                	j	83ba <_printf_i+0x124>
    8482:	4190                	lw	a2,0(a1)
    8484:	431c                	lw	a5,0(a4)
    8486:	49cc                	lw	a1,20(a1)
    8488:	08067813          	andi	a6,a2,128
    848c:	00478513          	addi	a0,a5,4
    8490:	00080663          	beqz	a6,849c <_printf_i+0x206>
    8494:	c308                	sw	a0,0(a4)
    8496:	439c                	lw	a5,0(a5)
    8498:	c38c                	sw	a1,0(a5)
    849a:	a801                	j	84aa <_printf_i+0x214>
    849c:	c308                	sw	a0,0(a4)
    849e:	04067613          	andi	a2,a2,64
    84a2:	439c                	lw	a5,0(a5)
    84a4:	da75                	beqz	a2,8498 <_printf_i+0x202>
    84a6:	00b79023          	sh	a1,0(a5)
    84aa:	00042823          	sw	zero,16(s0)
    84ae:	84b6                	mv	s1,a3
    84b0:	b781                	j	83f0 <_printf_i+0x15a>
    84b2:	431c                	lw	a5,0(a4)
    84b4:	41d0                	lw	a2,4(a1)
    84b6:	4581                	li	a1,0
    84b8:	00478693          	addi	a3,a5,4
    84bc:	c314                	sw	a3,0(a4)
    84be:	4384                	lw	s1,0(a5)
    84c0:	8526                	mv	a0,s1
    84c2:	cabff0ef          	jal	ra,816c <memchr>
    84c6:	c119                	beqz	a0,84cc <_printf_i+0x236>
    84c8:	8d05                	sub	a0,a0,s1
    84ca:	c048                	sw	a0,4(s0)
    84cc:	405c                	lw	a5,4(s0)
    84ce:	c81c                	sw	a5,16(s0)
    84d0:	040401a3          	sb	zero,67(s0)
    84d4:	bf31                	j	83f0 <_printf_i+0x15a>
    84d6:	4814                	lw	a3,16(s0)
    84d8:	8626                	mv	a2,s1
    84da:	85ce                	mv	a1,s3
    84dc:	854a                	mv	a0,s2
    84de:	9a02                	jalr	s4
    84e0:	f35502e3          	beq	a0,s5,8404 <_printf_i+0x16e>
    84e4:	401c                	lw	a5,0(s0)
    84e6:	8b89                	andi	a5,a5,2
    84e8:	e78d                	bnez	a5,8512 <_printf_i+0x27c>
    84ea:	47b2                	lw	a5,12(sp)
    84ec:	4448                	lw	a0,12(s0)
    84ee:	f0f55ce3          	bge	a0,a5,8406 <_printf_i+0x170>
    84f2:	853e                	mv	a0,a5
    84f4:	bf09                	j	8406 <_printf_i+0x170>
    84f6:	4685                	li	a3,1
    84f8:	8656                	mv	a2,s5
    84fa:	85ce                	mv	a1,s3
    84fc:	854a                	mv	a0,s2
    84fe:	9a02                	jalr	s4
    8500:	f16502e3          	beq	a0,s6,8404 <_printf_i+0x16e>
    8504:	0485                	addi	s1,s1,1
    8506:	445c                	lw	a5,12(s0)
    8508:	4732                	lw	a4,12(sp)
    850a:	8f99                	sub	a5,a5,a4
    850c:	fef4c5e3          	blt	s1,a5,84f6 <_printf_i+0x260>
    8510:	bfe9                	j	84ea <_printf_i+0x254>
    8512:	4481                	li	s1,0
    8514:	01940a93          	addi	s5,s0,25
    8518:	5b7d                	li	s6,-1
    851a:	b7f5                	j	8506 <_printf_i+0x270>

0000851c <_read_r>:
    851c:	1141                	addi	sp,sp,-16
    851e:	c422                	sw	s0,8(sp)
    8520:	842a                	mv	s0,a0
    8522:	852e                	mv	a0,a1
    8524:	85b2                	mv	a1,a2
    8526:	8636                	mv	a2,a3
    8528:	8601ae23          	sw	zero,-1924(gp) # 200000fc <errno>
    852c:	c606                	sw	ra,12(sp)
    852e:	2859                	jal	85c4 <_read>
    8530:	57fd                	li	a5,-1
    8532:	00f51663          	bne	a0,a5,853e <_read_r+0x22>
    8536:	87c1a783          	lw	a5,-1924(gp) # 200000fc <errno>
    853a:	c391                	beqz	a5,853e <_read_r+0x22>
    853c:	c01c                	sw	a5,0(s0)
    853e:	40b2                	lw	ra,12(sp)
    8540:	4422                	lw	s0,8(sp)
    8542:	0141                	addi	sp,sp,16
    8544:	8082                	ret

00008546 <_fstat_r>:
    8546:	1141                	addi	sp,sp,-16
    8548:	c422                	sw	s0,8(sp)
    854a:	842a                	mv	s0,a0
    854c:	852e                	mv	a0,a1
    854e:	85b2                	mv	a1,a2
    8550:	8601ae23          	sw	zero,-1924(gp) # 200000fc <errno>
    8554:	c606                	sw	ra,12(sp)
    8556:	20a9                	jal	85a0 <_fstat>
    8558:	57fd                	li	a5,-1
    855a:	00f51663          	bne	a0,a5,8566 <_fstat_r+0x20>
    855e:	87c1a783          	lw	a5,-1924(gp) # 200000fc <errno>
    8562:	c391                	beqz	a5,8566 <_fstat_r+0x20>
    8564:	c01c                	sw	a5,0(s0)
    8566:	40b2                	lw	ra,12(sp)
    8568:	4422                	lw	s0,8(sp)
    856a:	0141                	addi	sp,sp,16
    856c:	8082                	ret

0000856e <_isatty_r>:
    856e:	1141                	addi	sp,sp,-16
    8570:	c422                	sw	s0,8(sp)
    8572:	842a                	mv	s0,a0
    8574:	852e                	mv	a0,a1
    8576:	8601ae23          	sw	zero,-1924(gp) # 200000fc <errno>
    857a:	c606                	sw	ra,12(sp)
    857c:	2805                	jal	85ac <_isatty>
    857e:	57fd                	li	a5,-1
    8580:	00f51663          	bne	a0,a5,858c <_isatty_r+0x1e>
    8584:	87c1a783          	lw	a5,-1924(gp) # 200000fc <errno>
    8588:	c391                	beqz	a5,858c <_isatty_r+0x1e>
    858a:	c01c                	sw	a5,0(s0)
    858c:	40b2                	lw	ra,12(sp)
    858e:	4422                	lw	s0,8(sp)
    8590:	0141                	addi	sp,sp,16
    8592:	8082                	ret

00008594 <_close>:
    8594:	05800793          	li	a5,88
    8598:	86f1ae23          	sw	a5,-1924(gp) # 200000fc <errno>
    859c:	557d                	li	a0,-1
    859e:	8082                	ret

000085a0 <_fstat>:
    85a0:	05800793          	li	a5,88
    85a4:	86f1ae23          	sw	a5,-1924(gp) # 200000fc <errno>
    85a8:	557d                	li	a0,-1
    85aa:	8082                	ret

000085ac <_isatty>:
    85ac:	05800793          	li	a5,88
    85b0:	86f1ae23          	sw	a5,-1924(gp) # 200000fc <errno>
    85b4:	4501                	li	a0,0
    85b6:	8082                	ret

000085b8 <_lseek>:
    85b8:	05800793          	li	a5,88
    85bc:	86f1ae23          	sw	a5,-1924(gp) # 200000fc <errno>
    85c0:	557d                	li	a0,-1
    85c2:	8082                	ret

000085c4 <_read>:
    85c4:	05800793          	li	a5,88
    85c8:	86f1ae23          	sw	a5,-1924(gp) # 200000fc <errno>
    85cc:	557d                	li	a0,-1
    85ce:	8082                	ret

000085d0 <s_port_bases.2>:
    85d0:	0800 4001 0c00 4001 1000 4001 1400 4001     ...@...@...@...@
    85e0:	1800 4001                                   ...@

000085e4 <s_port_bits.1>:
    85e4:	0004 0000 0008 0000 0010 0000 0020 0000     ............ ...
    85f4:	0040 0000                                   @...

000085f8 <s_ahb_shift.0>:
	...
    8600:	0201 0403 0706 0908                         ........

00008608 <s_nodes>:
    8608:	8d08 0000 8d08 0000 8948 0000 895c 0000     ........H...\...
	...
    8628:	0102 0000 0000 0000 b17a ffff b182 ffff     ........z.......
    8638:	b194 ffff b1aa ffff b1ce ffff b1f8 ffff     ................
    8648:	b218 ffff b220 ffff 6163 6373 6461 3a65     .... ...cascade:
    8658:	2720 7325 2027 6964 6173 6c62 6465 2820      '%s' disabled (
    8668:	6564 6570 646e 6e65 7963 2720 7325 2027     dependency '%s' 
    8678:	6166 6c69 6465 0029 6f62 7261 5f64 7264     failed).board_dr
    8688:	0076 0000 4146 4154 3a4c 2720 7325 2027     v...FATAL: '%s' 
    8698:	7270 626f 2065 6166 6c69 6465 e220 9480     probe failed ...
    86a8:	6920 696e 6974 7461 6e69 2067 6173 6566      initiating safe
    86b8:	7320 7568 6474 776f 006e 0000 4146 4154      shutdown...FATA
    86c8:	204c 6564 6976 6563 2720 7325 2027 7270     L device '%s' pr
    86d8:	626f 2065 6166 6c69 6465 0000 534f 4c41     obe failed..OSAL
    86e8:	505f 4e41 4349 0000 6f6e 2d6e 6166 6174     _PANIC..non-fata
    86f8:	206c 7270 626f 2065 6166 6c69 7275 2065     l probe failure 
    8708:	6f66 2072 2527 2773 0000 0000 7270 626f     for '%s'....prob
    8718:	6e69 2067 6c61 206c 6564 6976 6563 2073     ing all devices 
    8728:	7266 6d6f 6320 6d6f 6970 656c 742d 6d69     from compile-tim
    8738:	2065 5444 2053 6174 6c62 2065 2e2e 002e     e DTS table ....
    8748:	6b73 7069 7020 6f72 6562 203a 2527 2773     skip probe: '%s'
    8758:	2820 6964 6572 7463 0029 0000 6b73 7069      (direct)...skip
    8768:	2720 7325 3a27 6420 7065 6e65 6564 636e      '%s': dependenc
    8778:	2079 6570 6d72 6e61 6e65 6c74 2079 6e75     y permanently un
    8788:	7661 6961 616c 6c62 0065 0000 6f6e 6720     available...no g
    8798:	6e65 7265 7461 6465 7020 6f72 6562 6620     enerated probe f
    87a8:	726f 2720 7325 2027 6328 6d6f 6170 3d74     or '%s' (compat=
    87b8:	7325 0029 7270 626f 6e69 2067 2527 2773     %s).probing '%s'
    87c8:	2820 7325 2029 2e2e 002e 0000 6564 6976      (%s) ......devi
    87d8:	6563 6f5f 6570 206e 4146 4c49 4445 203a     ce_open FAILED: 
    87e8:	7325 2820 6572 3d74 6425 0029 4544 4546     %s (ret=%d).DEFE
    87f8:	2052 2527 2773 203a 6870 6e61 6c64 2065     R '%s': phandle 
    8808:	6564 6570 646e 6e65 7963 6e20 746f 7920     dependency not y
    8818:	7465 7020 6f72 6562 0064 0000 7270 626f     et probed...prob
    8828:	2065 4146 4c49 4445 203a 7325 2820 6572     e FAILED: %s (re
    8838:	3d74 6425 0029 0000 5045 4f52 4542 445f     t=%d)...EPROBE_D
    8848:	4645 5245 7320 6174 6c6c 203a 6425 6420     EFER stall: %d d
    8858:	7665 6369 7365 7320 7574 6b63 6120 7466     evices stuck aft
    8868:	7265 2520 2064 6170 7373 7365 0000 0000     er %d passes....
    8878:	4544 4546 2052 7473 6c61 3a6c 2720 7325     DEFER stall: '%s
    8888:	2027 6570 6d72 6e61 6e65 6c74 2079 6964     ' permanently di
    8898:	6173 6c62 6465 0000 6170 7373 2520 3a64     sabled..pass %d:
    88a8:	2520 2064 6564 6566 7272 6465 202c 6572      %d deferred, re
    88b8:	7274 6979 676e 2e20 2e2e 0000 7270 626f     trying .....prob
    88c8:	2065 6f63 706d 656c 6574 203a 6425 6f20     e complete: %d o
    88d8:	2c6b 2520 2064 6166 6c69 0000 6572 6f6d     k, %d fail..remo
    88e8:	6976 676e 6120 6c6c 6420 7665 6369 7365     ving all devices
    88f8:	2820 6572 6576 7372 2065 7270 626f 2065      (reverse probe 
    8908:	726f 6564 2972 2e20 2e2e 0000 6572 6f6d     order) .....remo
    8918:	6576 4620 4941 454c 3a44 2520 2073 7228     ve FAILED: %s (r
    8928:	7465 253d 2964 e220 9480 6b20 6565 6970     et=%d) ... keepi
    8938:	676e 4520 5252 524f 7320 6174 6574 0000     ng ERROR state..
    8948:	6377 2c68 6863 3233 3376 3730 6e2d 646f     wch,ch32v307-nod
    8958:	0065 0000 002f 0000 3d3d 203d 5250 444f     e.../...=== PROD
    8968:	4355 4954 4e4f 4c20 474f 4420 4d55 2050     UCTION LOG DUMP 
    8978:	7328 7574 2962 3d20 3d3d 0000 3d3d 203d     (stub) ===..=== 
    8988:	696d 696e 745f 6572 2065 6850 7361 2065     mini_tree Phase 
    8998:	3a31 5020 6572 4f2d 2053 6e49 7469 3d20     1: Pre-OS Init =
    89a8:	3d3d 0000 7953 4973 696e 0074 6f62 746f     ==..SysInit.boot
    89b8:	6f6c 706f 7020 6f72 6574 7463 6f69 206e     loop protection 
    89c8:	7274 6769 6567 6572 2064 80e2 2094 7973     triggered ... sy
    89d8:	7473 6d65 6820 6c61 6574 0064 6564 6976     stem halted.devi
    89e8:	6563 745f 6572 5f65 6e69 7469 6620 6961     ce_tree_init fai
    89f8:	656c 2064 6e28 6e6f 662d 7461 6c61 0029     led (non-fatal).
    8a08:	7645 6e65 4274 7375 6920 696e 2074 6166     EventBus init fa
    8a18:	6c69 6465 e220 9480 6520 746e 7265 6e69     iled ... enterin
    8a28:	2067 6173 6566 7320 6174 6574 0000 0000     g safe state....
    8a38:	7645 6e65 4274 7375 6920 696e 2074 6166     EventBus init fa
    8a48:	6c69 6465 0000 0000 3d3d 203d 696d 696e     iled....=== mini
    8a58:	745f 6572 2065 6850 7361 2065 2031 6f63     _tree Phase 1 co
    8a68:	706d 656c 6574 3d20 3d3d 0000 3d3d 203d     mplete ===..=== 
    8a78:	696d 696e 745f 6572 2065 6850 7361 2065     mini_tree Phase 
    8a88:	3a32 5320 6174 7472 5420 7361 736b 3d20     2: Start Tasks =
    8a98:	3d3d 0000 6f62 7261 5f64 7264 7669 7265     ==..board_driver
    8aa8:	705f 6f72 6562 615f 6c6c 203a 6425 6420     _probe_all: %d d
    8ab8:	7665 6369 2865 2973 6620 6961 656c 0064     evice(s) failed.
    8ac8:	3d3d 203d 696d 696e 745f 6572 2065 6850     === mini_tree Ph
    8ad8:	7361 2065 2032 6f63 706d 656c 6574 3d20     ase 2 complete =
    8ae8:	3d3d 0000 5749 4744 7320 6174 7472 6465     ==..IWDG started
    8af8:	202c 6974 656d 756f 3d74 7525 736d 0000     , timeout=%ums..
    8b08:	7953 5773 5444 0000 5749 4744 6520 7478     SysWDT..IWDG ext
    8b18:	6e65 6564 2064 6f74 6820 7261 7764 7261     ended to hardwar
    8b28:	2065 616d 2078 7e28 3233 3637 6d38 2973     e max (~32768ms)
    8b38:	6620 726f 4f20 4154 0000 0000 5749 4744      for OTA....IWDG
    8b48:	7220 7365 6f74 6572 2064 6f74 2520 6d75      restored to %um
    8b58:	0073 0000 7473 6361 206b 6f6d 696e 6f74     s...stack monito
    8b68:	3a72 6d20 7861 6520 746e 6972 7365 2820     r: max entries (
    8b78:	6425 2029 6572 6361 6568 0064 4146 4c49     %d) reached.FAIL
    8b88:	203a 6174 6b73 2720 7325 2027 7473 6361     : task '%s' stac
    8b98:	206b 766f 7265 6c66 776f 6465 2820 6d77     k overflowed (wm
    8ba8:	303d 2129 0000 0000 5453 4341 204b 5243     =0)!....STACK CR
    8bb8:	5449 4349 4c41 203a 2527 2773 7720 7461     ITICAL: '%s' wat
    8bc8:	7265 616d 6b72 2520 2075 7962 6574 2073     ermark %u bytes 
    8bd8:	203c 6c61 7261 206d 7525 0000 5453 4341     < alarm %u..STAC
    8be8:	204b 4157 4e52 203a 2527 2773 7720 7461     K WARN: '%s' wat
    8bf8:	7265 616d 6b72 2520 2075 7962 6574 2073     ermark %u bytes 
    8c08:	6128 616c 6d72 253d 2975 0000 5754 5444     (alarm=%u)..TWDT
    8c18:	7020 616c 6563 6f68 646c 7265 7320 6174      placeholder sta
    8c28:	7472 6465 0000 0000 4f42 544f 4f4c 504f     rted....BOOTLOOP
    8c38:	4420 5445 4345 4554 2044 203e 2035 80e2      DETECTED > 5 ..
    8c48:	2094 5953 5453 4d45 4620 4f52 455a 004e     . SYSTEM FROZEN.
    8c58:	6162 6572 656d 6174 006c 0000 6e28 6c75     baremetal...(nul
    8c68:	296c 0000 7264 0076 255b 5d73 0020 0000     l)..drv.[%s] ...
    8c78:	000a 0000 0a0d 465b 5441 4c41 4520 5252     ......[FATAL ERR
    8c88:	524f 205d 0000 0000 0a0d 0000 003f 0000     OR] ........?...
    8c98:	0a0d 315b 4620 4941 454c 5d44 2520 3a73     ..[1 FAILED] %s:
    8ca8:	6425 203a 0000 0000 6564 6976 6563 745f     %d: ....device_t
    8cb8:	6572 5f65 6e69 7469 203a 756d 6574 2078     ree_init: mutex 
    8cc8:	7263 6165 6574 6620 6961 656c 0064 0000     create failed...
    8cd8:	6564 6976 6563 745f 6572 5f65 6e69 7469     device_tree_init
    8ce8:	203a 756d 6574 2078 6f70 6c6f 3e20 3039     : mutex pool >90
    8cf8:	2525 7520 6573 2064 2528 2f64 6425 0a29     %% used (%d/%d).
    8d08:	0000 0000 6f62 7261 0064 0000 7665 6e65     ....board...even
    8d18:	2074 7571 7565 2065 7566 6c6c 202c 7264     t queue full, dr
    8d28:	706f 6570 3d64 7525 0000 0000 7645 6e65     opped=%u....Even
    8d38:	4274 7375 0000 0000 6146 6174 3a6c 4520     tBus....Fatal: E
    8d48:	6576 746e 7542 2073 6964 7073 7461 6863     ventBus dispatch
    8d58:	6c20 636f 206b 6974 656d 756f 2074 80e2      lock timeout ..
    8d68:	2094 6173 6566 7320 7568 6474 776f 006e     . safe shutdown.
    8d78:	7645 6e65 4274 7375 6d20 7475 7865 6420     EventBus mutex d
    8d88:	6165 6c64 636f 006b 6964 7073 7461 6863     eadlock.dispatch
    8d98:	7420 7361 206b 7865 7469 6e69 0067 0000      task exiting...
    8da8:	4146 4154 3a4c 6f20 6173 5f6c 7571 7565     FATAL: osal_queu
    8db8:	5f65 7263 6165 6574 6620 6961 656c 2064     e_create failed 
    8dc8:	80e2 2094 7665 6e65 2074 7562 2073 6e75     ... event bus un
    8dd8:	7375 6261 656c 0000 4146 4154 3a4c 6d20     usable..FATAL: m
    8de8:	7475 7865 6320 6572 7461 2065 6166 6c69     utex create fail
    8df8:	6465 0000 7665 6e65 2074 7562 2073 6e69     ed..event bus in
    8e08:	7469 6169 696c 657a 2c64 7120 6575 6575     itialized, queue
    8e18:	253d 2075 6c73 746f 0073 0000 6146 6174     =%u slots...Fata
    8e28:	3a6c 4520 6576 746e 7542 2073 7573 7362     l: EventBus subs
    8e38:	7263 6269 2065 6f6c 6b63 7420 6d69 6f65     cribe lock timeo
    8e48:	7475 2820 6f70 7373 6269 656c 6420 6165     ut (possible dea
    8e58:	6c64 636f 296b 0000 7665 5f74 7562 0073     dlock)..evt_bus.
    8e68:	6964 7073 7461 6863 7420 7361 206b 7263     dispatch task cr
    8e78:	6165 6574 6620 6961 656c 0064 6964 7073     eate failed.disp
    8e88:	7461 6863 7420 7361 206b 7473 7261 6574     atch task starte
    8e98:	2064 7270 6f69 2520 756c 0000 6964 7073     d prio %lu..disp
    8ea8:	7461 6863 7420 7361 206b 6964 2064 6f6e     atch task did no
    8eb8:	2074 7865 7469 202c 6f66 6372 2065 6564     t exit, force de
    8ec8:	656c 6974 676e 0000                         leting..

00008ed0 <__clz_tab>:
    8ed0:	0100 0202 0303 0303 0404 0404 0404 0404     ................
    8ee0:	0505 0505 0505 0505 0505 0505 0505 0505     ................
    8ef0:	0606 0606 0606 0606 0606 0606 0606 0606     ................
    8f00:	0606 0606 0606 0606 0606 0606 0606 0606     ................
    8f10:	0707 0707 0707 0707 0707 0707 0707 0707     ................
    8f20:	0707 0707 0707 0707 0707 0707 0707 0707     ................
    8f30:	0707 0707 0707 0707 0707 0707 0707 0707     ................
    8f40:	0707 0707 0707 0707 0707 0707 0707 0707     ................
    8f50:	0808 0808 0808 0808 0808 0808 0808 0808     ................
    8f60:	0808 0808 0808 0808 0808 0808 0808 0808     ................
    8f70:	0808 0808 0808 0808 0808 0808 0808 0808     ................
    8f80:	0808 0808 0808 0808 0808 0808 0808 0808     ................
    8f90:	0808 0808 0808 0808 0808 0808 0808 0808     ................
    8fa0:	0808 0808 0808 0808 0808 0808 0808 0808     ................
    8fb0:	0808 0808 0808 0808 0808 0808 0808 0808     ................
    8fc0:	0808 0808 0808 0808 0808 0808 0808 0808     ................

00008fd0 <__sf_fake_stderr>:
	...

00008ff0 <__sf_fake_stdout>:
	...

00009010 <__sf_fake_stdin>:
	...
    9030:	2d23 2b30 0020 0000 6c68 004c 6665 4567     #-0+ ...hlL.efgE
    9040:	4746 0000 3130 3332 3534 3736 3938 4241     FG..0123456789AB
    9050:	4443 4645 0000 0000 3130 3332 3534 3736     CDEF....01234567
    9060:	3938 6261 6463 6665 0000 0000 f29a ffff     89abcdef........
    9070:	f2b0 ffff f270 ffff f270 ffff f270 ffff     ....p...p...p...
    9080:	f270 ffff f2b0 ffff f270 ffff f270 ffff     p.......p...p...
    9090:	f270 ffff f270 ffff f416 ffff f318 ffff     p...p...........
    90a0:	f3ae ffff f270 ffff f270 ffff f446 ffff     ....p...p...F...
    90b0:	f270 ffff f318 ffff f270 ffff f270 ffff     p.......p...p...
    90c0:	f3b6 ffff                                   ....
